insName,jobCount,stageCount,timelimit,bestObj,obj_cp_lb1,obj_cp_lb2,obj_final,obj_init_dispatch,obj_post_dispatch1,obj_post_dispatch2,obj_repair,obj_suffix_probe_or_guard,obj_tau,time_cp_lb1,time_cp_lb2,time_final,time_init_dispatch,time_post_dispatch1,time_post_dispatch2,time_repair,time_suffix_probe_or_guard,time_tau,obj_0504_final,obj_0504_dispatch1,obj_0504_final_dispatch,obj_0504_cp_lb_best_obj,obj_0504_final_dispatch_or_final
3,40,15,1200,1495.0,1541.0,1541.0,1495.0,1568.0,1541.0,1541.0,1541.0,1519.0,1541.0,0.19111463255171354,0.33330850781640037,2.0001895672882286,0.023566435909985254,0.2530541101680137,0.40086123993154615,0.1909318750646586,0.6828924908031089,0.18743322916173685,1490.0,1546.0,1546.0,1498.0,1546.0
4,40,20,1600,1922.0,1979.0,1979.0,1922.0,2072.0,1979.0,1979.0,1979.0,1954.0,1980.0,0.2859142485435586,0.4537569818535121,2.000144765613368,0.02967117751366459,0.3735401435021777,0.544365709295962,0.2056720214470988,0.9120704150025267,0.20151120313850698,1920.0,2065.0,2065.0,1829.0,2065.0
28,40,20,1600,1900.0,1956.0,1956.0,1900.0,2040.0,1956.0,1956.0,1956.0,1940.0,1956.0,0.2833455619891174,0.4500015170831466,2.000161976935924,0.02992330865934491,0.3697939452418359,0.5414981609780807,0.20315431848692242,0.8659155006794026,0.20027155017713086,1907.0,2040.0,2040.0,1823.0,2040.0
51,40,15,1200,1611.0,1656.0,1656.0,1611.0,1734.0,1656.0,1656.0,1656.0,1641.0,1656.0,0.2731361048637579,0.4207552887398439,2.0001969130601114,0.024973848071725417,0.340475609540008,0.489463571915403,0.19290436141658573,0.8529156421869993,0.19145599829033016,1603.0,1690.0,1690.0,1559.0,1690.0
35,120,15,3600,3307.0,3474.0,3474.0,3307.0,3552.0,3474.0,3433.0,3474.0,3348.0,3475.0,0.2920275974928194,0.4604192709115644,2.0001341900555416,0.025862668454388362,0.38021719086992867,0.5597051446799499,0.21183675658992596,1.3102799377142866,0.20452256674257419,3344.0,3450.0,3450.0,3278.0,3450.0
11,120,15,3600,3257.0,3411.0,3366.0,3257.0,3460.0,3366.0,3356.0,3411.0,3258.0,3415.0,0.28731567613211356,0.45327982617542145,2.0001285621259983,0.02575012165380435,0.3731088712576052,0.5410519751231186,0.20712742641387094,1.1898506460755338,0.1990680231487689,3255.0,3410.0,3424.0,3318.0,3424.0
54,80,10,1600,1816.0,1893.0,1893.0,1816.0,1915.0,1893.0,1893.0,1893.0,1851.0,1894.0,0.2721192113048164,0.42365979099588,2.000160811565584,0.021302293864428067,0.34337900776357855,0.4859359662630595,0.19191380025469698,1.0075529187644134,0.18526379840215668,1810.0,1884.0,1884.0,1858.0,1884.0
73,40,5,400,851.0,855.0,855.0,851.0,884.0,855.0,855.0,865.0,854.0,865.0,0.2503671670006588,0.3764115011645481,2.0003059943253176,0.01617887064581737,0.2959236551448703,0.38465129763120787,0.1699483148311265,0.688802096741274,0.16758916173595936,850.0,869.0,869.0,868.0,869.0
36,120,20,4800,3590.0,3671.0,3671.0,3590.0,3710.0,3671.0,3671.0,3671.0,3641.0,3671.0,0.3120293316662234,0.5079873565710538,2.0001597835998592,0.03546525227779057,0.4278077821412201,0.6286154735020439,0.23176750664036566,1.3556013090953154,0.22243120357898685,3573.0,3706.0,3709.0,3531.0,3709.0
16,160,20,6400,4489.0,4607.0,4607.0,4489.0,4642.0,4607.0,4591.0,4607.0,4515.0,4607.0,0.3295629564237606,0.556864818482427,2.000106753726868,0.03945408927407698,0.47668651599771694,0.7032451173958543,0.24936328170428168,1.5613013473452884,0.24248965402090106,4457.0,4574.0,4574.0,4439.0,4574.0
39,160,15,4800,4138.0,4273.0,4244.0,4138.0,4286.0,4244.0,4223.0,4273.0,4194.0,4274.0,0.32448699458502234,0.5072904361149995,2.000157698728338,0.03345057478698436,0.4270846852567047,0.620891440117072,0.24427213289542124,1.4835265658803594,0.22067386624131663,4157.0,4261.0,4267.0,4136.0,4267.0
76,40,20,1600,1587.0,1612.0,1612.0,1587.0,1708.0,1612.0,1612.0,1612.0,1594.0,1612.0,0.2973378853936447,0.4683915204799268,2.000137526956969,0.03444966748473235,0.3881797305273358,0.5629363274236675,0.21713295061839744,0.8630099809536478,0.21450722315697932,1579.0,1676.0,1686.0,1520.0,1686.0
56,80,20,3200,2754.0,2821.0,2821.0,2754.0,2928.0,2821.0,2821.0,2821.0,2799.0,2826.0,0.3101765107415849,0.5038718194252578,2.000122526695195,0.034134604129649235,0.42365311352536084,0.6223988895872026,0.22996704123332165,1.2479254348546964,0.21670262697036377,2721.0,2880.0,2880.0,2626.0,2880.0
78,80,10,1600,1653.0,1695.0,1695.0,1653.0,1746.0,1695.0,1695.0,1695.0,1677.0,1697.0,0.2725312549486989,0.41089574141136836,2.0001336584601086,0.01952466792368796,0.33064400926989035,0.47326263072900476,0.19232110994984397,1.0549404591077474,0.18462876183097252,1669.0,1738.0,1738.0,1699.0,1738.0
98,40,10,800,1315.0,1349.0,1349.0,1315.0,1402.0,1349.0,1349.0,1349.0,1332.0,1351.0,0.25829459523782133,0.38277488792547953,2.0001854377286508,0.018705671071074903,0.30240038078278303,0.434036726555787,0.17800335796549915,0.7395771883509588,0.17547931619803422,1309.0,1367.0,1367.0,1307.0,1367.0
99,40,15,1200,1318.0,1362.0,1362.0,1318.0,1413.0,1362.0,1362.0,1362.0,1339.0,1363.0,0.2704372103931382,0.41555801551478605,2.0001837304071524,0.023715431309926014,0.33537797004993386,0.4812526151918185,0.190219838557144,0.79037212280867,0.18572929052868858,1320.0,1395.0,1400.0,1285.0,1400.0
100,40,20,1600,1608.0,1680.0,1680.0,1608.0,1726.0,1680.0,1680.0,1680.0,1652.0,1683.0,0.2868445857346524,0.4558528404624667,2.0001447818387534,0.030137527088518256,0.3756439649546519,0.5575536956387804,0.2066658128495328,0.9244744252657984,0.2027170673722867,1617.0,1710.0,1710.0,1533.0,1710.0
84,120,20,4800,3607.0,3779.0,3764.0,3607.0,3780.0,3764.0,3759.0,3779.0,3637.0,3780.0,0.31156147603682866,0.5088285990639512,2.000186355310143,0.03337068334183035,0.42855971316806973,0.6189042866639405,0.23140544507303276,1.3783738263964187,0.2177086580476801,3600.0,3744.0,3744.0,3523.0,3744.0
87,160,15,4800,4206.0,4338.0,4338.0,4206.0,4344.0,4338.0,4320.0,4338.0,4229.0,4338.0,0.3062140640624178,0.4917731098207878,2.000165698370353,0.02983773864863906,0.4115874372870894,0.606275782022082,0.22597048455577654,1.5196618830633815,0.21534057859331368,4285.0,4336.0,4346.0,4190.0,4346.0
103,80,15,2400,2115.0,2169.0,2169.0,2115.0,2242.0,2169.0,2169.0,2169.0,2133.0,2169.0,0.28758204405545257,0.45438075201469474,2.000161909040762,0.026632657865605626,0.3740487284508223,0.5368603671054977,0.20736912283386724,1.1621552622814972,0.20489064051304012,2118.0,2210.0,2232.0,2096.0,2232.0
68,200,20,8000,5403.0,5455.0,5455.0,5403.0,5455.0,5455.0,5455.0,5455.0,5431.0,5455.0,0.3445972261532443,0.572944860780728,2.000117312125978,0.04454822238348424,0.4927680966956541,0.7206550997974118,0.26443910907325335,1.6482934717584867,0.25655717207246925,5392.0,5436.0,5436.0,5274.0,5436.0
107,120,15,3600,3301.0,3429.0,3412.0,3301.0,3446.0,3412.0,3412.0,3429.0,3310.0,3430.0,0.29973728252678283,0.4666472122562118,2.000131917878882,0.02765802140890931,0.38641925115836784,0.5584875692160697,0.21950646460340875,1.3854169603067243,0.20775232309346192,3320.0,3417.0,3417.0,3329.0,3417.0
123,40,15,1200,1218.0,1269.0,1269.0,1218.0,1331.0,1269.0,1269.0,1269.0,1235.0,1269.0,0.27424333930558836,0.42721488387091083,2.000133152930842,0.02461290776419143,0.34693827137583866,0.49982771518252167,0.19402825692125286,0.9605284816306084,0.19191838101794323,1218.0,1319.0,1319.0,1191.0,1319.0
108,120,20,4800,3612.0,3802.0,3798.0,3612.0,3828.0,3798.0,3798.0,3802.0,3658.0,3802.0,0.31364593996084295,0.5082445269116821,2.000123130439509,0.03363392431366568,0.42806619317115596,0.625199049920387,0.23346766781120096,1.3385885464506766,0.22106895018776412,3620.0,3770.0,3784.0,3567.0,3784.0
111,160,15,4800,3540.0,3661.0,3645.0,3540.0,3675.0,3645.0,3618.0,3661.0,3568.0,3661.0,0.3097691261655806,0.5050340544110319,2.000119949327782,0.03057497047353536,0.4247852294123732,0.6078103871818166,0.22953848272270988,1.4555316665314604,0.2161716514697764,3532.0,3608.0,3608.0,3528.0,3608.0
96,240,20,9600,6165.0,6283.0,6223.0,6165.0,6284.0,6223.0,6223.0,6283.0,6186.0,6283.0,0.35540302854535794,0.5955732571120219,2.0001523770958496,0.044556103265204004,0.5154147913335085,0.7549322687103995,0.2752312973908071,1.7501772449787434,0.2662195179583311,6126.0,6266.0,6273.0,6145.0,6273.0
131,120,15,3600,3263.0,3407.0,3396.0,3263.0,3453.0,3396.0,3382.0,3407.0,3303.0,3407.0,0.2967074054187267,0.4658025842936089,2.0001708117236072,0.02749764751435982,0.3855749649898563,0.5545659184592983,0.21655288495045777,1.2731626329247632,0.20773667432755852,3302.0,3396.0,3396.0,3367.0,3396.0
135,160,15,4800,3442.0,3565.0,3550.0,3442.0,3573.0,3550.0,3548.0,3565.0,3476.0,3567.0,0.3054527608373125,0.49675992504014477,2.000117273403642,0.03206657300528604,0.4165632301594208,0.6247597495877805,0.2252489524973013,1.4711485084460583,0.2191697276439906,3468.0,3540.0,3555.0,3478.0,3555.0
152,80,20,3200,2401.0,2498.0,2498.0,2401.0,2579.0,2498.0,2498.0,2498.0,2452.0,2502.0,0.30092846630490383,0.492766385822033,2.000124808544351,0.032606722047494256,0.41260287647572114,0.6029366532393032,0.22069194158451866,1.1473042995663127,0.21114039911451982,2405.0,2518.0,2518.0,2345.0,2518.0
120,240,20,9600,6147.0,6382.0,6382.0,6147.0,6401.0,6382.0,6369.0,6382.0,6152.0,6382.0,0.354310283260905,0.591146389170317,2.000113089719089,0.045197172080127836,0.5109943657846695,0.7508883267875839,0.2740632891767503,1.7501723482870148,0.26421749805798755,6249.0,6361.0,6361.0,6202.0,6361.0
156,120,20,4800,2997.0,3126.0,3126.0,2997.0,3128.0,3126.0,3100.0,3126.0,3023.0,3128.0,0.3155648673137572,0.516370133041249,2.000130191005301,0.03428899970293666,0.436206590954486,0.6383730987628223,0.23535961389619237,1.391337976315796,0.21999879732533978,3004.0,3098.0,3098.0,2967.0,3098.0
159,160,15,4800,4240.0,4378.0,4332.0,4240.0,4378.0,4332.0,4296.0,4378.0,4254.0,4378.0,0.31253872793982734,0.5043106038903352,2.000127643176238,0.0337617756370067,0.4241190626532383,0.6136120679128605,0.23234034750746407,1.458059833831503,0.21802661054457229,4247.0,4319.0,4319.0,4205.0,4319.0
172,40,20,1600,1661.0,1714.0,1714.0,1661.0,1796.0,1714.0,1714.0,1714.0,1684.0,1718.0,0.2814928962738486,0.44737170717155095,2.000172562180087,0.027964066099957562,0.3671667881042231,0.5341541406104807,0.20133236249152106,0.9564031681028428,0.1979164048988605,1688.0,1796.0,1796.0,1638.0,1796.0
160,160,20,6400,3759.0,3872.0,3860.0,3759.0,3872.0,3860.0,3860.0,3872.0,3786.0,3872.0,0.2699947395711206,0.49231360270336155,2.0001416798512217,0.03941420387986,0.41209183868122634,0.6329053707749699,0.2430528940174554,1.433679981915775,0.2361744036183518,3744.0,3852.0,3852.0,3734.0,3852.0
198,80,10,1600,1651.0,1760.0,1722.0,1651.0,1778.0,1722.0,1707.0,1760.0,1667.0,1760.0,0.26992916700139175,0.41272920226852877,2.000112138343975,0.02023677368881181,0.33239106135617474,0.4867428997263778,0.1897220736159943,1.2019280524301577,0.18358585181471426,1663.0,1730.0,1734.0,1666.0,1734.0
140,200,20,8000,4467.0,4600.0,4582.0,4467.0,4623.0,4582.0,4582.0,4600.0,4477.0,4600.0,0.35978602910868357,0.5930876333531924,2.0001738531641893,0.04222904292738531,0.5128949140236946,0.7499410005821846,0.2796088167511625,1.750306749518146,0.25408239289186896,4434.0,4557.0,4557.0,4380.0,4557.0
176,80,20,3200,2405.0,2480.0,2480.0,2405.0,2518.0,2480.0,2480.0,2480.0,2418.0,2483.0,0.3074787050441955,0.4972791191734723,2.0001318019279277,0.03251300999399973,0.4171043870077119,0.6032641721109394,0.22727279708720743,1.1679295443327282,0.2154862710108864,2403.0,2501.0,2517.0,2366.0,2517.0
218,40,10,800,1365.0,1403.0,1403.0,1365.0,1457.0,1403.0,1403.0,1403.0,1389.0,1404.0,0.2589381969394162,0.3836596568895038,2.000184729541652,0.01793679428170435,0.3033202967152465,0.4335929084394593,0.17868971617193893,0.8516685876320116,0.17508500323980114,1367.0,1442.0,1442.0,1351.0,1442.0
220,40,20,1600,1557.0,1618.0,1618.0,1557.0,1711.0,1618.0,1618.0,1618.0,1575.0,1627.0,0.27820011018251534,0.445904015909764,2.0001515444612594,0.026644386658445,0.3656768208561698,0.5282613558886805,0.19800656295148655,0.9404895248048706,0.19441872430616058,1536.0,1661.0,1661.0,1428.0,1661.0
164,200,20,8000,4293.0,4492.0,4437.0,4293.0,4494.0,4437.0,4437.0,4492.0,4300.0,4492.0,0.3407642941570375,0.5777444076050305,2.0001302260837983,0.04365126991586294,0.4975633248068625,0.7360586014548317,0.2605220527362544,1.6542787435622885,0.2517795584357809,4349.0,4448.0,4448.0,4318.0,4448.0
200,80,20,3200,2377.0,2451.0,2451.0,2377.0,2509.0,2451.0,2451.0,2451.0,2415.0,2455.0,0.2996685911534587,0.4823914581848658,2.000121298088052,0.032309956350363794,0.4022433622166864,0.5863828920698143,0.21947144380857936,1.2719679914985318,0.2142462032471667,2367.0,2504.0,2514.0,2377.0,2514.0
203,120,15,3600,3275.0,3398.0,3395.0,3275.0,3398.0,3395.0,3377.0,3398.0,3321.0,3398.0,0.2947471115595868,0.4586871115017372,2.000194507233488,0.02593704405007884,0.37845668497572965,0.5444387088933339,0.21448523466397698,1.3191647950001062,0.20371848076271515,3305.0,3361.0,3361.0,3306.0,3361.0
222,80,10,1600,2156.0,2217.0,2210.0,2156.0,2262.0,2210.0,2210.0,2217.0,2179.0,2219.0,0.278823256358155,0.422868469512905,2.0001286803232508,0.021568782087997534,0.34261849023343527,0.4907173635531217,0.19855905534583143,1.021108452725457,0.19165286294941325,2139.0,2207.0,2207.0,2165.0,2207.0
207,160,15,4800,4174.0,4305.0,4291.0,4174.0,4305.0,4291.0,4251.0,4305.0,4187.0,4305.0,0.3036562835167084,0.4812399989929205,2.0001453771638142,0.030210037361248398,0.4010655016459835,0.5969606698401427,0.22345753571173796,1.4721774515579455,0.2178978092900555,4209.0,4267.0,4267.0,4166.0,4267.0
223,80,15,2400,2284.0,2429.0,2429.0,2284.0,2458.0,2429.0,2423.0,2429.0,2324.0,2433.0,0.23610973428896007,0.3984248611183527,2.000140267329989,0.024954746360890567,0.3182558294649546,0.4762974273056413,0.20300960667586576,1.0663851432381974,0.19607811777153983,2306.0,2400.0,2400.0,2270.0,2400.0
227,120,15,3600,3275.0,3385.0,3379.0,3275.0,3449.0,3379.0,3379.0,3385.0,3309.0,3386.0,0.3010305608247614,0.47306007661080607,2.0001249360580307,0.027343034963640902,0.3928613500881733,0.5641265181030354,0.22080487637133855,1.3843043638830488,0.20868351593975806,3334.0,3420.0,3420.0,3318.0,3420.0
192,240,20,9600,6223.0,6344.0,6318.0,6223.0,6407.0,6318.0,6292.0,6344.0,6261.0,6344.0,0.3615925188881617,0.6218282963470362,2.0001617102337574,0.047353113361653716,0.5416725596529431,0.7997333460191537,0.28144103087475136,1.7501253036403797,0.2635662147501716,6222.0,6340.0,6340.0,6246.0,6340.0
231,160,15,4800,4157.0,4271.0,4258.0,4157.0,4317.0,4258.0,4250.0,4271.0,4196.0,4271.0,0.3107689007457035,0.5009319568407955,2.000129922705625,0.03474710472743027,0.42076657837528425,0.608024963705296,0.23058597581189436,1.4943875881206865,0.22052990502852482,4177.0,4230.0,4244.0,4135.0,4244.0
232,160,20,6400,4263.0,4414.0,4385.0,4263.0,4414.0,4385.0,4385.0,4414.0,4311.0,4414.0,0.3477254658541642,0.5684266439861676,2.0001204999552282,0.041101851378334685,0.4881678685673978,0.7031470195826841,0.2675740928185405,1.4981213691191806,0.23766800051482279,4281.0,4385.0,4385.0,4173.0,4385.0
235,200,15,6000,5022.0,5150.0,5113.0,5022.0,5153.0,5113.0,5102.0,5150.0,5057.0,5150.0,0.314256623862156,0.5090287287700921,2.0001107410251473,0.0329259107861047,0.42883662128603706,0.6259360359117079,0.234077197548002,1.646326779507411,0.22626841981740048,5015.0,5084.0,5084.0,5002.0,5084.0
1,40,5,400,976.0,976.0,976.0,976.0,980.0,976.0,976.0,977.0,976.0,977.0,0.047443922378588466,0.04744441000744701,0.04744502482702956,0.013126979942899197,0.04744423334253952,0.04744456604355946,0.04415029643801972,0.047444874302018436,0.04158275640336797,976.0,976.0,976.0,978.0,976.0
5,80,5,800,1974.0,1974.0,1974.0,1974.0,1976.0,1974.0,1974.0,1974.0,1974.0,1976.0,0.05243906824151054,0.0524392881966196,0.05243963448912837,0.012192178899422288,0.05243919610977173,0.05243937545223162,0.05243891714140773,0.05243953358964063,0.044759065484395254,1974.0,,,,1974.0
2,40,10,800,1292.0,1301.0,1293.0,1293.0,1315.0,1293.0,1293.0,1301.0,1293.0,1304.0,0.059498670282773676,0.09136478743283077,0.22642749838996679,0.01792634593322873,0.0910955350426957,0.1130613582301885,0.057178135227877645,0.22642736541572958,0.05223867900553159,1292.0,1292.0,1292.0,1292.0,1292.0
9,120,5,1200,2818.0,2819.0,2819.0,2819.0,2824.0,2819.0,2819.0,2821.0,2819.0,2821.0,0.2540380210817481,0.39892114254490785,0.6947593992164669,0.012278518528522303,0.31863541909183063,0.4241302523862881,0.17374666668629896,0.6947593008362067,0.16475373480468988,2819.0,2820.0,2820.0,2820.0,2820.0
13,160,5,1600,4141.0,4141.0,4141.0,4141.0,4141.0,4141.0,4141.0,4141.0,4141.0,4141.0,0.014755670060985722,0.014755757078528404,0.014755909418454394,0.014755512112169527,0.014755711696925572,0.014755796199897303,0.01475562688370701,0.014755873152171261,0.0147555808769539,4141.0,,,,4141.0
7,80,15,2400,2333.0,2351.0,2351.0,2336.0,2360.0,2351.0,2351.0,2351.0,2336.0,2359.0,0.16114145771755525,0.3195072399134127,0.8802255026790469,0.025243579902453347,0.23928806620145526,0.40176521459089903,0.08092411278320166,0.8802254513026371,0.07333673417995062,2333.0,2347.0,2359.0,2333.0,2359.0
6,80,10,1600,2189.0,2260.0,2260.0,2189.0,2297.0,2260.0,2260.0,2260.0,2234.0,2260.0,0.26485676543903536,0.40163492351886815,2.0001655592111636,0.017892060602898708,0.321416965102544,0.4649517635302618,0.18464314293232748,1.0535248126339867,0.17986416572413874,2182.0,2265.0,2265.0,2188.0,2265.0
17,200,5,2000,5020.0,5026.0,5020.0,5020.0,5027.0,5021.0,5020.0,5027.0,5020.0,5027.0,0.2804431032254361,0.3812325566946529,0.3812327268896624,0.01583672223147005,0.34837356594437735,0.3812326140203513,0.20016468569030985,0.3812326904046349,0.18975152457365765,5020.0,5023.0,5023.0,5023.0,5023.0
10,120,10,2400,3127.0,3136.0,3133.0,3127.0,3137.0,3133.0,3133.0,3136.0,3131.0,3137.0,0.2683299585528827,0.41242794204697325,2.0001354156042606,0.018376783192701016,0.3321753898243575,0.4619248367461842,0.18811119358676176,1.1158012922635923,0.1800914997017632,3124.0,3131.0,3131.0,3129.0,3131.0
8,80,20,3200,2394.0,2471.0,2471.0,2394.0,2527.0,2471.0,2471.0,2471.0,2416.0,2472.0,0.3085512650985038,0.4980926795396954,2.0001172515033976,0.03228050562960561,0.417915877821506,0.6112277938504121,0.22838265423954,1.287164047540282,0.21665760968462563,2402.0,2499.0,2518.0,2350.0,2518.0
14,160,10,3200,4270.0,4278.0,4278.0,4270.0,4302.0,4278.0,4278.0,4278.0,4270.0,4278.0,0.2046808252716437,0.3284786173116299,2.000166691282357,0.023257292237249202,0.24829785291338338,0.44260833260166693,0.2044026527015376,1.2431306372821564,0.19732619598216844,4270.0,4288.0,4288.0,4271.0,4288.0
12,120,20,4800,3648.0,3681.0,3681.0,3648.0,3704.0,3681.0,3681.0,3681.0,3656.0,3681.0,0.23466417976286416,0.40862799557915425,2.000181381641693,0.037055013766512275,0.3284258091507945,0.5444428072041289,0.2344864521503526,1.18251134046237,0.22251453504820043,3640.0,3696.0,3696.0,3646.0,3696.0
15,160,15,4800,4187.0,4295.0,4295.0,4187.0,4313.0,4295.0,4295.0,4295.0,4232.0,4295.0,0.31323748496826737,0.49974670782956915,2.000138192535378,0.03038194602277751,0.4195465284079546,0.6091446349436107,0.23304614280408714,1.435914674825035,0.21710927255878534,4179.0,4301.0,4309.0,4189.0,4309.0
18,200,10,4000,5534.0,5537.0,5537.0,5534.0,5550.0,5537.0,5536.0,5537.0,5536.0,5537.0,0.2199527950254269,0.3317039868424181,2.00012966465042,0.02431496141431853,0.2514950913924258,0.45092921262187885,0.2197216092487797,0.9796275552113075,0.209849262411939,5534.0,5542.0,5542.0,5541.0,5542.0
21,240,5,2400,6347.0,6347.0,6347.0,6347.0,6354.0,6347.0,6347.0,6354.0,6347.0,6354.0,0.16377220565569586,0.4304429556281927,2.0002069031866268,0.018543698207164803,0.35007208339249096,0.4715573738872384,0.08353418084482352,1.1292976944656887,0.07040643797062027,6347.0,6347.0,6347.0,6347.0,6347.0
25,40,5,400,978.0,978.0,978.0,978.0,989.0,978.0,978.0,981.0,978.0,981.0,0.08411631273105741,0.08411673947004601,0.08411736095091328,0.01339587320573628,0.08411655915202573,0.08411688879597932,0.04169971249531954,0.08411720146192238,0.04049750060541555,978.0,981.0,981.0,980.0,981.0
26,40,10,800,1294.0,1319.0,1319.0,1294.0,1333.0,1319.0,1318.0,1319.0,1302.0,1322.0,0.17732499519945122,0.3016153863549698,2.000233150314307,0.01800557862734422,0.22093424939434045,0.3557735179469455,0.17702985422685744,0.6618020398821681,0.17443256540922447,1294.0,1305.0,1305.0,1293.0,1305.0
22,240,10,4800,6233.0,6235.0,6235.0,6233.0,6235.0,6235.0,6235.0,6235.0,6235.0,6235.0,0.22851240969204809,0.36201395002620607,1.0707641296750323,0.027618015629122965,0.2817902395656953,0.4094426532332242,0.22823574419831857,1.070583200005737,0.21559761648163356,6233.0,6234.0,6244.0,6234.0,6244.0
29,80,5,800,2098.0,2098.0,2098.0,2098.0,2104.0,2098.0,2098.0,2100.0,2098.0,2100.0,0.06747120918589644,0.06747144481400028,0.06747177050332538,0.013153077523456886,0.06747134656645358,0.0674715323210694,0.05174675448099151,0.06747169271111489,0.04558006083592772,2098.0,2098.0,2098.0,2098.0,2098.0
27,40,15,1200,1585.0,1608.0,1608.0,1585.0,1683.0,1608.0,1608.0,1608.0,1591.0,1608.0,0.27728416507520404,0.42627609028403335,2.0001711740352524,0.026830112315559138,0.346017341928867,0.49485063946728286,0.19694437745182464,0.7920485547922241,0.19404790939375138,1572.0,1658.0,1658.0,1549.0,1658.0
23,240,15,7200,6506.0,6517.0,6506.0,6506.0,6530.0,6506.0,6506.0,6517.0,6506.0,6517.0,0.28112787735726064,0.6179210198561972,0.6179210564611842,0.03876804348999738,0.6179210004773146,0.6179210304972043,0.2527512956294231,0.6179210480403465,0.23924882614674667,6506.0,6508.0,6508.0,6506.0,6508.0
19,200,15,6000,5178.0,5198.0,5198.0,5178.0,5237.0,5198.0,5198.0,5198.0,5184.0,5198.0,0.255440329225113,0.41683498686381304,2.0002208046851058,0.03329643950316434,0.3366704456601292,0.5310792126830978,0.25519972762279214,1.4528312366218306,0.23410758358146996,5187.0,5221.0,5221.0,5177.0,5221.0
33,120,5,1200,3051.0,3051.0,3051.0,3051.0,3052.0,3051.0,3051.0,3052.0,3051.0,3052.0,0.2163692502429088,0.21636941101790094,0.2163696470716968,0.012413780604644369,0.21636935024289414,0.21636946504935622,0.18084820801004148,0.21636958320935568,0.17164393946450823,3051.0,3052.0,3052.0,3052.0,3052.0
31,80,15,2400,2328.0,2354.0,2342.0,2332.0,2354.0,2342.0,2332.0,2354.0,2332.0,2354.0,0.07778680421916458,0.1425851563352626,0.4527806350061049,0.025415976906660944,0.14063088374522825,0.2325200759875588,0.07750636534842972,0.4527805926010478,0.07314956814943192,2328.0,2333.0,2333.0,2328.0,2333.0
30,80,10,1600,2047.0,2146.0,2146.0,2047.0,2172.0,2146.0,2123.0,2146.0,2074.0,2148.0,0.2752066059061326,0.4103687776695006,2.0001131719182013,0.019393151639960707,0.3301244274998317,0.4659404499497032,0.19495482382830231,1.1907750730973203,0.18676102741854264,2053.0,2134.0,2162.0,2070.0,2162.0
37,160,5,1600,3941.0,3942.0,3942.0,3942.0,3942.0,3942.0,3942.0,3942.0,3942.0,3942.0,0.27396164495265113,0.38907852642878427,0.8109440415300196,0.014459949500160291,0.30883485279395245,0.4241322335798759,0.19365848957619164,0.8109439493663376,0.1792172494326951,3941.0,3942.0,3942.0,3942.0,3942.0
34,120,10,2400,2955.0,2977.0,2977.0,2955.0,2978.0,2977.0,2977.0,2977.0,2955.0,2978.0,0.20155904209551712,0.3297527256064738,2.000166498438921,0.02029972422130716,0.24949971459146278,0.3906006381641297,0.20123349398879023,0.9997017492315111,0.1839860373114546,2971.0,2977.0,2977.0,2970.0,2977.0
41,200,5,2000,5010.0,5010.0,5010.0,5010.0,5017.0,5010.0,5010.0,5017.0,5010.0,5017.0,0.22280433153733611,0.2228044255883433,0.22280455738538876,0.01787653319258243,0.22280438959458843,0.22280445989966394,0.19970605321321636,0.2228045271304436,0.18945487949438394,5010.0,5010.0,5010.0,5010.0,5010.0
20,200,20,8000,5599.0,5618.0,5618.0,5599.0,5639.0,5618.0,5618.0,5618.0,5599.0,5618.0,0.27745322974037845,0.4523533229330787,2.0001129206456243,0.044293058149167334,0.37219736649282276,0.6421139921369031,0.2772590182449203,1.5545736465920927,0.25677532018860805,5610.0,5638.0,5652.0,5608.0,5652.0
32,80,20,3200,2472.0,2508.0,2508.0,2472.0,2540.0,2508.0,2508.0,2508.0,2488.0,2511.0,0.2209920637262985,0.41494035091251136,2.0001504830113843,0.03263858380960301,0.3347680395207135,0.5349560093320906,0.22054987880634144,1.0637269681194448,0.21183659716509282,2470.0,2506.0,2511.0,2461.0,2511.0
43,200,15,6000,5253.0,5253.0,5253.0,5253.0,5267.0,5253.0,5253.0,5253.0,5253.0,5253.0,0.22291634940433627,0.22291637148428708,0.2229164105729821,0.032471808576025066,0.22291636101870488,0.222916381398992,0.22291633779369294,0.22291640076165398,0.22291631819090496,5254.0,5263.0,5263.0,5256.0,5263.0
45,240,5,2400,5964.0,5964.0,5964.0,5964.0,5964.0,5964.0,5964.0,5964.0,5964.0,5964.0,0.017047910638308773,0.01704797282310513,0.017048082454906157,0.017047804963076486,0.017047945690574124,0.01704800558082449,0.017047883372288197,0.017048056056567777,0.01704785261807653,5964.0,,,,5964.0
38,160,10,3200,3901.0,3909.0,3906.0,3901.0,3909.0,3906.0,3906.0,3909.0,3906.0,3909.0,0.3045836864307057,0.40232891220686723,2.00015362944745,0.02222099575563334,0.32213568341423526,0.43517714062618323,0.22437513769691578,0.9223439648575732,0.1934303262087633,3901.0,3906.0,3907.0,3903.0,3907.0
47,240,15,7200,6425.0,6425.0,6425.0,6425.0,6437.0,6425.0,6425.0,6425.0,6425.0,6425.0,0.23780048756989547,0.23780050719105122,0.23780054374856668,0.035431751547665855,0.2378004974877048,0.2378005165049237,0.23780047664522297,0.23780053468770349,0.23780045503245978,6425.0,6428.0,6428.0,6425.0,6428.0
46,240,10,4800,6096.0,6100.0,6098.0,6096.0,6100.0,6098.0,6098.0,6100.0,6096.0,6100.0,0.1836869589848599,0.31406752321325865,0.9477246420215427,0.025857459068259536,0.2338627454562811,0.33267064470952995,0.10352897492373207,0.9477246146350323,0.09083012905030045,6098.0,6099.0,6100.0,6098.0,6100.0
49,40,5,400,875.0,892.0,883.0,875.0,945.0,892.0,883.0,895.0,881.0,895.0,0.24407968622865156,0.3435179580538534,2.0003556873090567,0.012359538674354553,0.26301978109404445,0.3746579591976479,0.16371358635369687,0.6509183067642152,0.1617624528030865,878.0,903.0,904.0,895.0,904.0
42,200,10,4000,4944.0,4950.0,4944.0,4944.0,4953.0,4944.0,4944.0,4950.0,4944.0,4950.0,0.30390767566510474,0.5572647666055709,2.0001148983601014,0.02394689801009372,0.4770065265335143,0.5999664736955892,0.2237220474795904,1.2226553321939428,0.2040187240834348,4943.0,4949.0,4949.0,4944.0,4949.0
50,40,10,800,1184.0,1201.0,1201.0,1184.0,1222.0,1201.0,1201.0,1201.0,1189.0,1201.0,0.10613052389933728,0.17124918950838036,2.000230380346766,0.018392413766123356,0.16295608582906426,0.22317443846608512,0.05564037410658784,0.5275887616467663,0.0545383270282764,1179.0,1217.0,1222.0,1176.0,1222.0
53,80,5,800,2071.0,2071.0,2071.0,2071.0,2074.0,2071.0,2071.0,2074.0,2071.0,2074.0,0.0917220802407246,0.09172232305281795,0.09172267232788726,0.012802554400404915,0.09172222090070135,0.09172241316293367,0.04687733569997363,0.09172258985228837,0.04378175358055159,2071.0,2071.0,2071.0,2071.0,2071.0
24,240,20,9600,6144.0,6275.0,6240.0,6144.0,6340.0,6240.0,6198.0,6275.0,6177.0,6275.0,0.36224567968660265,0.5914689974924355,2.000273562087483,0.04584463078286111,0.51133007261126,0.7413175357420307,0.28211097220890224,1.750292545457002,0.2661051492590923,6168.0,6243.0,6247.0,6112.0,6247.0
40,160,20,6400,3764.0,3864.0,3859.0,3764.0,3871.0,3859.0,3859.0,3864.0,3787.0,3864.0,0.35254693871058407,0.5910194627240708,2.0001647144721937,0.04208660374366446,0.5108568722440395,0.7508204900861892,0.2722497190914874,1.6056863996565516,0.24313804965364397,3716.0,3861.0,3861.0,3791.0,3861.0
57,120,5,1200,2932.0,2936.0,2934.0,2934.0,2936.0,2936.0,2934.0,2936.0,2934.0,2936.0,0.2519261160430809,0.3496121628931724,0.6599222847361428,0.012352508836581061,0.2693345036264509,0.40982626915288467,0.1716605401916119,0.6599221913299212,0.16682218632350365,2932.0,2935.0,2935.0,2935.0,2935.0
52,40,20,1600,1581.0,1645.0,1645.0,1581.0,1663.0,1645.0,1645.0,1645.0,1623.0,1645.0,0.2930068770761136,0.46080972340598236,2.0001598543446746,0.034509983641910366,0.38052043139352465,0.55172547490336,0.21283768813067583,0.9482670702808537,0.2103764846798731,1591.0,1663.0,1663.0,1489.0,1663.0
55,80,15,2400,2470.0,2573.0,2573.0,2470.0,2610.0,2573.0,2567.0,2573.0,2517.0,2573.0,0.2814989479479846,0.44187598902887354,2.000127771584084,0.025955043893773108,0.36164609529310837,0.5250328651287903,0.20131769754302997,1.1929396103722198,0.19914703791728244,2482.0,2563.0,2563.0,2458.0,2563.0
61,160,5,1600,4365.0,4366.0,4365.0,4365.0,4366.0,4365.0,4365.0,4366.0,4365.0,4366.0,0.15629911910509692,0.19682647403387818,0.196826664354885,0.01526779320091009,0.1968263668596046,0.1968265262863133,0.07606755136861466,0.19682661718514283,0.060950227777357216,4365.0,,,,4365.0
58,120,10,2400,3135.0,3142.0,3137.0,3135.0,3142.0,3137.0,3135.0,3142.0,3135.0,3142.0,0.28142543238665285,0.45375818337546664,2.000109313104767,0.020072112001556282,0.3734780623864693,0.5468215433380101,0.2012392352257545,0.8731530449605391,0.1881058934982866,3137.0,3139.0,3139.0,3137.0,3139.0
44,200,20,8000,5365.0,5629.0,5623.0,5365.0,5649.0,5623.0,5553.0,5629.0,5382.0,5629.0,0.3468655003065942,0.5807526356608141,2.000149366839556,0.041754641902283764,0.5005899350802647,0.7591027148102876,0.26669280521804467,1.6823324408070184,0.25290800602000674,5402.0,5532.0,5532.0,5369.0,5532.0
59,120,15,3600,2701.0,2819.0,2817.0,2701.0,2840.0,2817.0,2798.0,2819.0,2723.0,2822.0,0.30032759335202475,0.46822094746477283,2.000118280045895,0.025863561703202625,0.3880225517021285,0.5594147648069904,0.22011820145649835,1.3501005203199263,0.20404915945656182,2718.0,2784.0,2784.0,2677.0,2784.0
65,200,5,2000,4868.0,4868.0,4868.0,4868.0,4868.0,4868.0,4868.0,4868.0,4868.0,4868.0,0.016098406271543353,0.01609847211977467,0.0160985969575122,0.01609826630167663,0.016098439941648394,0.016098503727931528,0.016098369586747138,0.016098565409891307,0.016098332300782205,4868.0,,,,4868.0
66,200,10,4000,5095.0,5101.0,5099.0,5095.0,5101.0,5099.0,5095.0,5101.0,5095.0,5101.0,0.21794585900427774,0.2669308836518321,0.4463494984314311,0.02554026577877812,0.25200787065876645,0.4463494315412827,0.2176739447058644,0.44634948251745665,0.2075059897012543,5095.0,5095.0,5095.0,5095.0,5095.0
62,160,10,3200,4583.0,4586.0,4586.0,4583.0,4586.0,4586.0,4586.0,4586.0,4583.0,4586.0,0.29098498187755467,0.38928484923875656,2.0001473172497937,0.024848314646224025,0.3090627508450416,0.4060658043785952,0.21078985946864123,0.8807473462430062,0.19752017747814535,4583.0,4586.0,4586.0,4586.0,4586.0
60,120,20,4800,3553.0,3702.0,3702.0,3553.0,3804.0,3702.0,3702.0,3702.0,3580.0,3703.0,0.3078622287577794,0.511296481147486,2.0001413039548788,0.03475850061668704,0.431051223303657,0.6330557427012051,0.22759300273746097,1.2909255344240227,0.22150564358530878,3580.0,3726.0,3726.0,3533.0,3726.0
70,240,10,4800,6482.0,6482.0,6482.0,6482.0,6482.0,6482.0,6482.0,6482.0,6482.0,6482.0,0.2369265882348797,0.27837425002731225,0.2783743438264355,0.025847196056856772,0.27815002935472877,0.27837428111136736,0.2366180160342871,0.27837432477312785,0.20970243481725143,6482.0,6482.0,6486.0,6482.0,6486.0
69,240,5,2400,6078.0,6080.0,6079.0,6079.0,6080.0,6080.0,6079.0,6080.0,6079.0,6080.0,0.27998694842487265,0.422124224890722,1.1388836939112905,0.017107691129591936,0.34185726367131186,0.545193265104123,0.19974655285244808,1.1388836380606517,0.1875274788440826,6078.0,6080.0,6080.0,6080.0,6080.0
48,240,20,9600,5182.0,5330.0,5310.0,5182.0,5330.0,5310.0,5270.0,5330.0,5212.0,5330.0,0.4306916966565768,0.6929169844661374,2.0001649489303235,0.047852100679883734,0.6127486574049302,0.8562837674536664,0.3505305698221976,1.7501551647819966,0.2665513163949557,5184.0,5264.0,5264.0,5172.0,5264.0
63,160,15,4800,4077.0,4230.0,4230.0,4077.0,4230.0,4230.0,4188.0,4230.0,4098.0,4230.0,0.3121340359665919,0.5041914348236363,2.0001239093115633,0.03181042768449212,0.4239601956536838,0.615044090099788,0.23190682148910127,1.512919609809372,0.22033357649828153,4113.0,4179.0,4199.0,4075.0,4199.0
67,200,15,6000,5239.0,5243.0,5243.0,5243.0,5243.0,5243.0,5243.0,5243.0,5243.0,5243.0,0.24008054937794804,0.33647344588131334,0.9593143189299541,0.03426538656667496,0.31535328953868397,0.4361033117189072,0.2398909122419233,0.9593142934519177,0.23112746809159096,5239.0,5243.0,5261.0,5239.0,5261.0
77,80,5,800,1898.0,1898.0,1898.0,1898.0,1898.0,1898.0,1898.0,1898.0,1898.0,1898.0,0.049801416059490296,0.04980167004163377,0.04980200707213953,0.013097501177107916,0.049801568438997496,0.049801763304276395,0.04935067214420997,0.049801925799110906,0.04650198416900821,1898.0,,,1898.0,1898.0
74,40,10,800,1280.0,1331.0,1331.0,1280.0,1373.0,1331.0,1331.0,1331.0,1320.0,1331.0,0.2616449440061115,0.38737708413391375,2.000209327116609,0.019759195771766828,0.3070957486890256,0.43584614364081065,0.18132902471348644,0.848178200504044,0.18033651729347183,1288.0,1343.0,1343.0,1262.0,1343.0
75,40,15,1200,1378.0,1415.0,1415.0,1378.0,1500.0,1415.0,1415.0,1415.0,1386.0,1415.0,0.26971405213310695,0.41540481039633353,2.0001843202882448,0.02439919166266918,0.3351373097114265,0.48414674249322465,0.18951148459610218,0.9017453627148643,0.18865798819810153,1372.0,1467.0,1467.0,1334.0,1467.0
81,120,5,1200,3195.0,3195.0,3195.0,3195.0,3196.0,3195.0,3195.0,3196.0,3195.0,3196.0,0.05983347583406915,0.05983363530598581,0.05983387910450498,0.012964154020883143,0.05983357368114715,0.05983370813075453,0.05366601638107871,0.05983382866252214,0.04881948487289871,3195.0,,,,3195.0
64,160,20,6400,3898.0,4053.0,4053.0,3898.0,4060.0,4053.0,4014.0,4053.0,3926.0,4053.0,0.32745732369468894,0.5440059891052078,2.000164686082426,0.04128782041487284,0.4638206768459349,0.7007854243928159,0.24710704765268018,1.5802267507179932,0.24100306774300406,3916.0,4045.0,4059.0,3873.0,4059.0
79,80,15,2400,2560.0,2658.0,2634.0,2560.0,2719.0,2634.0,2634.0,2658.0,2582.0,2663.0,0.2878536029738219,0.449398835177999,2.000116817012895,0.026896863289487857,0.3691863619039456,0.5356591299211141,0.20764059396305432,1.166843357651184,0.20153017486135164,2589.0,2677.0,2677.0,2637.0,2677.0
71,240,15,7200,6029.0,6037.0,6037.0,6034.0,6037.0,6037.0,6037.0,6037.0,6034.0,6037.0,0.258952001510188,0.3468698217984962,1.070505836359872,0.03967483598635428,0.33409080658664203,0.4557246451905101,0.2587166950463628,1.0705058167391042,0.24315390152830837,6029.0,6037.0,6037.0,6033.0,6037.0
82,120,10,2400,3196.0,3198.0,3198.0,3196.0,3200.0,3198.0,3198.0,3198.0,3198.0,3199.0,0.27818158933970455,0.383369460341443,2.000165257245535,0.020235538544754187,0.3031267674663104,0.43915583642122025,0.19793686997067805,0.7620331205237502,0.1829576772362149,3196.0,3199.0,3201.0,3196.0,3201.0
80,80,20,3200,2853.0,2906.0,2906.0,2853.0,3012.0,2906.0,2906.0,2906.0,2875.0,2906.0,0.30672381403419424,0.5030022852533148,2.0001578935584985,0.03458543413958978,0.4227979839753243,0.6134798467083601,0.2265084124277928,1.30369141124218,0.22156507156352745,2857.0,2974.0,2988.0,2742.0,2988.0
89,200,5,2000,5146.0,5146.0,5146.0,5146.0,5149.0,5146.0,5146.0,5149.0,5146.0,5149.0,0.07882298559928314,0.07882308152318,0.07882320978539065,0.016158056277316063,0.0788230435163714,0.07882311521330848,0.0778556598634459,0.0788231797600165,0.06748369542835281,5146.0,5146.0,5146.0,5146.0,5146.0
90,200,10,4000,5229.0,5229.0,5229.0,5229.0,5230.0,5229.0,5229.0,5229.0,5229.0,5229.0,0.20860289597534576,0.20860294068744406,0.20860301587032154,0.026139111417811365,0.20860292054736054,0.20860295957094058,0.2086028718794696,0.20860299793840387,0.2086028348589316,5229.0,5229.0,5229.0,5229.0,5229.0
85,160,5,1600,3938.0,3940.0,3940.0,3938.0,3945.0,3940.0,3940.0,3940.0,3938.0,3940.0,0.27005837437463925,0.38994218582927714,2.000187941213371,0.014148182737990282,0.30968401302583515,0.42701035718957425,0.18974325583316387,0.8822381081682397,0.17551552696910222,3938.0,3938.0,3938.0,3938.0,3938.0
83,120,15,3600,2767.0,2878.0,2863.0,2767.0,2886.0,2863.0,2863.0,2878.0,2791.0,2879.0,0.3028477583758326,0.4718858082059564,2.000119382855482,0.027956321426512054,0.3916374936575691,0.5645422441470954,0.222629080011975,1.3861299571503574,0.20132248831033292,2761.0,2861.0,2861.0,2769.0,2861.0
86,160,10,3200,4155.0,4157.0,4157.0,4155.0,4163.0,4157.0,4157.0,4157.0,4157.0,4157.0,0.2013026911127963,0.3434846789570292,2.0001631665046444,0.02171319477783982,0.2633240945183206,0.3585662122690701,0.20090933395025787,0.8285646795778302,0.19392083204962546,4155.0,4162.0,4169.0,4157.0,4169.0
93,240,5,2400,6127.0,6127.0,6127.0,6127.0,6129.0,6127.0,6127.0,6129.0,6127.0,6129.0,0.26304470871963226,0.26304478649476853,0.26304490107538486,0.0166864918723392,0.26304475574870595,0.2630448172579054,0.20318572345306166,0.26304487385127384,0.18908993844641372,6127.0,6127.0,6127.0,6127.0,6127.0
94,240,10,4800,6140.0,6142.0,6142.0,6140.0,6146.0,6142.0,6142.0,6142.0,6141.0,6142.0,0.10913340093335137,0.28639077603875196,1.0482076850525723,0.025052492193838892,0.2062043537213079,0.3766912232801163,0.1086713076501231,1.0479870605808295,0.09500477653132597,6140.0,6142.0,6142.0,6140.0,6142.0
97,40,5,400,765.0,768.0,768.0,768.0,787.0,768.0,768.0,772.0,768.0,772.0,0.2436819680640474,0.3547388019133359,0.6368527324288152,0.014333682779688389,0.2741969695640728,0.3632671265443787,0.16316734371939673,0.6368524109502323,0.16218236156972124,765.0,768.0,768.0,765.0,768.0
101,80,5,800,2164.0,2164.0,2164.0,2164.0,2170.0,2164.0,2164.0,2167.0,2164.0,2167.0,0.06981653683353216,0.06981705403071828,0.06981759776826948,0.01431143268593587,0.06981688668136485,0.06981719904928468,0.05102002164116129,0.069817472883733,0.047981716349022464,2164.0,2164.0,2164.0,2164.0,2164.0
72,240,20,9600,5075.0,5229.0,5194.0,5075.0,5238.0,5194.0,5189.0,5229.0,5125.0,5229.0,0.3752704588501365,0.6291131274432216,2.000171940116367,0.04925892948056571,0.5489299309344885,0.7982658504799474,0.2951166785747046,1.7503696073888568,0.2666993686550995,5135.0,5165.0,5165.0,5115.0,5165.0
88,160,20,6400,3678.0,3807.0,3786.0,3678.0,3847.0,3786.0,3786.0,3807.0,3735.0,3807.0,0.33684382955994807,0.5579326511526597,2.0001673742174173,0.0428812931048742,0.4776566129864659,0.6979748695802118,0.25668873933929715,1.5340075853893358,0.24404078829524223,3704.0,3802.0,3805.0,3647.0,3805.0
91,200,15,6000,5241.0,5249.0,5249.0,5241.0,5274.0,5249.0,5249.0,5249.0,5249.0,5249.0,0.2408573270275568,0.4560811274969019,2.000159222366599,0.03636407096001009,0.37586419394798576,0.6534285012170051,0.2406471480326727,1.2541614124549862,0.2304456096799113,5236.0,5250.0,5250.0,5240.0,5250.0
102,80,10,1600,1666.0,1719.0,1716.0,1666.0,1750.0,1716.0,1716.0,1719.0,1692.0,1719.0,0.2749418754701037,0.41758749303000514,2.000127592752688,0.02129840100533329,0.33734972845762967,0.493633152274997,0.19458253242366483,1.12820894267119,0.18968306563911028,1672.0,1720.0,1720.0,1647.0,1720.0
109,160,5,1600,4071.0,4072.0,4071.0,4071.0,4075.0,4071.0,4071.0,4072.0,4071.0,4072.0,0.2663204764935654,0.3136989401996834,0.3136991172650596,0.016091531318379565,0.3136988589912653,0.31369898800854573,0.1860488560871454,0.31369907629094085,0.17846168669988402,4071.0,4071.0,4071.0,4071.0,4071.0
105,120,5,1200,2889.0,2890.0,2890.0,2889.0,2891.0,2890.0,2890.0,2891.0,2890.0,2891.0,0.25691590369911865,0.3726795240545956,2.000142295965925,0.013689422466171285,0.29225530234941594,0.39211349621259917,0.17659886554116383,0.7242018660157918,0.17037311038623254,2889.0,2889.0,2889.0,2889.0,2889.0
104,80,20,3200,2337.0,2404.0,2404.0,2337.0,2460.0,2404.0,2404.0,2404.0,2359.0,2404.0,0.2609482635479071,0.45775315027480246,2.0001315149108994,0.037291475547244775,0.3775376826152205,0.5792735286676907,0.23032396854221587,1.198316060815414,0.22442945702030556,2343.0,2432.0,2432.0,2286.0,2432.0
92,200,20,8000,4426.0,4560.0,4546.0,4426.0,4581.0,4546.0,4512.0,4560.0,4468.0,4560.0,0.35073045099969025,0.5830445374344708,2.000121492502978,0.04464251866703853,0.5028802457547281,0.7403300553797745,0.27043550631927793,1.7501432483617683,0.2548971291070338,4413.0,4497.0,4497.0,4414.0,4497.0
106,120,10,2400,3236.0,3236.0,3236.0,3236.0,3242.0,3236.0,3236.0,3236.0,3236.0,3237.0,0.19842725698642122,0.30621231722878295,2.000123774767077,0.02143550232130413,0.22601500561228022,0.3202570379606914,0.19806012577726506,0.66832726833721,0.1878839170273083,3236.0,3238.0,3261.0,3236.0,3261.0
95,240,15,7200,6635.0,6638.0,6637.0,6635.0,6638.0,6637.0,6637.0,6638.0,6637.0,6638.0,0.25462010633523785,0.3102821063206324,2.0002045492825307,0.0361839032089079,0.3056715140324862,0.4346821463844066,0.25425878394524465,1.1442897386644553,0.23360575508559123,6635.0,6637.0,6637.0,6632.0,6637.0
110,160,10,3200,4177.0,4188.0,4182.0,4177.0,4200.0,4182.0,4182.0,4188.0,4182.0,4188.0,0.20632647975959117,0.33271240314410533,2.0001669719320487,0.024795913602865767,0.2525518859946169,0.3638226187415421,0.20606343897088664,0.823350553047785,0.19921961624582762,4177.0,4188.0,4188.0,4181.0,4188.0
117,240,5,2400,6319.0,6319.0,6319.0,6319.0,6319.0,6319.0,6319.0,6319.0,6319.0,6319.0,0.01616050780323955,0.01616055891344634,0.016160657410897936,0.016160407836626593,0.016160532656746607,0.01616058320738375,0.016160480879091967,0.016160633157317836,0.016160452912639206,6319.0,,,,6319.0
113,200,5,2000,4997.0,5000.0,4997.0,4997.0,5000.0,4997.0,4997.0,5000.0,4997.0,5000.0,0.15172845465457066,0.29323590322863313,2.000107178504579,0.016280576169956474,0.21294744201563298,0.35029730713786555,0.07149196499679238,0.9082566406326369,0.06216666670981794,4997.0,4997.0,4997.0,4997.0,4997.0
114,200,10,4000,5470.0,5470.0,5470.0,5470.0,5470.0,5470.0,5470.0,5470.0,5470.0,5470.0,0.3022949183473829,0.43738510777894407,2.0000958809470757,0.024052659132983534,0.3571403456155676,0.4903981929370202,0.22208628039853648,1.0511710276894737,0.20322066659806295,5470.0,5470.0,5470.0,5469.0,5470.0
121,40,5,400,887.0,890.0,890.0,887.0,939.0,890.0,890.0,898.0,889.0,898.0,0.12995381521992386,0.2447635522391647,2.000370680782944,0.014567211233079434,0.16432802990311757,0.251979791468475,0.04948326679877937,0.5178757344488986,0.04764451647875831,889.0,896.0,896.0,896.0,896.0
112,160,20,6400,3759.0,3913.0,3913.0,3759.0,3913.0,3913.0,3891.0,3913.0,3792.0,3913.0,0.3439151680559735,0.5647009940975113,2.0001906418525324,0.04385749274544651,0.4845171208125248,0.7064550887285441,0.263710835478123,1.5974877682662918,0.2513099997062818,3770.0,3898.0,3898.0,3742.0,3898.0
122,40,10,800,1292.0,1330.0,1330.0,1292.0,1372.0,1330.0,1330.0,1330.0,1300.0,1330.0,0.2614364105393179,0.3884582001669332,2.0002006230910774,0.018983365141320974,0.30811243630363605,0.43885619812412185,0.18121590443653987,0.7745022883370984,0.17891020490438678,1285.0,1336.0,1336.0,1282.0,1336.0
125,80,5,800,2103.0,2103.0,2103.0,2103.0,2115.0,2103.0,2103.0,2105.0,2103.0,2107.0,0.06279809172148816,0.06279834930668585,0.06279871710692532,0.014311197391944006,0.0627982502093073,0.06279845133423806,0.0574165819666814,0.06279862947645597,0.05132157500600442,2103.0,2103.0,2103.0,2103.0,2103.0
119,240,15,7200,6414.0,6417.0,6416.0,6416.0,6417.0,6416.0,6416.0,6417.0,6416.0,6417.0,0.253745524344138,0.4299770681411287,1.0686230868368876,0.03918218158379508,0.3498160407905622,0.4574959493622494,0.2534287556696735,1.068623067285581,0.24106196915135822,6414.0,6416.0,6416.0,6416.0,6416.0
115,200,15,6000,5182.0,5185.0,5185.0,5182.0,5213.0,5185.0,5185.0,5185.0,5185.0,5185.0,0.24289123362256215,0.44470852763485164,2.0001170606192513,0.036905462838864575,0.36456078086063887,0.5580236767238627,0.24257780335952217,1.1400383545419512,0.23268530143223082,5189.0,5203.0,5203.0,5186.0,5203.0
118,240,10,4800,6184.0,6191.0,6191.0,6184.0,6191.0,6191.0,6189.0,6191.0,6186.0,6191.0,0.2248176983743906,0.39303983281036686,2.0001833515565766,0.024613199462764898,0.31285702375404073,0.6135596407299939,0.2244392732474565,1.3006613223078118,0.20824882306701814,6184.0,6189.0,6189.0,6184.0,6189.0
129,120,5,1200,2874.0,2874.0,2874.0,2874.0,2874.0,2874.0,2874.0,2874.0,2874.0,2874.0,0.01431890447003146,0.014319024900129686,0.014319260503010203,0.014318676644470542,0.014318965326528996,0.014319082185005149,0.014318842826566348,0.01431920355108256,0.014318774174898862,2874.0,,,,2874.0
124,40,20,1600,1965.0,2029.0,2029.0,1965.0,2132.0,2029.0,2029.0,2029.0,1979.0,2033.0,0.29903303667670117,0.4780780094489455,2.0001428673317423,0.03477033646660857,0.3977327901980607,0.5812262258701958,0.2188269791530911,0.9423373313329648,0.21459750368259847,1966.0,2081.0,2081.0,1873.0,2081.0
126,80,10,1600,1851.0,1863.0,1863.0,1851.0,1940.0,1863.0,1863.0,1863.0,1857.0,1867.0,0.2717611643462442,0.41496997392503543,2.0001462477777388,0.021239826685050502,0.33473382373631466,0.481538674942567,0.19152181299112273,1.052221549556125,0.18676980955526232,1831.0,1921.0,1921.0,1854.0,1921.0
130,120,10,2400,3131.0,3138.0,3138.0,3131.0,3141.0,3138.0,3138.0,3138.0,3131.0,3139.0,0.20037244604590038,0.2263713468366768,0.556002021797467,0.02186425600744163,0.226088566982653,0.25184947823989207,0.20008237832497494,0.5560019688758379,0.18993570793575296,3131.0,3136.0,3146.0,3132.0,3146.0
133,160,5,1600,4011.0,4012.0,4012.0,4012.0,4017.0,4012.0,4012.0,4015.0,4012.0,4015.0,0.26163887868111485,0.43516056147695054,0.8554109226359288,0.014297769907279871,0.35491413139854555,0.4572081307321787,0.18136163805087563,0.8554108464595629,0.1740381542633986,4011.0,,,,4011.0
127,80,15,2400,2012.0,2127.0,2111.0,2012.0,2134.0,2111.0,2084.0,2127.0,2038.0,2128.0,0.2893014131874467,0.4571237111906521,2.0001863983040677,0.028049373033378896,0.37681242206483145,0.5437481742717015,0.20898926990727584,1.154649772235037,0.2018392794400764,2029.0,2091.0,2091.0,2025.0,2091.0
137,200,5,2000,5049.0,5052.0,5049.0,5049.0,5055.0,5049.0,5049.0,5052.0,5049.0,5052.0,0.2755403033248149,0.318812578573823,0.3188127299109474,0.015831017473712565,0.31881250988179816,0.3188126194360666,0.1947889515766874,0.31881269508879634,0.1839264641609043,5049.0,,,,5049.0
138,200,10,4000,5169.0,5176.0,5169.0,5169.0,5184.0,5169.0,5169.0,5176.0,5169.0,5176.0,0.2436188911134377,0.4439123341827653,0.44391241093329153,0.02659984423685819,0.44391230041743257,0.4439123553149402,0.21735135638085193,0.4439123927459586,0.20796911606029608,5169.0,5178.0,5178.0,5169.0,5178.0
116,200,20,8000,4446.0,4581.0,4545.0,4446.0,4581.0,4545.0,4545.0,4581.0,4468.0,4581.0,0.37144509169214873,0.5972120640651556,2.0001053850986064,0.04709640243789181,0.5170476826723898,0.8038083855434088,0.2912678468528902,1.7178499671298777,0.2534981532378588,4435.0,4522.0,4522.0,4352.0,4522.0
128,80,20,3200,2379.0,2468.0,2468.0,2379.0,2503.0,2468.0,2468.0,2468.0,2401.0,2469.0,0.3143630322156241,0.5082764976093312,2.0001226914738073,0.03762960232008481,0.42809921790933003,0.6190701224387157,0.23420133004430682,1.2224699475918896,0.22430790895072278,2373.0,2486.0,2494.0,2292.0,2494.0
141,240,5,2400,5845.0,5845.0,5845.0,5845.0,5851.0,5845.0,5845.0,5846.0,5845.0,5846.0,0.14692841226623082,0.14692848579298395,0.14692859440653896,0.016027238336391747,0.14692845674154037,0.14692851275904104,0.08752016327460296,0.14692856941876623,0.06289346328238025,5845.0,5845.0,5845.0,5847.0,5845.0
134,160,10,3200,4323.0,4328.0,4328.0,4323.0,4330.0,4328.0,4328.0,4328.0,4328.0,4328.0,0.28927478758909275,0.4396552219646401,2.0002224491597733,0.022812122911564075,0.3594209725016844,0.5164923286135309,0.209105005201709,1.0125857721079956,0.195024798293598,4323.0,4324.0,4326.0,4323.0,4326.0
132,120,20,4800,3051.0,3168.0,3152.0,3051.0,3202.0,3152.0,3138.0,3168.0,3075.0,3168.0,0.3130276167204526,0.5069091855216539,2.0001511564536485,0.03591154808799426,0.4267306289957681,0.6305010033862588,0.23281753137339062,1.3824099625557815,0.22520583393498478,3034.0,3135.0,3135.0,3043.0,3135.0
145,40,5,400,780.0,786.0,785.0,780.0,816.0,786.0,785.0,800.0,782.0,801.0,0.24999268837971614,0.36421708049019796,2.0003502319334077,0.0148387881484814,0.2837811499880627,0.37687126284465194,0.16952777634374797,0.7495231000194326,0.16741929962299765,787.0,800.0,800.0,799.0,800.0
146,40,10,800,1138.0,1165.0,1165.0,1138.0,1225.0,1165.0,1165.0,1165.0,1146.0,1165.0,0.26120056805200875,0.389994656573981,2.000213404716924,0.01902673172415234,0.3096492865262553,0.43856472134124486,0.18093733842950313,0.7464535692916252,0.17903320956160315,1142.0,1212.0,1212.0,1123.0,1212.0
147,40,15,1200,1289.0,1345.0,1345.0,1289.0,1373.0,1345.0,1345.0,1345.0,1318.0,1347.0,0.2785043450499264,0.4354406715828615,2.0001604389733014,0.025146440917936465,0.3551511447046263,0.5105103512845623,0.19832490597308303,0.9570668648346328,0.1926425511467581,1286.0,1367.0,1369.0,1266.0,1369.0
136,160,20,6400,3737.0,3874.0,3853.0,3737.0,3910.0,3853.0,3836.0,3874.0,3759.0,3874.0,0.3332956979431037,0.5616733962512808,2.0001243938891275,0.04079863148188451,0.4815054678356682,0.6928848546347581,0.2530672961183882,1.5696904623537558,0.2463453503693745,3725.0,3846.0,3846.0,3723.0,3846.0
142,240,10,4800,5895.0,5908.0,5908.0,5895.0,5913.0,5908.0,5908.0,5908.0,5898.0,5908.0,0.2232666969834827,0.36503396911760017,2.0001346677229352,0.02408082203163455,0.28484521428588777,0.5273680092438978,0.22295945844845846,1.5182798173187377,0.2098767342728873,5904.0,5912.0,5912.0,5909.0,5912.0
143,240,15,7200,6091.0,6097.0,6097.0,6091.0,6107.0,6097.0,6097.0,6097.0,6097.0,6097.0,0.3311094754349647,0.5662769046053291,1.3473819915613987,0.03528365335142654,0.48610706988450453,0.6722599425285848,0.25092970532779063,1.3471901844807952,0.2394116671486861,6091.0,6091.0,6091.0,6093.0,6091.0
149,80,5,800,2003.0,2003.0,2003.0,2003.0,2005.0,2003.0,2003.0,2005.0,2003.0,2005.0,0.13003137031570078,0.2546332487964537,2.0001773763308304,0.01244654563604854,0.1742740551568568,0.2738194904557895,0.049663306871661914,0.5030348537361715,0.045313043699134144,2003.0,2005.0,2005.0,2005.0,2005.0
153,120,5,1200,2754.0,2757.0,2757.0,2757.0,2760.0,2757.0,2757.0,2757.0,2757.0,2757.0,0.2540460836778705,0.35293008482161287,0.6910047003362949,0.014042883007787168,0.27253899538656695,0.37263982597971335,0.17363346669978152,0.6910045843633512,0.1686442359133313,2754.0,2757.0,2757.0,2757.0,2757.0
139,200,15,6000,5586.0,5597.0,5597.0,5586.0,5599.0,5597.0,5597.0,5597.0,5586.0,5597.0,0.3155541480015963,0.5159881071775841,2.0001254735499,0.0332152882758528,0.43584282881828645,0.5674140800209716,0.2353830781999665,1.4334553508652994,0.2250774858642059,5587.0,5599.0,5609.0,5588.0,5609.0
148,40,20,1600,2755.0,2834.0,2834.0,2755.0,2965.0,2834.0,2834.0,2834.0,2815.0,2835.0,0.20665320981352125,0.30797868316236415,2.000194068156998,0.02932011044002138,0.29920373746950646,0.4149296472920105,0.20622091451252345,0.7223960747395176,0.19990159278851935,2746.0,2949.0,2949.0,2656.0,2949.0
157,160,5,1600,4391.0,4391.0,4391.0,4391.0,4391.0,4391.0,4391.0,4391.0,4391.0,4391.0,0.015199464395991527,0.015199549687677063,0.015199727692524902,0.015199291724711657,0.01519950567104388,0.01519958874618169,0.015199419503915124,0.01519967423635535,0.015199371519847772,4391.0,,,,4391.0
154,120,10,2400,3131.0,3143.0,3143.0,3140.0,3150.0,3143.0,3140.0,3143.0,3140.0,3145.0,0.0883738668813991,0.1461008902390798,0.5207518893763579,0.021514302923266466,0.12903988368382366,0.2234610570714964,0.08799778445973061,0.5207518358206532,0.07222379310716254,3131.0,3135.0,3135.0,3134.0,3135.0
150,80,10,1600,1773.0,1831.0,1831.0,1773.0,1851.0,1831.0,1823.0,1831.0,1790.0,1831.0,0.27175856799003667,0.4155134789989097,2.0001667710504263,0.019671249294187874,0.3352657970128348,0.48338802079379095,0.19154179277538788,1.1313891248527215,0.1850447708676802,1776.0,1826.0,1832.0,1806.0,1832.0
158,160,10,3200,4429.0,4430.0,4430.0,4429.0,4433.0,4430.0,4429.0,4430.0,4429.0,4430.0,0.20967352706065867,0.24081680318922735,0.3127752261975547,0.02420841922372347,0.23893423891946441,0.31277513798995643,0.20937574130803113,0.31277520365751116,0.2018860850544297,4429.0,4429.0,4429.0,4429.0,4429.0
161,200,5,2000,4998.0,5002.0,5002.0,5002.0,5005.0,5002.0,5002.0,5003.0,5002.0,5003.0,0.15404741604672745,0.3094684874690138,0.8701277872025966,0.017157881972845644,0.22923916413495318,0.3586284646987915,0.0738412593989633,0.870127723947633,0.0635645275078714,4999.0,4999.0,4999.0,4999.0,4999.0
165,240,5,2400,5930.0,5930.0,5930.0,5930.0,5932.0,5930.0,5930.0,5932.0,5930.0,5932.0,0.10571831675052333,0.10571843971808752,0.10571862629808795,0.017093198680862162,0.10571839173828873,0.10571849168821548,0.08372421839468491,0.10571858460238824,0.06971312045468948,5930.0,5931.0,5931.0,5931.0,5931.0
151,80,15,2400,2501.0,2544.0,2544.0,2501.0,2665.0,2544.0,2544.0,2544.0,2527.0,2544.0,0.28799438684169826,0.454481983971394,2.000136771276593,0.02878098520062243,0.3742809629242402,0.5451642264732315,0.20775979542328665,1.11567976262304,0.20534835737470228,2500.0,2592.0,2592.0,2500.0,2592.0
163,200,15,6000,5012.0,5015.0,5012.0,5012.0,5015.0,5012.0,5012.0,5015.0,5012.0,5015.0,0.2506505588050932,0.33425235363002864,0.3342524008367521,0.036320545956958085,0.3342523328724007,0.3342523666426229,0.24442019650433214,0.3342523896400817,0.23377420620371897,5012.0,5012.0,5012.0,5012.0,5012.0
155,120,15,3600,3294.0,3387.0,3387.0,3294.0,3446.0,3387.0,3387.0,3387.0,3319.0,3388.0,0.23285668197786435,0.3985212446738862,2.0002447583756617,0.02981878484444072,0.3183386444973035,0.5011394706839282,0.2207648462183877,1.292745878182662,0.2109683673743469,3319.0,3396.0,3420.0,3322.0,3420.0
169,40,5,400,1006.0,1019.0,1019.0,1006.0,1059.0,1019.0,1019.0,1029.0,1012.0,1029.0,0.24603075749007985,0.36476714960997925,2.0003757691499775,0.013929826763924211,0.2842868717038073,0.3743912244332023,0.16554453431861474,0.7071850692550652,0.16469535941490904,1011.0,1020.0,1020.0,1017.0,1020.0
162,200,10,4000,5172.0,5179.0,5173.0,5172.0,5179.0,5173.0,5173.0,5179.0,5173.0,5179.0,0.29046096263313664,0.35912082324875516,2.0001487143686973,0.022836638768669218,0.3474886972818058,0.4193749589337967,0.21024232629267497,1.0406870128333103,0.2009011719902046,5171.0,5171.0,5171.0,5173.0,5171.0
144,240,20,9600,6201.0,6370.0,6299.0,6201.0,6370.0,6299.0,6242.0,6370.0,6224.0,6370.0,0.35153010608997043,0.593401549658059,2.0001438777289393,0.04433629250037484,0.5132523632354181,0.7552349979359618,0.27137584653450175,1.7501664849133036,0.26064994800661223,6229.0,6311.0,6311.0,6127.0,6311.0
173,80,5,800,2058.0,2058.0,2058.0,2058.0,2063.0,2058.0,2058.0,2061.0,2058.0,2062.0,0.05924374806927517,0.05924401579773985,0.059244425834622236,0.014337105347076431,0.05924391855020076,0.05924410971230827,0.05808975325664505,0.059244339831639084,0.052402965935179964,2058.0,2058.0,2058.0,2058.0,2058.0
170,40,10,800,1116.0,1155.0,1155.0,1116.0,1196.0,1155.0,1155.0,1155.0,1134.0,1155.0,0.2633018438774161,0.39073471612646243,2.000271287439391,0.019150452892063186,0.3104408969369251,0.43922158535919154,0.18303401810466313,0.7037464988045394,0.18238617651164532,1112.0,1182.0,1186.0,1107.0,1186.0
171,40,15,1200,1376.0,1434.0,1434.0,1376.0,1465.0,1434.0,1434.0,1434.0,1411.0,1434.0,0.28050006915970394,0.4303192158509046,2.0001730864626976,0.0271227519097738,0.3500589255515176,0.51229922932107,0.20026648231471578,0.8262551852827892,0.19877827575585494,1389.0,1459.0,1459.0,1360.0,1459.0
166,240,10,4800,6038.0,6046.0,6044.0,6038.0,6046.0,6044.0,6044.0,6046.0,6038.0,6046.0,0.3237526888239275,0.46515405713929797,2.000132265431263,0.026736183349275962,0.38496356568221624,0.5112523974026165,0.24358728941879235,1.1948138778072703,0.20946289276801205,6038.0,6044.0,6045.0,6042.0,6045.0
174,80,10,1600,1766.0,1823.0,1804.0,1766.0,1830.0,1804.0,1804.0,1823.0,1772.0,1823.0,0.2681007233209675,0.4059459419548512,2.0001172059751116,0.021814854338299484,0.325731746100937,0.4652765323611675,0.1878615451650694,1.0970494940836215,0.18521499994094484,1748.0,1826.0,1826.0,1756.0,1826.0
177,120,5,1200,3136.0,3137.0,3137.0,3136.0,3140.0,3137.0,3137.0,3137.0,3136.0,3137.0,0.14078258695080875,0.2490663782406288,2.000181453889236,0.014210322108895829,0.16878531320253387,0.2773701568576507,0.06046285032760352,0.573249988857812,0.050412247978771724,3136.0,3137.0,3137.0,3137.0,3137.0
178,120,10,2400,3092.0,3094.0,3094.0,3092.0,3113.0,3094.0,3094.0,3094.0,3094.0,3098.0,0.27993615493760443,0.38826059467081603,0.7376794620933166,0.020422375730316467,0.30798356714503217,0.4290930499858223,0.19972644890348115,0.7375142030161805,0.18460778960686489,3092.0,3098.0,3104.0,3096.0,3104.0
181,160,5,1600,4554.0,4554.0,4554.0,4554.0,4555.0,4554.0,4554.0,4555.0,4554.0,4555.0,0.07582132459268905,0.07582144968037027,0.07582161929633002,0.014114559495355934,0.07582140419981442,0.07582149139256217,0.06263224966998678,0.07582157948752866,0.05600576292781625,4554.0,,,,4554.0
175,80,15,2400,2500.0,2602.0,2602.0,2500.0,2686.0,2602.0,2602.0,2602.0,2530.0,2608.0,0.28226841072629516,0.44682495117614357,2.0001327891853484,0.025926459872862323,0.3666481241913668,0.5331039256113581,0.20205719200544991,1.1051063566736412,0.19659733944611313,2506.0,2641.0,2641.0,2441.0,2641.0
182,160,10,3200,4299.0,4301.0,4300.0,4299.0,4301.0,4300.0,4299.0,4301.0,4299.0,4301.0,0.2260833620064659,0.33904539748094975,0.42067604534153363,0.022446590568288228,0.3341971907147672,0.42067595015396364,0.2024146279285196,0.42067602269467896,0.19546114715281873,4299.0,4300.0,4300.0,4299.0,4300.0
167,240,15,7200,6150.0,6167.0,6153.0,6150.0,6167.0,6153.0,6153.0,6167.0,6153.0,6167.0,0.2677123182424758,0.4322091958766234,2.000117619352467,0.03524320411625215,0.35203830535045,0.4829086126729898,0.267480543281288,1.1605450611782726,0.23618945485938134,6150.0,6154.0,6154.0,6150.0,6154.0
185,200,5,2000,5159.0,5160.0,5160.0,5160.0,5166.0,5160.0,5160.0,5166.0,5160.0,5166.0,0.28572067998815326,0.5304047333863564,1.0744293319531717,0.016028559397440405,0.4500475935661234,0.5696822257903404,0.20540536887245253,1.0744292692691089,0.1841286519751884,5160.0,5165.0,5165.0,5165.0,5165.0
179,120,15,3600,3248.0,3384.0,3339.0,3248.0,3384.0,3339.0,3339.0,3384.0,3272.0,3384.0,0.2995680682741416,0.4725918737941215,2.0001554931780428,0.0282953090293126,0.39240491934353483,0.5730146412758363,0.21932414408643833,1.3103722897213366,0.20760570882871332,3243.0,3328.0,3328.0,3271.0,3328.0
186,200,10,4000,5255.0,5256.0,5255.0,5255.0,5256.0,5255.0,5255.0,5256.0,5255.0,5256.0,0.28956389003479854,0.3281883762453217,0.3281884631253779,0.024049143449170515,0.32794663902022875,0.32818840973521585,0.20936378218769097,0.32818844654085116,0.19953866176027804,5255.0,,,5255.0,5255.0
168,240,20,9600,6234.0,6482.0,6408.0,6234.0,6498.0,6408.0,6363.0,6482.0,6279.0,6482.0,0.3604714823012667,0.6269344425264475,2.000135333246435,0.04833066810669455,0.5467677660245681,0.785074291494578,0.2803139947872842,1.750222463149791,0.26739329479586255,6304.0,6411.0,6411.0,6196.0,6411.0
189,240,5,2400,6217.0,6217.0,6217.0,6217.0,6217.0,6217.0,6217.0,6217.0,6217.0,6217.0,0.0175807749631349,0.017580829444729412,0.01758093592982429,0.01758066106742869,0.017580801411531864,0.017580856018078826,0.01758074788997571,0.017580910124816,0.017580717076392225,6217.0,,,,6217.0
180,120,20,4800,3678.0,3845.0,3845.0,3678.0,3926.0,3845.0,3845.0,3845.0,3717.0,3847.0,0.32449988125086143,0.5205286117495659,2.000149240680427,0.038696681071305646,0.4403523012174992,0.6453554291171409,0.24431449099036398,1.442707884197589,0.22901070243290936,3720.0,3874.0,3874.0,3639.0,3874.0
190,240,10,4800,5935.0,5935.0,5935.0,5935.0,5935.0,5935.0,5935.0,5935.0,5935.0,5935.0,0.2677313732906866,0.26773141251159055,0.26773146536104225,0.02630850931610136,0.26773139694239945,0.2677314265115031,0.26754827015780996,0.2677314529424378,0.2151114922395209,5935.0,,,5935.0,5935.0
183,160,15,4800,4102.0,4278.0,4251.0,4102.0,4290.0,4251.0,4229.0,4278.0,4152.0,4278.0,0.3154910722122683,0.5049811626285858,2.0001220123960715,0.034860576191955865,0.4247491021757014,0.623246383862764,0.23530926913197617,1.5052002641261788,0.2278715406889872,4112.0,4194.0,4194.0,4063.0,4194.0
193,40,5,400,939.0,944.0,943.0,939.0,999.0,944.0,943.0,954.0,943.0,955.0,0.24669499180046842,0.3661132144392468,2.000364767576102,0.013251279790420085,0.28577364668948574,0.38245551626430824,0.1663441636553034,0.8198904620506801,0.16287978041451423,933.0,956.0,956.0,954.0,956.0
194,40,10,800,1272.0,1294.0,1294.0,1272.0,1392.0,1294.0,1294.0,1294.0,1289.0,1294.0,0.2598963925964199,0.38962641547899696,2.0001550625136586,0.018333964499179276,0.30939211934106425,0.44009347511339003,0.1796374259039294,0.8379444845067338,0.1789881316840183,1283.0,1372.0,1372.0,1257.0,1372.0
195,40,15,1200,1704.0,1738.0,1738.0,1704.0,1834.0,1738.0,1738.0,1738.0,1728.0,1745.0,0.274539015351329,0.42723391846287995,2.0001794136463045,0.02518531329308947,0.3470214167827119,0.49624957669448727,0.19432150825625286,0.9279355600965209,0.19093361757928506,1693.0,1790.0,1824.0,1648.0,1824.0
197,80,5,800,2130.0,2130.0,2130.0,2130.0,2130.0,2130.0,2130.0,2130.0,2130.0,2130.0,0.014686974744545295,0.01468714079237543,0.014687459344277159,0.014686653587268665,0.014687056039692835,0.014687227347167209,0.01468688901513815,0.014687383932759986,0.014686794774606824,2130.0,,,,2130.0
184,160,20,6400,4599.0,4744.0,4731.0,4599.0,4744.0,4731.0,4688.0,4744.0,4620.0,4744.0,0.3377354173202184,0.5610067110936506,2.0001679072293337,0.041957675760640994,0.4808140905677283,0.7033739780406176,0.25756957883219,1.531819955638057,0.24447701170720393,4579.0,4704.0,4704.0,4549.0,4704.0
201,120,5,1200,3066.0,3066.0,3066.0,3066.0,3067.0,3066.0,3066.0,3067.0,3066.0,3067.0,0.18183754511565592,0.1818377349510168,0.18183797607896848,0.014093810709503789,0.1818376696195143,0.1818377975289089,0.17727824518922716,0.18183791760898504,0.17217465484747663,3066.0,,,,3066.0
196,40,20,1600,1709.0,1758.0,1758.0,1709.0,1871.0,1758.0,1758.0,1758.0,1749.0,1765.0,0.2857691080123186,0.44959793450369034,2.0001278971199645,0.029405986669589764,0.3693400544684846,0.5350636458996451,0.20559283282258548,0.8944309360149783,0.20234527258377055,1730.0,1848.0,1850.0,1583.0,1850.0
187,200,15,6000,5432.0,5463.0,5463.0,5432.0,5479.0,5463.0,5463.0,5463.0,5433.0,5463.0,0.23626344734119872,0.43125212853293243,2.0001627037495684,0.03297058585487927,0.3510720722701711,0.5509949096199125,0.23591773837727184,1.4176823032771548,0.22607305521347248,5441.0,5475.0,5476.0,5446.0,5476.0
205,160,5,1600,4008.0,4008.0,4008.0,4008.0,4010.0,4008.0,4008.0,4009.0,4008.0,4009.0,0.09378479598206468,0.09378491450974252,0.0937850984360557,0.015257437285035848,0.09378486667585094,0.09378497387340758,0.06666713230253662,0.0937850590510061,0.05947143645957112,4008.0,,,,4008.0
199,80,15,2400,2260.0,2366.0,2354.0,2260.0,2414.0,2354.0,2354.0,2366.0,2267.0,2371.0,0.280976305900064,0.438419031460071,2.000108398102845,0.02670538599176022,0.3581097065350817,0.5235090288426727,0.20067925468164807,1.0968283993308432,0.19380352555347297,2258.0,2368.0,2406.0,2208.0,2406.0
202,120,10,2400,3432.0,3434.0,3434.0,3432.0,3451.0,3434.0,3434.0,3434.0,3432.0,3434.0,0.19372616515417274,0.3151639038510621,2.0001098828832617,0.02133182760910131,0.23495540748660762,0.3452719149769594,0.19347552762017586,0.9934055750149613,0.18871661756265287,3431.0,3443.0,3443.0,3439.0,3443.0
209,200,5,2000,5334.0,5337.0,5337.0,5335.0,5341.0,5337.0,5337.0,5338.0,5335.0,5338.0,0.2735973460846581,0.41517521554557607,0.9362339708455838,0.01593729168269783,0.3349287388357334,0.44629598708683627,0.19335680161975324,0.9362338590580038,0.18219134851172566,5334.0,5334.0,5334.0,5335.0,5334.0
188,200,20,8000,4407.0,4499.0,4474.0,4407.0,4499.0,4474.0,4474.0,4499.0,4449.0,4499.0,0.36967032217676754,0.5974167954145232,2.0001492858802665,0.04534941769298166,0.5172154304307187,0.7500951221539872,0.2895449896836653,1.7410944967477118,0.25395576318574603,4430.0,4475.0,4475.0,4345.0,4475.0
191,240,15,7200,6068.0,6077.0,6077.0,6068.0,6082.0,6077.0,6077.0,6077.0,6070.0,6077.0,0.3433070958903732,0.5154939462217347,2.000148485795362,0.03857265044314166,0.4353320664230786,0.6364808451447688,0.26312733557424506,1.3406059796592065,0.23769908569817846,6068.0,6075.0,6075.0,6073.0,6075.0
206,160,10,3200,4616.0,4616.0,4616.0,4616.0,4616.0,4616.0,4616.0,4616.0,4616.0,4616.0,0.1621798076570849,0.25847225004254143,2.0001355841071926,0.02320503184571862,0.1782656730088638,0.28933281290897866,0.08198354274441953,0.7510014835634502,0.0754076986250584,4616.0,4616.0,4616.0,4616.0,4616.0
204,120,20,4800,3687.0,3805.0,3805.0,3687.0,3862.0,3805.0,3798.0,3805.0,3715.0,3808.0,0.32142218224626656,0.5258221720032937,2.000124874707544,0.03891132218297571,0.44559475979205065,0.6457025694329058,0.2412383355673713,1.366738893458775,0.23188685520086438,3710.0,3833.0,3833.0,3703.0,3833.0
213,240,5,2400,5735.0,5738.0,5738.0,5738.0,5738.0,5738.0,5738.0,5738.0,5738.0,5738.0,0.1745461699044487,0.30402455023606306,0.99072906016799,0.017243771539457765,0.22373444073367865,0.37115113256693194,0.09431128949780639,0.9907290032160624,0.06929319108875158,5735.0,5737.0,5737.0,5737.0,5737.0
210,200,10,4000,4889.0,4901.0,4901.0,4889.0,4912.0,4901.0,4901.0,4901.0,4889.0,4901.0,0.2177972395909019,0.42141566903702915,1.4736139409644529,0.026222419765079392,0.34120994666940535,0.6261932129035703,0.2173513182285242,1.4733935662528965,0.20849367823591455,4892.0,4906.0,4909.0,4895.0,4909.0
208,160,20,6400,4511.0,4717.0,4656.0,4511.0,4722.0,4656.0,4656.0,4717.0,4521.0,4717.0,0.3366469283074548,0.5601256032190577,2.000122725503752,0.04265323821062338,0.47993492860841797,0.7048124404580449,0.2564744957230869,1.528485849795834,0.24624074196995935,4519.0,4648.0,4648.0,4541.0,4648.0
217,40,5,400,1015.0,1026.0,1024.0,1015.0,1060.0,1026.0,1024.0,1032.0,1024.0,1032.0,0.24653871962800622,0.36699937854427844,2.000372327179648,0.013887811503373086,0.2865186573495157,0.3886018495936878,0.16591119102435187,0.7001321423985064,0.1642069533187896,1015.0,1034.0,1034.0,1033.0,1034.0
219,40,15,1200,1615.0,1689.0,1689.0,1615.0,1757.0,1689.0,1689.0,1689.0,1667.0,1689.0,0.2735849692695774,0.4241858583199792,2.0001915859384463,0.02488488444670414,0.3439541564695537,0.49291283247138684,0.19336137892290328,0.8044577678781935,0.18941073132834088,1628.0,1733.0,1733.0,1625.0,1733.0
221,80,5,800,1873.0,1873.0,1873.0,1873.0,1873.0,1873.0,1873.0,1873.0,1873.0,1873.0,0.012785693663172424,0.012785894513363018,0.01278633504989557,0.012785275710048154,0.012785794738447294,0.012785994138102979,0.012785584322409704,0.012786231745267287,0.012785465595079586,1873.0,,,,1873.0
214,240,10,4800,6383.0,6388.0,6385.0,6383.0,6388.0,6385.0,6385.0,6388.0,6385.0,6388.0,0.3009332762934112,0.5297020430441868,2.000137217025816,0.024417653726801897,0.4495150030567311,0.5953428886834687,0.22076111527373238,1.2805893094005296,0.20900503011381563,6383.0,6386.0,6386.0,6386.0,6386.0
211,200,15,6000,5225.0,5230.0,5230.0,5225.0,5236.0,5230.0,5225.0,5230.0,5225.0,5230.0,0.23995390245318413,0.38378969439243277,2.0000742569505237,0.03699262682876239,0.30357709044388803,0.6490622288462085,0.23972376700211318,1.2127400703821332,0.23001046580821274,5228.0,5234.0,5234.0,5227.0,5234.0
225,120,5,1200,2793.0,2793.0,2793.0,2793.0,2794.0,2793.0,2793.0,2794.0,2793.0,2794.0,0.25174824277171864,0.36646972321982807,2.0001780393579973,0.012616985524849345,0.2861585772999873,0.3844901710647779,0.17132223034122337,0.7526246030232869,0.16623085936453813,2793.0,2793.0,2793.0,2793.0,2793.0
226,120,10,2400,3054.0,3170.0,3105.0,3054.0,3175.0,3105.0,3105.0,3170.0,3081.0,3175.0,0.28661220307423113,0.44158655423826226,2.0001540950425745,0.019821868208236993,0.3613090170667662,0.5275016058341134,0.2063891948251209,1.2872387663573803,0.18865388487077628,2994.0,3101.0,3101.0,2994.0,3101.0
212,200,20,8000,5365.0,5479.0,5478.0,5365.0,5485.0,5478.0,5468.0,5479.0,5401.0,5479.0,0.34288996435771696,0.5623971490734256,2.0001758648207177,0.047275060162995944,0.48224676576221825,0.7489604835934006,0.26273792744544333,1.7432163553171558,0.2548713988529053,5350.0,5461.0,5461.0,5278.0,5461.0
229,160,5,1600,4097.0,4097.0,4097.0,4097.0,4104.0,4097.0,4097.0,4098.0,4097.0,4098.0,0.23903858509729617,0.23903872567112558,0.23903893508482724,0.015285376707324758,0.2390386744198622,0.23903877289267256,0.1986684874346247,0.2390388891409384,0.18466111999878193,4097.0,4097.0,4097.0,4097.0,4097.0
224,80,20,3200,2570.0,2671.0,2671.0,2570.0,2731.0,2671.0,2671.0,2671.0,2590.0,2674.0,0.30092983447539157,0.49104711937718093,2.0001443988870595,0.03205867907905485,0.41087136258167445,0.6056693951197667,0.22070303348154993,1.1736322393841692,0.21267134217836428,2515.0,2690.0,2690.0,2460.0,2690.0
233,200,5,2000,5214.0,5214.0,5214.0,5214.0,5220.0,5214.0,5214.0,5214.0,5214.0,5217.0,0.214507129997015,0.21450720161525533,0.21450733197992666,0.016485096516087653,0.21450716625200583,0.21450723414402456,0.21450706701306627,0.21450729774916544,0.18532083863113075,5214.0,,,,5214.0
215,240,15,7200,6305.0,6309.0,6309.0,6305.0,6309.0,6309.0,6306.0,6309.0,6306.0,6309.0,0.24666958283852888,0.3977460744385866,2.000194140467146,0.03517873042586467,0.31756540453242554,0.578006624349186,0.24645288550527766,1.2682476235799387,0.23337282377476287,6305.0,6307.0,6307.0,6305.0,6307.0
237,240,5,2400,6406.0,6408.0,6408.0,6406.0,6409.0,6408.0,6408.0,6409.0,6406.0,6409.0,0.278183797809761,0.4733462966606021,1.1214818876911885,0.016524884158667798,0.3930100299181261,0.5366154002553473,0.19785380811197684,1.1214818314063209,0.18366775699697124,6406.0,6406.0,6406.0,6406.0,6406.0
238,240,10,4800,12744.0,12744.0,12744.0,12744.0,12744.0,12744.0,12744.0,12744.0,12744.0,12744.0,0.02613919029555594,0.026139216034207494,0.026139268813421948,0.026139131332165562,0.02613920313597191,0.026139229563026067,0.02613917524383093,0.026139255948364734,0.026139156340504996,12744.0,,,,12744.0
239,240,15,7200,6382.0,6382.0,6382.0,6382.0,6382.0,6382.0,6382.0,6382.0,6382.0,6382.0,0.03695454404689372,0.03695456117546807,0.036954600278598565,0.036954504195471395,0.036954552840777775,0.03695457103468167,0.036954535089122754,0.036954591109081066,0.03695452504364463,6382.0,,,,6382.0
228,120,20,4800,3708.0,3909.0,3887.0,3708.0,3928.0,3887.0,3853.0,3909.0,3742.0,3909.0,0.3145527724341567,0.520438925610894,2.0001577036542586,0.038365867206205925,0.4402337892308909,0.6633478801625703,0.23437223416248648,1.3970504325449777,0.22946081003387614,3759.0,3892.0,3926.0,3699.0,3926.0
230,160,10,3200,4279.0,4281.0,4281.0,4279.0,4281.0,4281.0,4281.0,4281.0,4281.0,4281.0,0.2135490134981228,0.33927587023732486,2.0001873120924576,0.024928229606011883,0.25910714414931135,0.3746118403592845,0.21329403698036914,0.8502098560705781,0.20074528320052196,4279.0,4280.0,4280.0,4279.0,4280.0
216,240,20,9600,6228.0,6292.0,6292.0,6228.0,6299.0,6292.0,6282.0,6292.0,6247.0,6292.0,0.3587485209003595,0.6086915547808167,2.0001199468781126,0.045848565575821947,0.5285220391248974,0.7872968661028427,0.27858841771094983,1.7501667549495081,0.26859637129557085,6174.0,6243.0,6243.0,6122.0,6243.0
234,200,10,4000,4879.0,4888.0,4888.0,4879.0,4904.0,4888.0,4884.0,4888.0,4883.0,4888.0,0.22458379742130638,0.33710783046134746,2.000123820310226,0.026485878380713986,0.2569142773747444,0.5933336323602125,0.2243420969727449,1.1642632715783547,0.20547447708970867,4881.0,4885.0,4885.0,4885.0,4885.0
236,200,20,8000,5379.0,5556.0,5528.0,5379.0,5566.0,5528.0,5471.0,5556.0,5417.0,5556.0,0.31878318443044557,0.5579068885411834,2.0001197099414423,0.04533090897870716,0.4777353624061216,0.7280560760619119,0.26515959286736324,1.6876392387399684,0.2578616184059065,5388.0,5504.0,5504.0,5308.0,5504.0
240,240,20,9600,6071.0,6339.0,6245.0,6071.0,6343.0,6245.0,6228.0,6339.0,6090.0,6339.0,0.3733115780445708,0.5948559321224457,2.0001165339137272,0.049189208005749,0.5146422792539428,0.7408091722045598,0.2931705370347481,1.7502263828536768,0.2735059912301949,6143.0,6298.0,6298.0,6047.0,6298.0
