jobCount,stageCount,count,mean_init_dispatch,mean_tau,mean_repair,mean_cp_lb1,mean_post_dispatch1,mean_cp_lb2,mean_post_dispatch2,mean_final,mean_0504_final_dispatch_or_final,mean_0504_final,tau_minus_init,tau_rpdf_vs_init,tau_minus_D_post_dispatch2,tau_rpdf_vs_D_post_dispatch2,tau_minus_0504_dispatch_or_final,tau_rpdf_vs_0504_dispatch_or_final,tau_minus_0504_final,tau_rpdf_vs_0504_final
40,5,10,945.8,920.5,920.3,913.4,913.4,912.1,912.1,907.5,920.4,908.2,-25.3,-2.7023634725627925,8.4,0.9372558371148868,0.1,0.008806677457239528,12.3,1.3513155990669545
40,10,10,1328.7,1285.7,1284.8,1284.8,1284.0,1284.0,1283.9,1254.9,1307.7,1255.1,-43.0,-3.2833287380253267,1.8,0.1369560201846064,-22.0,-1.7164500623034105,30.6,2.410889811480278
40,15,10,1565.8,1506.7,1505.7,1505.7,1505.7,1505.7,1505.7,1458.9,1546.5,1457.1,-59.1,-3.8070482378357235,1.0,0.06239352454536921,-39.8,-2.591585194734653,49.6,3.379899024355609
40,20,10,1968.4,1885.4,1882.5,1882.5,1882.5,1882.5,1882.5,1824.5,1950.1,1828.0,-83.0,-4.2678891376004415,2.9,0.16463452070228157,-64.7,-3.305981849992871,57.4,3.107830198046357
80,5,10,2040.8,2039.2,2038.7,2037.2,2037.2,2037.2,2037.2,2037.2,2037.4,2037.2,-1.6,-0.07560915974872412,2.0,0.09638370495105557,1.8,0.08640366503089589,2.0,0.09638370495105557
80,10,10,1954.1,1921.8,1920.7,1920.7,1914.0,1914.0,1909.4,1856.8,1928.9,1854.3,-32.3,-1.6712643533666403,12.4,0.6679957235235457,-7.1,-0.3826234440209574,67.5,3.554212098013008
80,15,10,2464.2,2420.2,2417.3,2417.3,2410.9,2410.9,2406.0,2337.0,2429.4,2344.9,-44.0,-1.7554708685515075,14.2,0.6058125727837051,-9.2,-0.3574141076815393,75.3,3.1755353423976933
80,20,10,2630.7,2570.2,2567.8,2567.8,2567.8,2567.8,2567.8,2494.2,2606.2,2485.6,-60.5,-2.28621115475101,2.4,0.09338172915042249,-36.0,-1.3653102701762032,84.6,3.3546805351554796
120,5,10,2953.4,2952.5,2952.5,2951.8,2951.8,2951.6,2951.6,2951.4,2951.8,2950.9,-0.9,-0.031063057301185894,0.9,0.030613380739155545,0.7,0.023842646770153946,1.6,0.05496872546912072
120,10,10,3172.9,3168.4,3166.8,3166.8,3159.5,3159.5,3159.0,3149.8,3163.8,3144.3,-4.5,-0.13849913603960204,9.4,0.2995845315036313,4.6,0.15180518842227497,24.1,0.7785223000173808
120,15,10,3331.4,3298.4,3297.2,3297.2,3282.8,3282.8,3272.6,3168.8,3286.1,3190.1,-33.0,-0.9726643201713339,25.8,0.7827826975710883,12.3,0.39691091509642945,108.3,3.3603466502444226
120,20,10,3687.2,3649.7,3648.8,3648.8,3643.1,3643.1,3634.5,3513.1,3652.5,3524.0,-37.5,-1.0045137815359904,15.2,0.42978943098727046,-2.8,-0.040106360293564604,125.7,3.522753314470093
160,5,10,4154.6,4152.9,4152.9,4152.3,4152.1,4152.1,4152.1,4151.9,4151.8,4151.7,-1.7,-0.04215171645051217,0.8,0.01935240022330124,1.1,0.02692266368380499,1.2,0.029459768846813998
160,10,10,4312.1,4307.4,4307.4,4307.4,4306.4,4306.4,4306.2,4303.2,4308.9,4303.2,-4.7,-0.11036915757773288,1.2,0.028923214689844802,-1.5,-0.03551456163967599,4.2,0.10000156103125338
160,15,10,4171.1,4159.7,4159.4,4159.4,4143.4,4143.4,4121.8,4026.3,4130.8,4047.9,-11.4,-0.27379273332337123,37.9,0.9127522039185347,28.9,0.7045600548529516,111.8,2.742385510226658
160,20,10,4199.5,4186.5,4186.5,4186.5,4170.3,4170.3,4156.6,4045.7,4163.2,4041.1,-13.0,-0.3186519460167165,29.9,0.7005596725944174,23.3,0.5307971864429929,145.4,3.5287628196929695
200,5,10,5084.8,5083.7,5083.4,5081.5,5080.4,5080.3,5080.3,5080.1,5080.5,5079.7,-1.1,-0.021300564215310527,3.4,0.06691246038245355,3.2,0.06287503748915783,4.0,0.0785345757769366
200,10,10,5173.9,5168.7,5168.7,5168.7,5166.5,5166.5,5165.6,5163.6,5168.3,5163.9,-5.2,-0.10196488099018419,3.1,0.06091857428408025,0.4,0.008091582167313897,4.8,0.09494664267487926
200,15,10,5271.6,5258.3,5258.3,5258.3,5254.3,5254.3,5252.7,5237.4,5261.3,5238.8,-13.3,-0.2528429505170551,5.6,0.1091889104666733,-3.0,-0.05186657953475957,19.5,0.3776596167381729
200,20,10,5057.2,5046.9,5046.9,5046.9,5028.6,5028.6,5011.5,4915.0,5008.4,4920.3,-10.3,-0.20197820093547011,35.4,0.7130361479243565,38.5,0.789898469248632,126.6,2.584309576158848
240,5,10,6099.3,6098.8,6098.8,6097.5,6097.5,6097.4,6097.4,6097.2,6097.3,6096.8,-0.5,-0.008549200649739248,1.4,0.022574591628609194,1.5,0.024108026174353737,2.0,0.03257098969023592
240,10,10,6818.0,6817.1,6817.1,6817.1,6816.4,6816.4,6816.2,6813.0,6818.3,6814.1,-0.9,-0.014969937857767252,0.9,0.014516171907046942,-1.2,-0.01934495243422147,3.0,0.048901031639023394
240,15,10,6310.6,6306.6,6306.6,6306.6,6303.9,6303.9,6303.6,6301.2,6303.5,6300.5,-4.0,-0.06320000030530419,3.0,0.04744177764459287,3.1,0.04962662971932518,6.1,0.0979631678091336
240,20,10,6151.0,6132.6,6132.6,6132.6,6091.1,6091.1,6065.6,5967.0,6091.3,5993.4,-18.4,-0.2924635762646496,67.0,1.0929398003553525,41.3,0.6939229537751581,139.2,2.2945402119587825
