insName,jobCount,stageCount,best_prefix_obj,first_best_source,last_best_source,strict_last_improvement_source,init_dispatch,tau,post_dispatch1,post_dispatch2
3,40,15,1541.0,tau,post_dispatch2,tau,1568.0,1541.0,1541.0,1541.0
4,40,20,1979.0,post_dispatch1,post_dispatch2,post_dispatch1,2072.0,1980.0,1979.0,1979.0
28,40,20,1956.0,tau,post_dispatch2,tau,2040.0,1956.0,1956.0,1956.0
51,40,15,1656.0,tau,post_dispatch2,tau,1734.0,1656.0,1656.0,1656.0
35,120,15,3433.0,post_dispatch2,post_dispatch2,post_dispatch2,3552.0,3475.0,3474.0,3433.0
11,120,15,3356.0,post_dispatch2,post_dispatch2,post_dispatch2,3460.0,3415.0,3366.0,3356.0
54,80,10,1893.0,post_dispatch1,post_dispatch2,post_dispatch1,1915.0,1894.0,1893.0,1893.0
73,40,5,855.0,post_dispatch1,post_dispatch2,post_dispatch1,884.0,865.0,855.0,855.0
36,120,20,3671.0,tau,post_dispatch2,tau,3710.0,3671.0,3671.0,3671.0
16,160,20,4591.0,post_dispatch2,post_dispatch2,post_dispatch2,4642.0,4607.0,4607.0,4591.0
39,160,15,4223.0,post_dispatch2,post_dispatch2,post_dispatch2,4286.0,4274.0,4244.0,4223.0
76,40,20,1612.0,tau,post_dispatch2,tau,1708.0,1612.0,1612.0,1612.0
56,80,20,2821.0,post_dispatch1,post_dispatch2,post_dispatch1,2928.0,2826.0,2821.0,2821.0
78,80,10,1695.0,post_dispatch1,post_dispatch2,post_dispatch1,1746.0,1697.0,1695.0,1695.0
98,40,10,1349.0,post_dispatch1,post_dispatch2,post_dispatch1,1402.0,1351.0,1349.0,1349.0
99,40,15,1362.0,post_dispatch1,post_dispatch2,post_dispatch1,1413.0,1363.0,1362.0,1362.0
100,40,20,1680.0,post_dispatch1,post_dispatch2,post_dispatch1,1726.0,1683.0,1680.0,1680.0
84,120,20,3759.0,post_dispatch2,post_dispatch2,post_dispatch2,3780.0,3780.0,3764.0,3759.0
87,160,15,4320.0,post_dispatch2,post_dispatch2,post_dispatch2,4344.0,4338.0,4338.0,4320.0
103,80,15,2169.0,tau,post_dispatch2,tau,2242.0,2169.0,2169.0,2169.0
68,200,20,5455.0,init_dispatch,post_dispatch2,init_dispatch,5455.0,5455.0,5455.0,5455.0
107,120,15,3412.0,post_dispatch1,post_dispatch2,post_dispatch1,3446.0,3430.0,3412.0,3412.0
123,40,15,1269.0,tau,post_dispatch2,tau,1331.0,1269.0,1269.0,1269.0
108,120,20,3798.0,post_dispatch1,post_dispatch2,post_dispatch1,3828.0,3802.0,3798.0,3798.0
111,160,15,3618.0,post_dispatch2,post_dispatch2,post_dispatch2,3675.0,3661.0,3645.0,3618.0
96,240,20,6223.0,post_dispatch1,post_dispatch2,post_dispatch1,6284.0,6283.0,6223.0,6223.0
131,120,15,3382.0,post_dispatch2,post_dispatch2,post_dispatch2,3453.0,3407.0,3396.0,3382.0
135,160,15,3548.0,post_dispatch2,post_dispatch2,post_dispatch2,3573.0,3567.0,3550.0,3548.0
152,80,20,2498.0,post_dispatch1,post_dispatch2,post_dispatch1,2579.0,2502.0,2498.0,2498.0
120,240,20,6369.0,post_dispatch2,post_dispatch2,post_dispatch2,6401.0,6382.0,6382.0,6369.0
156,120,20,3100.0,post_dispatch2,post_dispatch2,post_dispatch2,3128.0,3128.0,3126.0,3100.0
159,160,15,4296.0,post_dispatch2,post_dispatch2,post_dispatch2,4378.0,4378.0,4332.0,4296.0
172,40,20,1714.0,post_dispatch1,post_dispatch2,post_dispatch1,1796.0,1718.0,1714.0,1714.0
160,160,20,3860.0,post_dispatch1,post_dispatch2,post_dispatch1,3872.0,3872.0,3860.0,3860.0
198,80,10,1707.0,post_dispatch2,post_dispatch2,post_dispatch2,1778.0,1760.0,1722.0,1707.0
140,200,20,4582.0,post_dispatch1,post_dispatch2,post_dispatch1,4623.0,4600.0,4582.0,4582.0
176,80,20,2480.0,post_dispatch1,post_dispatch2,post_dispatch1,2518.0,2483.0,2480.0,2480.0
218,40,10,1403.0,post_dispatch1,post_dispatch2,post_dispatch1,1457.0,1404.0,1403.0,1403.0
220,40,20,1618.0,post_dispatch1,post_dispatch2,post_dispatch1,1711.0,1627.0,1618.0,1618.0
164,200,20,4437.0,post_dispatch1,post_dispatch2,post_dispatch1,4494.0,4492.0,4437.0,4437.0
200,80,20,2451.0,post_dispatch1,post_dispatch2,post_dispatch1,2509.0,2455.0,2451.0,2451.0
203,120,15,3377.0,post_dispatch2,post_dispatch2,post_dispatch2,3398.0,3398.0,3395.0,3377.0
222,80,10,2210.0,post_dispatch1,post_dispatch2,post_dispatch1,2262.0,2219.0,2210.0,2210.0
207,160,15,4251.0,post_dispatch2,post_dispatch2,post_dispatch2,4305.0,4305.0,4291.0,4251.0
223,80,15,2423.0,post_dispatch2,post_dispatch2,post_dispatch2,2458.0,2433.0,2429.0,2423.0
227,120,15,3379.0,post_dispatch1,post_dispatch2,post_dispatch1,3449.0,3386.0,3379.0,3379.0
192,240,20,6292.0,post_dispatch2,post_dispatch2,post_dispatch2,6407.0,6344.0,6318.0,6292.0
231,160,15,4250.0,post_dispatch2,post_dispatch2,post_dispatch2,4317.0,4271.0,4258.0,4250.0
232,160,20,4385.0,post_dispatch1,post_dispatch2,post_dispatch1,4414.0,4414.0,4385.0,4385.0
235,200,15,5102.0,post_dispatch2,post_dispatch2,post_dispatch2,5153.0,5150.0,5113.0,5102.0
1,40,5,976.0,post_dispatch1,post_dispatch2,post_dispatch1,980.0,977.0,976.0,976.0
5,80,5,1974.0,post_dispatch1,post_dispatch2,post_dispatch1,1976.0,1976.0,1974.0,1974.0
2,40,10,1293.0,post_dispatch1,post_dispatch2,post_dispatch1,1315.0,1304.0,1293.0,1293.0
9,120,5,2819.0,post_dispatch1,post_dispatch2,post_dispatch1,2824.0,2821.0,2819.0,2819.0
13,160,5,4141.0,init_dispatch,post_dispatch2,init_dispatch,4141.0,4141.0,4141.0,4141.0
7,80,15,2351.0,post_dispatch1,post_dispatch2,post_dispatch1,2360.0,2359.0,2351.0,2351.0
6,80,10,2260.0,tau,post_dispatch2,tau,2297.0,2260.0,2260.0,2260.0
17,200,5,5020.0,post_dispatch2,post_dispatch2,post_dispatch2,5027.0,5027.0,5021.0,5020.0
10,120,10,3133.0,post_dispatch1,post_dispatch2,post_dispatch1,3137.0,3137.0,3133.0,3133.0
8,80,20,2471.0,post_dispatch1,post_dispatch2,post_dispatch1,2527.0,2472.0,2471.0,2471.0
14,160,10,4278.0,tau,post_dispatch2,tau,4302.0,4278.0,4278.0,4278.0
12,120,20,3681.0,tau,post_dispatch2,tau,3704.0,3681.0,3681.0,3681.0
15,160,15,4295.0,tau,post_dispatch2,tau,4313.0,4295.0,4295.0,4295.0
18,200,10,5536.0,post_dispatch2,post_dispatch2,post_dispatch2,5550.0,5537.0,5537.0,5536.0
21,240,5,6347.0,post_dispatch1,post_dispatch2,post_dispatch1,6354.0,6354.0,6347.0,6347.0
25,40,5,978.0,post_dispatch1,post_dispatch2,post_dispatch1,989.0,981.0,978.0,978.0
26,40,10,1318.0,post_dispatch2,post_dispatch2,post_dispatch2,1333.0,1322.0,1319.0,1318.0
22,240,10,6235.0,init_dispatch,post_dispatch2,init_dispatch,6235.0,6235.0,6235.0,6235.0
29,80,5,2098.0,post_dispatch1,post_dispatch2,post_dispatch1,2104.0,2100.0,2098.0,2098.0
27,40,15,1608.0,tau,post_dispatch2,tau,1683.0,1608.0,1608.0,1608.0
23,240,15,6506.0,post_dispatch1,post_dispatch2,post_dispatch1,6530.0,6517.0,6506.0,6506.0
19,200,15,5198.0,tau,post_dispatch2,tau,5237.0,5198.0,5198.0,5198.0
33,120,5,3051.0,post_dispatch1,post_dispatch2,post_dispatch1,3052.0,3052.0,3051.0,3051.0
31,80,15,2332.0,post_dispatch2,post_dispatch2,post_dispatch2,2354.0,2354.0,2342.0,2332.0
30,80,10,2123.0,post_dispatch2,post_dispatch2,post_dispatch2,2172.0,2148.0,2146.0,2123.0
37,160,5,3942.0,init_dispatch,post_dispatch2,init_dispatch,3942.0,3942.0,3942.0,3942.0
34,120,10,2977.0,post_dispatch1,post_dispatch2,post_dispatch1,2978.0,2978.0,2977.0,2977.0
41,200,5,5010.0,post_dispatch1,post_dispatch2,post_dispatch1,5017.0,5017.0,5010.0,5010.0
20,200,20,5618.0,tau,post_dispatch2,tau,5639.0,5618.0,5618.0,5618.0
32,80,20,2508.0,post_dispatch1,post_dispatch2,post_dispatch1,2540.0,2511.0,2508.0,2508.0
43,200,15,5253.0,tau,post_dispatch2,tau,5267.0,5253.0,5253.0,5253.0
45,240,5,5964.0,init_dispatch,post_dispatch2,init_dispatch,5964.0,5964.0,5964.0,5964.0
38,160,10,3906.0,post_dispatch1,post_dispatch2,post_dispatch1,3909.0,3909.0,3906.0,3906.0
47,240,15,6425.0,tau,post_dispatch2,tau,6437.0,6425.0,6425.0,6425.0
46,240,10,6098.0,post_dispatch1,post_dispatch2,post_dispatch1,6100.0,6100.0,6098.0,6098.0
49,40,5,883.0,post_dispatch2,post_dispatch2,post_dispatch2,945.0,895.0,892.0,883.0
42,200,10,4944.0,post_dispatch1,post_dispatch2,post_dispatch1,4953.0,4950.0,4944.0,4944.0
50,40,10,1201.0,tau,post_dispatch2,tau,1222.0,1201.0,1201.0,1201.0
53,80,5,2071.0,post_dispatch1,post_dispatch2,post_dispatch1,2074.0,2074.0,2071.0,2071.0
24,240,20,6198.0,post_dispatch2,post_dispatch2,post_dispatch2,6340.0,6275.0,6240.0,6198.0
40,160,20,3859.0,post_dispatch1,post_dispatch2,post_dispatch1,3871.0,3864.0,3859.0,3859.0
57,120,5,2934.0,post_dispatch2,post_dispatch2,post_dispatch2,2936.0,2936.0,2936.0,2934.0
52,40,20,1645.0,tau,post_dispatch2,tau,1663.0,1645.0,1645.0,1645.0
55,80,15,2567.0,post_dispatch2,post_dispatch2,post_dispatch2,2610.0,2573.0,2573.0,2567.0
61,160,5,4365.0,post_dispatch1,post_dispatch2,post_dispatch1,4366.0,4366.0,4365.0,4365.0
58,120,10,3135.0,post_dispatch2,post_dispatch2,post_dispatch2,3142.0,3142.0,3137.0,3135.0
44,200,20,5553.0,post_dispatch2,post_dispatch2,post_dispatch2,5649.0,5629.0,5623.0,5553.0
59,120,15,2798.0,post_dispatch2,post_dispatch2,post_dispatch2,2840.0,2822.0,2817.0,2798.0
65,200,5,4868.0,init_dispatch,post_dispatch2,init_dispatch,4868.0,4868.0,4868.0,4868.0
66,200,10,5095.0,post_dispatch2,post_dispatch2,post_dispatch2,5101.0,5101.0,5099.0,5095.0
62,160,10,4586.0,init_dispatch,post_dispatch2,init_dispatch,4586.0,4586.0,4586.0,4586.0
60,120,20,3702.0,post_dispatch1,post_dispatch2,post_dispatch1,3804.0,3703.0,3702.0,3702.0
70,240,10,6482.0,init_dispatch,post_dispatch2,init_dispatch,6482.0,6482.0,6482.0,6482.0
69,240,5,6079.0,post_dispatch2,post_dispatch2,post_dispatch2,6080.0,6080.0,6080.0,6079.0
48,240,20,5270.0,post_dispatch2,post_dispatch2,post_dispatch2,5330.0,5330.0,5310.0,5270.0
63,160,15,4188.0,post_dispatch2,post_dispatch2,post_dispatch2,4230.0,4230.0,4230.0,4188.0
67,200,15,5243.0,init_dispatch,post_dispatch2,init_dispatch,5243.0,5243.0,5243.0,5243.0
77,80,5,1898.0,init_dispatch,post_dispatch2,init_dispatch,1898.0,1898.0,1898.0,1898.0
74,40,10,1331.0,tau,post_dispatch2,tau,1373.0,1331.0,1331.0,1331.0
75,40,15,1415.0,tau,post_dispatch2,tau,1500.0,1415.0,1415.0,1415.0
81,120,5,3195.0,post_dispatch1,post_dispatch2,post_dispatch1,3196.0,3196.0,3195.0,3195.0
64,160,20,4014.0,post_dispatch2,post_dispatch2,post_dispatch2,4060.0,4053.0,4053.0,4014.0
79,80,15,2634.0,post_dispatch1,post_dispatch2,post_dispatch1,2719.0,2663.0,2634.0,2634.0
71,240,15,6037.0,init_dispatch,post_dispatch2,init_dispatch,6037.0,6037.0,6037.0,6037.0
82,120,10,3198.0,post_dispatch1,post_dispatch2,post_dispatch1,3200.0,3199.0,3198.0,3198.0
80,80,20,2906.0,tau,post_dispatch2,tau,3012.0,2906.0,2906.0,2906.0
89,200,5,5146.0,post_dispatch1,post_dispatch2,post_dispatch1,5149.0,5149.0,5146.0,5146.0
90,200,10,5229.0,tau,post_dispatch2,tau,5230.0,5229.0,5229.0,5229.0
85,160,5,3940.0,tau,post_dispatch2,tau,3945.0,3940.0,3940.0,3940.0
83,120,15,2863.0,post_dispatch1,post_dispatch2,post_dispatch1,2886.0,2879.0,2863.0,2863.0
86,160,10,4157.0,tau,post_dispatch2,tau,4163.0,4157.0,4157.0,4157.0
93,240,5,6127.0,post_dispatch1,post_dispatch2,post_dispatch1,6129.0,6129.0,6127.0,6127.0
94,240,10,6142.0,tau,post_dispatch2,tau,6146.0,6142.0,6142.0,6142.0
97,40,5,768.0,post_dispatch1,post_dispatch2,post_dispatch1,787.0,772.0,768.0,768.0
101,80,5,2164.0,post_dispatch1,post_dispatch2,post_dispatch1,2170.0,2167.0,2164.0,2164.0
72,240,20,5189.0,post_dispatch2,post_dispatch2,post_dispatch2,5238.0,5229.0,5194.0,5189.0
88,160,20,3786.0,post_dispatch1,post_dispatch2,post_dispatch1,3847.0,3807.0,3786.0,3786.0
91,200,15,5249.0,tau,post_dispatch2,tau,5274.0,5249.0,5249.0,5249.0
102,80,10,1716.0,post_dispatch1,post_dispatch2,post_dispatch1,1750.0,1719.0,1716.0,1716.0
109,160,5,4071.0,post_dispatch1,post_dispatch2,post_dispatch1,4075.0,4072.0,4071.0,4071.0
105,120,5,2890.0,post_dispatch1,post_dispatch2,post_dispatch1,2891.0,2891.0,2890.0,2890.0
104,80,20,2404.0,tau,post_dispatch2,tau,2460.0,2404.0,2404.0,2404.0
92,200,20,4512.0,post_dispatch2,post_dispatch2,post_dispatch2,4581.0,4560.0,4546.0,4512.0
106,120,10,3236.0,post_dispatch1,post_dispatch2,post_dispatch1,3242.0,3237.0,3236.0,3236.0
95,240,15,6637.0,post_dispatch1,post_dispatch2,post_dispatch1,6638.0,6638.0,6637.0,6637.0
110,160,10,4182.0,post_dispatch1,post_dispatch2,post_dispatch1,4200.0,4188.0,4182.0,4182.0
117,240,5,6319.0,init_dispatch,post_dispatch2,init_dispatch,6319.0,6319.0,6319.0,6319.0
113,200,5,4997.0,post_dispatch1,post_dispatch2,post_dispatch1,5000.0,5000.0,4997.0,4997.0
114,200,10,5470.0,init_dispatch,post_dispatch2,init_dispatch,5470.0,5470.0,5470.0,5470.0
121,40,5,890.0,post_dispatch1,post_dispatch2,post_dispatch1,939.0,898.0,890.0,890.0
112,160,20,3891.0,post_dispatch2,post_dispatch2,post_dispatch2,3913.0,3913.0,3913.0,3891.0
122,40,10,1330.0,tau,post_dispatch2,tau,1372.0,1330.0,1330.0,1330.0
125,80,5,2103.0,post_dispatch1,post_dispatch2,post_dispatch1,2115.0,2107.0,2103.0,2103.0
119,240,15,6416.0,post_dispatch1,post_dispatch2,post_dispatch1,6417.0,6417.0,6416.0,6416.0
115,200,15,5185.0,tau,post_dispatch2,tau,5213.0,5185.0,5185.0,5185.0
118,240,10,6189.0,post_dispatch2,post_dispatch2,post_dispatch2,6191.0,6191.0,6191.0,6189.0
129,120,5,2874.0,init_dispatch,post_dispatch2,init_dispatch,2874.0,2874.0,2874.0,2874.0
124,40,20,2029.0,post_dispatch1,post_dispatch2,post_dispatch1,2132.0,2033.0,2029.0,2029.0
126,80,10,1863.0,post_dispatch1,post_dispatch2,post_dispatch1,1940.0,1867.0,1863.0,1863.0
130,120,10,3138.0,post_dispatch1,post_dispatch2,post_dispatch1,3141.0,3139.0,3138.0,3138.0
133,160,5,4012.0,post_dispatch1,post_dispatch2,post_dispatch1,4017.0,4015.0,4012.0,4012.0
127,80,15,2084.0,post_dispatch2,post_dispatch2,post_dispatch2,2134.0,2128.0,2111.0,2084.0
137,200,5,5049.0,post_dispatch1,post_dispatch2,post_dispatch1,5055.0,5052.0,5049.0,5049.0
138,200,10,5169.0,post_dispatch1,post_dispatch2,post_dispatch1,5184.0,5176.0,5169.0,5169.0
116,200,20,4545.0,post_dispatch1,post_dispatch2,post_dispatch1,4581.0,4581.0,4545.0,4545.0
128,80,20,2468.0,post_dispatch1,post_dispatch2,post_dispatch1,2503.0,2469.0,2468.0,2468.0
141,240,5,5845.0,post_dispatch1,post_dispatch2,post_dispatch1,5851.0,5846.0,5845.0,5845.0
134,160,10,4328.0,tau,post_dispatch2,tau,4330.0,4328.0,4328.0,4328.0
132,120,20,3138.0,post_dispatch2,post_dispatch2,post_dispatch2,3202.0,3168.0,3152.0,3138.0
145,40,5,785.0,post_dispatch2,post_dispatch2,post_dispatch2,816.0,801.0,786.0,785.0
146,40,10,1165.0,tau,post_dispatch2,tau,1225.0,1165.0,1165.0,1165.0
147,40,15,1345.0,post_dispatch1,post_dispatch2,post_dispatch1,1373.0,1347.0,1345.0,1345.0
136,160,20,3836.0,post_dispatch2,post_dispatch2,post_dispatch2,3910.0,3874.0,3853.0,3836.0
142,240,10,5908.0,tau,post_dispatch2,tau,5913.0,5908.0,5908.0,5908.0
143,240,15,6097.0,tau,post_dispatch2,tau,6107.0,6097.0,6097.0,6097.0
149,80,5,2003.0,post_dispatch1,post_dispatch2,post_dispatch1,2005.0,2005.0,2003.0,2003.0
153,120,5,2757.0,tau,post_dispatch2,tau,2760.0,2757.0,2757.0,2757.0
139,200,15,5597.0,tau,post_dispatch2,tau,5599.0,5597.0,5597.0,5597.0
148,40,20,2834.0,post_dispatch1,post_dispatch2,post_dispatch1,2965.0,2835.0,2834.0,2834.0
157,160,5,4391.0,init_dispatch,post_dispatch2,init_dispatch,4391.0,4391.0,4391.0,4391.0
154,120,10,3140.0,post_dispatch2,post_dispatch2,post_dispatch2,3150.0,3145.0,3143.0,3140.0
150,80,10,1823.0,post_dispatch2,post_dispatch2,post_dispatch2,1851.0,1831.0,1831.0,1823.0
158,160,10,4429.0,post_dispatch2,post_dispatch2,post_dispatch2,4433.0,4430.0,4430.0,4429.0
161,200,5,5002.0,post_dispatch1,post_dispatch2,post_dispatch1,5005.0,5003.0,5002.0,5002.0
165,240,5,5930.0,post_dispatch1,post_dispatch2,post_dispatch1,5932.0,5932.0,5930.0,5930.0
151,80,15,2544.0,tau,post_dispatch2,tau,2665.0,2544.0,2544.0,2544.0
163,200,15,5012.0,post_dispatch1,post_dispatch2,post_dispatch1,5015.0,5015.0,5012.0,5012.0
155,120,15,3387.0,post_dispatch1,post_dispatch2,post_dispatch1,3446.0,3388.0,3387.0,3387.0
169,40,5,1019.0,post_dispatch1,post_dispatch2,post_dispatch1,1059.0,1029.0,1019.0,1019.0
162,200,10,5173.0,post_dispatch1,post_dispatch2,post_dispatch1,5179.0,5179.0,5173.0,5173.0
144,240,20,6242.0,post_dispatch2,post_dispatch2,post_dispatch2,6370.0,6370.0,6299.0,6242.0
173,80,5,2058.0,post_dispatch1,post_dispatch2,post_dispatch1,2063.0,2062.0,2058.0,2058.0
170,40,10,1155.0,tau,post_dispatch2,tau,1196.0,1155.0,1155.0,1155.0
171,40,15,1434.0,tau,post_dispatch2,tau,1465.0,1434.0,1434.0,1434.0
166,240,10,6044.0,post_dispatch1,post_dispatch2,post_dispatch1,6046.0,6046.0,6044.0,6044.0
174,80,10,1804.0,post_dispatch1,post_dispatch2,post_dispatch1,1830.0,1823.0,1804.0,1804.0
177,120,5,3137.0,tau,post_dispatch2,tau,3140.0,3137.0,3137.0,3137.0
178,120,10,3094.0,post_dispatch1,post_dispatch2,post_dispatch1,3113.0,3098.0,3094.0,3094.0
181,160,5,4554.0,post_dispatch1,post_dispatch2,post_dispatch1,4555.0,4555.0,4554.0,4554.0
175,80,15,2602.0,post_dispatch1,post_dispatch2,post_dispatch1,2686.0,2608.0,2602.0,2602.0
182,160,10,4299.0,post_dispatch2,post_dispatch2,post_dispatch2,4301.0,4301.0,4300.0,4299.0
167,240,15,6153.0,post_dispatch1,post_dispatch2,post_dispatch1,6167.0,6167.0,6153.0,6153.0
185,200,5,5160.0,post_dispatch1,post_dispatch2,post_dispatch1,5166.0,5166.0,5160.0,5160.0
179,120,15,3339.0,post_dispatch1,post_dispatch2,post_dispatch1,3384.0,3384.0,3339.0,3339.0
186,200,10,5255.0,post_dispatch1,post_dispatch2,post_dispatch1,5256.0,5256.0,5255.0,5255.0
168,240,20,6363.0,post_dispatch2,post_dispatch2,post_dispatch2,6498.0,6482.0,6408.0,6363.0
189,240,5,6217.0,init_dispatch,post_dispatch2,init_dispatch,6217.0,6217.0,6217.0,6217.0
180,120,20,3845.0,post_dispatch1,post_dispatch2,post_dispatch1,3926.0,3847.0,3845.0,3845.0
190,240,10,5935.0,init_dispatch,post_dispatch2,init_dispatch,5935.0,5935.0,5935.0,5935.0
183,160,15,4229.0,post_dispatch2,post_dispatch2,post_dispatch2,4290.0,4278.0,4251.0,4229.0
193,40,5,943.0,post_dispatch2,post_dispatch2,post_dispatch2,999.0,955.0,944.0,943.0
194,40,10,1294.0,tau,post_dispatch2,tau,1392.0,1294.0,1294.0,1294.0
195,40,15,1738.0,post_dispatch1,post_dispatch2,post_dispatch1,1834.0,1745.0,1738.0,1738.0
197,80,5,2130.0,init_dispatch,post_dispatch2,init_dispatch,2130.0,2130.0,2130.0,2130.0
184,160,20,4688.0,post_dispatch2,post_dispatch2,post_dispatch2,4744.0,4744.0,4731.0,4688.0
201,120,5,3066.0,post_dispatch1,post_dispatch2,post_dispatch1,3067.0,3067.0,3066.0,3066.0
196,40,20,1758.0,post_dispatch1,post_dispatch2,post_dispatch1,1871.0,1765.0,1758.0,1758.0
187,200,15,5463.0,tau,post_dispatch2,tau,5479.0,5463.0,5463.0,5463.0
205,160,5,4008.0,post_dispatch1,post_dispatch2,post_dispatch1,4010.0,4009.0,4008.0,4008.0
199,80,15,2354.0,post_dispatch1,post_dispatch2,post_dispatch1,2414.0,2371.0,2354.0,2354.0
202,120,10,3434.0,tau,post_dispatch2,tau,3451.0,3434.0,3434.0,3434.0
209,200,5,5337.0,post_dispatch1,post_dispatch2,post_dispatch1,5341.0,5338.0,5337.0,5337.0
188,200,20,4474.0,post_dispatch1,post_dispatch2,post_dispatch1,4499.0,4499.0,4474.0,4474.0
191,240,15,6077.0,tau,post_dispatch2,tau,6082.0,6077.0,6077.0,6077.0
206,160,10,4616.0,init_dispatch,post_dispatch2,init_dispatch,4616.0,4616.0,4616.0,4616.0
204,120,20,3798.0,post_dispatch2,post_dispatch2,post_dispatch2,3862.0,3808.0,3805.0,3798.0
213,240,5,5738.0,init_dispatch,post_dispatch2,init_dispatch,5738.0,5738.0,5738.0,5738.0
210,200,10,4901.0,tau,post_dispatch2,tau,4912.0,4901.0,4901.0,4901.0
208,160,20,4656.0,post_dispatch1,post_dispatch2,post_dispatch1,4722.0,4717.0,4656.0,4656.0
217,40,5,1024.0,post_dispatch2,post_dispatch2,post_dispatch2,1060.0,1032.0,1026.0,1024.0
219,40,15,1689.0,tau,post_dispatch2,tau,1757.0,1689.0,1689.0,1689.0
221,80,5,1873.0,init_dispatch,post_dispatch2,init_dispatch,1873.0,1873.0,1873.0,1873.0
214,240,10,6385.0,post_dispatch1,post_dispatch2,post_dispatch1,6388.0,6388.0,6385.0,6385.0
211,200,15,5225.0,post_dispatch2,post_dispatch2,post_dispatch2,5236.0,5230.0,5230.0,5225.0
225,120,5,2793.0,post_dispatch1,post_dispatch2,post_dispatch1,2794.0,2794.0,2793.0,2793.0
226,120,10,3105.0,post_dispatch1,post_dispatch2,post_dispatch1,3175.0,3175.0,3105.0,3105.0
212,200,20,5468.0,post_dispatch2,post_dispatch2,post_dispatch2,5485.0,5479.0,5478.0,5468.0
229,160,5,4097.0,post_dispatch1,post_dispatch2,post_dispatch1,4104.0,4098.0,4097.0,4097.0
224,80,20,2671.0,post_dispatch1,post_dispatch2,post_dispatch1,2731.0,2674.0,2671.0,2671.0
233,200,5,5214.0,post_dispatch1,post_dispatch2,post_dispatch1,5220.0,5217.0,5214.0,5214.0
215,240,15,6306.0,post_dispatch2,post_dispatch2,post_dispatch2,6309.0,6309.0,6309.0,6306.0
237,240,5,6408.0,post_dispatch1,post_dispatch2,post_dispatch1,6409.0,6409.0,6408.0,6408.0
238,240,10,12744.0,init_dispatch,post_dispatch2,init_dispatch,12744.0,12744.0,12744.0,12744.0
239,240,15,6382.0,init_dispatch,post_dispatch2,init_dispatch,6382.0,6382.0,6382.0,6382.0
228,120,20,3853.0,post_dispatch2,post_dispatch2,post_dispatch2,3928.0,3909.0,3887.0,3853.0
230,160,10,4281.0,init_dispatch,post_dispatch2,init_dispatch,4281.0,4281.0,4281.0,4281.0
216,240,20,6282.0,post_dispatch2,post_dispatch2,post_dispatch2,6299.0,6292.0,6292.0,6282.0
234,200,10,4884.0,post_dispatch2,post_dispatch2,post_dispatch2,4904.0,4888.0,4888.0,4884.0
236,200,20,5471.0,post_dispatch2,post_dispatch2,post_dispatch2,5566.0,5556.0,5528.0,5471.0
240,240,20,6228.0,post_dispatch2,post_dispatch2,post_dispatch2,6343.0,6339.0,6245.0,6228.0
