run_id,count,improve_n,worse_n,0504_plus_candidate_oracle_mean,base_mean_on_improved,cand_mean_on_improved
20260510T025423_238291/20260510-01,240,73,69,-0.04667881019653167,0.46170798504016314,0.004316943890439646
20260501T034519_627934/20260429-2,240,68,72,-0.03931041215891648,0.27302744320364897,-0.1919891814272653
20260429T155141_962595/20260429-1,240,70,71,-0.022922057807332783,0.46718840011920154,0.07164660825460041
20260427T232937_696372/20260427-1,240,60,78,-0.02238333692333009,0.48563866250763227,0.02632812220160831
20260513T152336_096398/20260514-1,50,27,23,0.02405359400709912,0.44546335012292,-0.16245402006442908
20260411T101357_046173/20260410-02,240,38,108,0.03787832364514044,0.4995952623607216,0.15496805494155036
20260508T214750_473411/20260508-full240-0504-backbone-neh-adaptive-cp-2nc,107,27,33,0.04149407492319844,0.27866701770203706,-0.1742238554533181
20260514T084607_028368/20260514-2,50,24,26,0.04590072160881244,0.5377567777306868,0.07232101228705216
20260502T165452_512420/20260502-01,133,26,49,0.05266342546955039,0.16838096577281592,-0.19882708976834246
20260511T113311_435296/20260511-01,69,18,19,0.06620706307026071,0.27207885044881747,-0.07775095065671822
20260506T092516_756685/20260506-01,15,10,5,0.06740567514721277,1.6521556976507927,1.0512287455076779
20260512T113404_464922/20260512-delayonly,12,9,3,0.06759023848356491,1.670128407986478,1.0073534834635185
20260424T082903_591120/20260423-02-2nc,113,20,48,0.0725872559927975,0.25920750998817554,0.020923004063634613
20260504T021119_815294/20260502-01,52,15,15,0.07334775901630557,0.5890029753575092,0.28345834916758417
20260514T015939_540922/20260514-2,23,9,14,0.07414210971796,0.15404523496268827,-0.3340131233097357
20260513T015949_457294/20260513-1,28,9,17,0.07444177013674377,0.8361728199098051,0.35610540613828184
20260506T171147_164642/20260506-01,28,5,9,0.07574077453602798,0.855276777562095,0.05350764393899534
20260426T225022_763309/20260426-01,88,11,41,0.07786744777902464,0.12749640422703967,-0.19054396757262382
20260506T052611_677366/20260506-01,6,5,1,0.07827665175013426,1.9439985304769702,1.2639515031309723
20260503T122116_783419/20260502-01,53,11,19,0.08003136129086959,0.22479013625652663,-0.0460375771028837
20260503T193239_130238/20260502-01,44,9,18,0.08081119301112162,0.15524722905672123,-0.15496890806472613
20260514T210324_101794/20260515-1,21,5,15,0.08107386497693962,0.035668964288950986,-0.5101118281703899
20260507T201747_846405/20260507-bad20-good5-random5-paper-safe-hardness-v4-2nc,9,4,5,0.08129790919795793,1.710684065268834,1.041900727955757
20260508T103353_525013/20260508-aggressive-state-split-exact-2nc,16,4,4,0.08298716442122499,-0.06302059323295173,-0.6304486171500058
20260512T163823_268797/20260512-delayonly,17,5,11,0.08440496541695892,-0.1675072241579052,-0.5533951954963197
20260514T061719_755185/20260514-2,16,5,11,0.08498317967611256,-0.7844609733013768,-1.142594660200416
20260515T013412_801357/20260515-2,38,10,7,0.08567120703622656,0.3532544081630073,0.19070022135622322
20260508T123926_817217/20260508-aggressive-state-split-exact-2nc,30,6,7,0.085682548936332,0.2927760301192012,0.022306061445445363
20260508T200355_588891/20260508-resume18-pilot20-finalcp005-handoff-rect001-finalcp005-2nc,20,9,8,0.08581659735036894,0.15979058438802532,-0.016948103686826817
20260507T161709_868535/20260507-resume10-patched-stage20max1600-probe3-2nc,3,3,0,0.08588517233288225,0.583980749330644,0.05925068370715262
20260506T143151_970406/20260506-01,5,3,2,0.08593854348293452,1.3674979580819633,0.8470375844626536
20260508T200355_588891/20260508-resume18-pilot20-finalcp005-finalcp005-2nc,20,6,8,0.08598748658008833,0.31362215195647597,0.05534968903297354
20260508T194717_059171/20260508-resume18-pilot20-critical-handoff-rect002-finalcp005-2nc,20,7,9,0.08622162906820978,0.27106994686273983,0.05772129252104483
20260508T205938_831355/20260508-resume18-pilot20-tailjob-0005-finalcp005-2nc,20,7,8,0.08636791008467413,0.37330612966792387,0.16497282446214961
20260508T204436_998400/20260508-resume18-pilot20-finalcp005-guarded-handoff0005-finalcp005-2nc,20,6,8,0.08681106072918453,0.31362215195647597,0.08829265499682111
20260508T200355_588891/20260508-resume18-pilot20-critical-handoff-rect0005-finalcp005-2nc,20,6,8,0.08687680419184872,0.31362215195647597,0.09092239350338889
20260427T151105_363294/20260427-1,1,1,0,0.0869082373642401,1.0144362075692548,-0.3142183817753338
20260508T200355_588891/20260508-resume18-pilot20-critical-tail-rect001-finalcp005-2nc,20,6,9,0.08693440717451817,0.31362215195647597,0.09322651281016699
20260508T205938_831355/20260508-resume18-pilot20-finalcp005-bneckband-r1-0005-finalcp005-2nc,16,6,6,0.08697187605368852,0.2894888386398364,0.07059195466034054
20260508T194717_059171/20260508-resume18-pilot20-finalcp005-only-2nc,20,6,9,0.087059973663089,0.31362215195647597,0.09824917235299979
20260508T200355_588891/20260508-resume18-pilot20-critical-handoff-rect001-finalcp005-2nc,20,6,8,0.08715988148544511,0.31362215195647597,0.10224548524724512
20260508T193757_184011/20260508-resume18-pilot8-critical-handoff-rect002-finalcp005-2nc,8,4,4,0.08716239761075405,0.5077130435266508,0.19079901098133945
20260508T193757_184011/20260508-resume18-pilot8-critical-tail-rect002-finalcp005-2nc,8,4,4,0.08727063163876005,0.5077130435266508,0.1972930526616993
20260508T205938_831355/20260508-resume18-pilot20-bneckband-r1-0005-finalcp005-2nc,20,7,9,0.08734284983956636,0.27106994686273983,0.09616314753898456
20260515T002622_377811/20260515-2,4,3,1,0.08755443384260242,-1.3831449683369685,-1.774334113182847
20260508T160849_043073/20260508-resume18-pilot8-finalcp005-only-2nc,8,4,4,0.08771100497535285,0.5077130435266508,0.22371545285726793
20260510T004535_847007/20260510-resume19-large-finalcp-only-2nc,6,2,4,0.08776891163795628,0.04359497745835769,-0.517451404367995
20260510T004535_847007/20260510-resume19-large-headtail-middle050-stage-2nc,6,2,4,0.08783699954080039,0.04359497745835769,-0.509280856026702
20260508T160849_043073/20260508-resume18-pilot8-critical-stage-r1-lns002-finalcp005-2nc,8,4,4,0.08788530598242662,0.5077130435266508,0.23417351328169475
20260510T004535_847007/20260510-resume19-large-headtail-middle030-stage-2nc,6,2,4,0.08794984018179217,0.04359497745835769,-0.4957399791076905
20260510T004535_847007/20260510-resume19-large-headtail-middle040-stage-2nc,6,2,4,0.08803924314062153,0.04359497745835769,-0.48501162404816484
20260510T004535_847007/20260510-resume19-large-headtail-middle020-stage-2nc,6,2,4,0.08806265034590587,0.04359497745835769,-0.48220275941404533
20260508T160849_043073/20260508-resume18-pilot8-critical-stage-r1-lns002-only-2nc,8,4,4,0.08815941796841868,0.5077130435266508,0.2506202324412183
20260513T074354_685474/20260514-1,27,4,10,0.0882999089639622,0.29257937744786927,0.04391602609504763
20260504T112908_476823/20260504-01,4,2,2,0.08851280014941686,1.7389176961415564,1.2671379356904726
20260507T094842_243908/20260507-probe-160x15-workload-beam-2nc,3,2,1,0.08851487669186246,1.9542846734963248,1.4827540981387135
20260510T001611_724824/20260510-resume20-cmax-cone-wide-sweep-pilot3-2nc,3,2,1,0.08851487669186246,1.9542846734963248,1.4827540981387135
20260425T172239_328659/20260423-02-2nc,8,1,1,0.08863648591216983,1.6169904669965005,0.703115529155049
20260507T094056_248305/20260507-probe-120x15-bad-final-negative-2nc,3,2,1,0.08866394397193718,1.445932124055914,0.9922896223072692
20260513T005351_396268/20260513-1,6,2,3,0.08869138295754594,0.42929498725406257,-0.021054836221531703
20260510T000958_763041/20260510-resume20-finalcp-only-pilot3-2nc,3,2,1,0.08871080851617537,1.9542846734963248,1.5062659170562624
20260504T172343_574980/20260504-01,5,1,4,0.08873714090432681,1.6169904669965005,0.7272727272727273
20260515T132747_076344/20260515-2,8,4,4,0.088754758506624,-0.3200154221384091,-0.5413878009315225
20260510T001412_921757/20260510-resume20-cmax-cone-sweep-pilot3-2nc,3,2,1,0.08880873965987844,1.9542846734963248,1.518017654300631
20260510T005911_383316/20260510-resume19-large-extra-finalcp-only-2nc,5,2,3,0.08886845884481236,0.40050373680893125,-0.028596980194692152
20260510T000645_077340/20260510-resume20-critical-cmax-cone-pilot3-2nc,3,2,1,0.08890664763557969,1.9542846734963248,1.5297666113847803
20260503T101515_189140/20260502-01,16,3,7,0.08890930553436546,-0.19350057024166234,-0.47629997974649735
20260509T234426_379353/20260509-resume20-stage-time-window-pilot3-2nc,3,2,1,0.08910239411585467,1.9542846734963248,1.5532561890177785
20260513T113332_797038/20260514-1,12,3,2,0.08926388089510628,0.22656270060097547,-0.027870680044593064
20260427T155947_629510/20260427-1,14,2,6,0.08948860904089158,-0.4076966660791116,-0.7623793595532281
20260512T154716_700215/20260512-delayonly,3,1,2,0.0896136918796496,-1.190784364483562,-1.87012987012987
20260511T214441_043577/20260511-full240-small-thick-first-neh-2nc,14,2,7,0.0896144940143951,0.5012766583538559,0.1617001617001617
20260507T140058_545791/20260507-light-gapguard-pw-cross6-w3-2nc,1,1,0,0.08968107004937652,1.4265335235378032,0.7633587786259542
20260503T083404_079955/20260502-01,9,2,2,0.08980663854834102,0.5012766583538559,0.18475750577367206
20260427T221625_993928/20260427-1,6,2,4,0.08999869435241674,0.5012766583538559,0.20780420226275684
20260427T153005_164342/20260427-1,6,1,5,0.09017366215528363,1.0144362075692548,0.4694835680751174
20260515T114601_304352/20260515-2,7,1,6,0.09026860405804998,-1.190784364483562,-1.7129509473137814
20260507T000216_456118/20260507-probe-final-negative-hybrid-2nc,1,1,0,0.09027474299699682,1.4265335235378032,0.9058402860548272
20260512T100138_745115/20260512-delayonly,5,2,2,0.09038254001668991,0.5012766583538559,0.2538656819755366
20260507T145453_015565/20260507-stage20-heavy-rescue-probe3-w3-2nc,1,1,0,0.09051305056723537,0.0,-0.4634994206257242
20260510T013014_194211/20260510-01,10,2,3,0.0905743299996118,0.5012766583538559,0.2768804799261652
20260423T144134_345392/20260421-03-bneck-band-r2-t005-plus-combo,8,1,1,0.09074512888571264,1.6169904669965005,1.2091898428053205
20260512T150659_713810/20260512-delayonly,3,1,2,0.09091208941947934,-1.0432968179447053,-1.4110269140318787
20260427T213205_076794/20260427-1,3,1,2,0.09093067988181627,0.5656565656565656,0.202388180530257
20260504T144823_701563/20260504-01,14,2,5,0.09095764457341282,0.5012766583538559,0.32287822878228783
20260429T103852_584952/20260429-1,6,2,4,0.09100971297627748,0.6810766288536251,0.5089264076258178
20260507T150233_184569/20260507-resume14-neh4pct-pw05-120x15-holdout-2nc,3,1,2,0.09102859579243647,0.1234186979327368,-0.2163498686447226
20260427T173549_481577/20260427-1,11,2,4,0.09114916928667702,0.5012766583538559,0.34586119437399127
20260507T173049_918532/20260507-resume19-guarded-c15-bneck-cplb-w2-2nc,2,1,1,0.09130818781684755,1.83206106870229,1.5593945879834887
20260426T165652_609087/20260426-01,11,1,4,0.09132422646858808,0.2688172043010752,0.0
20260515T095310_742221/20260515-2,8,1,6,0.09132422646858808,0.2688172043010752,0.0
20260427T125933_063937/20260427-1,2,1,1,0.09152351229482922,1.147086031452359,0.9260974254491572
20260511T234038_596945/20260511-3,1,1,0,0.09152891210029614,1.2513801987486195,1.0316875460574797
20260504T141252_575259/20260504-01,7,1,2,0.09157537362884109,-1.190784364483562,-1.399326250323918
20260423T235638_652516/20260423-02-2nc,24,2,12,0.0916978094125016,0.28165547961320814,0.1920768307322929
20260504T104024_580061/20260504-01,9,2,3,0.09172321386505043,0.5012766583538559,0.4147465437788018
20260504T125546_469368/20260504-01,12,2,4,0.09172321386505043,0.5012766583538559,0.4147465437788018
20260509T234705_043370/20260509-resume20-stage-time-window-loose-pilot111-2nc,1,1,0,0.0917359376791346,1.857408201171596,1.6874016874016875
20260514T054753_952826/20260514-2,3,1,1,0.09222575382669322,-1.0432968179447053,-1.0957474563005478
20260508T005410_865965/20260508-full240-unified-hardtrust-postneh-bneck-v7-2nc,18,2,10,0.09223081239702241,0.02561829073841765,0.0
20260426T194105_949430/20260426-01,9,1,4,0.0922964653816071,0.0354798651765123,0.0
20260429T140146_391618/20260429-1,15,1,8,0.0922964653816071,0.0354798651765123,0.0
20260502T152719_585551/20260502-01,10,1,4,0.0922964653816071,0.0354798651765123,0.0
20260502T162552_850973/20260502-01,9,1,3,0.0922964653816071,0.0354798651765123,0.0
20260503T082634_204780/20260421-01-bneck-band-r2-t005-plus-combo,5,1,0,0.0922964653816071,0.0354798651765123,0.0
20260503T095633_591568/20260502-01,4,1,0,0.0922964653816071,0.0354798651765123,0.0
20260504T170246_084306/20260504-01,4,1,0,0.0922964653816071,0.0354798651765123,0.0
20260506T230449_832168/20260506-01,4,1,0,0.0922964653816071,0.0354798651765123,0.0
20260506T231837_505810/20260506-01,4,1,0,0.0922964653816071,0.0354798651765123,0.0
20260508T003648_507816/20260508-full240-unified-hardtrust-postneh-bneck-v7-2nc,4,1,0,0.0922964653816071,0.0354798651765123,0.0
20260508T090734_814340/20260508-aggressive-state-split-exact-2nc,5,1,0,0.0922964653816071,0.0354798651765123,0.0
20260508T092659_614919/20260508-aggressive-state-split-exact-2nc,4,1,0,0.0922964653816071,0.0354798651765123,0.0
20260508T093724_957212/20260508-aggressive-state-split-exact-2nc,4,1,0,0.0922964653816071,0.0354798651765123,0.0
20260508T212422_340317/20260508-full240-neh-cp-adaptive-no-lns-2nc,5,1,1,0.0922964653816071,0.0354798651765123,0.0
20260509T233100_918007/20260510-01,4,1,0,0.0922964653816071,0.0354798651765123,0.0
20260510T010753_769583/20260510-01,5,1,0,0.0922964653816071,0.0354798651765123,0.0
20260510T023026_303585/20260510-01,5,1,0,0.0922964653816071,0.0354798651765123,0.0
20260511T204938_803523/20260511-resume9-first-neh-original-vs-precp-lane-pilot59-2nc,5,1,3,0.0922964653816071,0.0354798651765123,0.0
20260511T212210_629321/20260511-full240-first-neh-original-vs-precp-lane-2nc,6,1,1,0.0922964653816071,0.0354798651765123,0.0
20260512T104948_656213/20260512-delayonly,1,1,0,0.0922964653816071,0.0354798651765123,0.0
20260513T104747_487472/20260514-1,5,1,0,0.0922964653816071,0.0354798651765123,0.0
20260513T110015_328680/20260514-1,4,1,0,0.0922964653816071,0.0354798651765123,0.0
20260513T125645_958468/20260514-1,5,1,0,0.0922964653816071,0.0354798651765123,0.0
20260513T130959_556517/20260514-1,4,1,0,0.0922964653816071,0.0354798651765123,0.0
20260513T133333_648767/20260514-1,4,1,0,0.0922964653816071,0.0354798651765123,0.0
20260513T135702_757196/20260514-1,5,1,0,0.0922964653816071,0.0354798651765123,0.0
20260507T123605_775359/20260507-full-light-reserve075nc-120x15-holdout-2nc,3,1,1,0.09231627326320482,-0.9478672985781992,-0.9785932721712538
20260423T220805_844978/20260423-01-bneck-band-r2-t005-plus-combo,4,0,0,0.0924442981531759,,
20260423T223949_795625/20260423-01-bneck-band-r2-t005-plus-combo,3,0,0,0.0924442981531759,,
20260423T224543_993686/20260423-01-bneck-band-r2-t005-plus-combo,4,0,0,0.0924442981531759,,
20260424T024029_273778/20260423-02-2nc,4,0,0,0.0924442981531759,,
20260426T143314_938246/20260426-01,18,0,8,0.0924442981531759,,
20260426T192724_169902/20260426-01,3,0,0,0.0924442981531759,,
20260426T202435_247978/20260426-01,4,0,0,0.0924442981531759,,
20260426T204652_791115/20260426-01,4,0,0,0.0924442981531759,,
20260426T211147_217162/20260426-01,4,0,0,0.0924442981531759,,
20260426T214028_836245/20260426-01,4,0,0,0.0924442981531759,,
20260427T195959_704746/20260427-1,11,0,7,0.0924442981531759,,
20260502T161333_877706/20260502-01,4,0,1,0.0924442981531759,,
20260503T093814_179102/20260502-01,4,0,2,0.0924442981531759,,
20260503T094621_969915/20260502-01,10,0,5,0.0924442981531759,,
20260504T141132_753153/20260504-01,2,0,0,0.0924442981531759,,
20260504T144034_644144/20260504-01,3,0,0,0.0924442981531759,,
20260504T165133_542259/20260504-01,3,0,0,0.0924442981531759,,
20260504T184555_707193/20260504-01,240,0,0,0.0924442981531759,,
20260506T215759_408242/20260506-01,4,0,0,0.0924442981531759,,
20260507T134007_101870/20260507-light-gapguard-pw-120x15-holdout3-2nc,3,0,3,0.0924442981531759,,
20260507T154457_830534/20260507-light-gapguard-pw-c15safe-120x15-holdout3-2nc,3,0,2,0.0924442981531759,,
20260507T164522_597487/20260507-resume10-patched-c15clean-holdout3-2nc,3,0,3,0.0924442981531759,,
20260507T225230_675507/20260507-resume10-unified-gap-restore-workload-v4-scaled-repair-bad13-2nc,1,0,1,0.0924442981531759,,
20260508T080910_903617/20260508-0504-exact-2nc,9,0,3,0.0924442981531759,,
20260508T095623_676423/20260508-aggressive-state-split-exact-2nc,4,0,1,0.0924442981531759,,
20260509T120208_461921/20260509-resume8-pilot4-neh-short-race-portfolio-2nc,2,0,2,0.0924442981531759,,
20260509T183738_358734/20260509-resume8-pilot4-retained-completion-ladder-only-2nc,4,0,4,0.0924442981531759,,
20260509T184011_918982/20260509-resume8-pilot4-retained-completion-ladder-only-2nc,4,0,4,0.0924442981531759,,
20260509T184301_789898/20260509-resume8-pilot4-incremental-retained-wide-cpdispatch-2nc,3,0,3,0.0924442981531759,,
20260509T185704_845984/20260509-resume8-pilot103-retained-candidate-cp-2nc,1,0,1,0.0924442981531759,,
20260509T225907_976677/20260510-01,3,0,0,0.0924442981531759,,
20260510T002305_652006/20260510-resume18-cmax-cone-wide-sweep-other6-2nc,6,0,4,0.0924442981531759,,
20260510T002305_652006/20260510-resume18-finalcp-only-other6-2nc,6,0,4,0.0924442981531759,,
20260510T003044_622123/20260510-resume18-headtail-free-middle-machine-other6-2nc,6,0,4,0.0924442981531759,,
20260510T003249_044554/20260510-resume18-headtail-free-middle-stage-probe4-2nc,4,0,4,0.0924442981531759,,
20260510T003601_809678/20260510-resume18-headtail-middle030-stage-probe4-2nc,4,0,4,0.0924442981531759,,
20260510T003601_809678/20260510-resume18-headtail-middle050-stage-probe4-2nc,4,0,4,0.0924442981531759,,
20260510T003601_809678/20260510-resume18-headtail-middle070-stage-probe4-2nc,4,0,4,0.0924442981531759,,
20260510T012854_283843/20260510-01,2,0,0,0.0924442981531759,,
20260510T022357_646148/20260510-01,3,0,0,0.0924442981531759,,
20260510T024642_993552/20260510-01,3,0,0,0.0924442981531759,,
20260512T000732_876809/20260511-4-two-lane-retainedseq-cpseed-2nc,3,0,0,0.0924442981531759,,
20260512T090616_751951/20260512-pilot30-guarded-first-neh-portfolio-2nc,8,0,4,0.0924442981531759,,
20260513T070813_152757/20260513-1,3,0,3,0.0924442981531759,,
20260513T111400_814856/20260514-1,4,0,0,0.0924442981531759,,
20260513T123444_793930/20260514-1,3,0,0,0.0924442981531759,,
20260513T125620_690010/20260514-1,1,0,0,0.0924442981531759,,
20260513T134459_311903/20260514-1,4,0,0,0.0924442981531759,,
20260513T144558_656565/20260514-1,1,0,1,0.0924442981531759,,
20260514T171746_923967/20260514-tau-coarsened-init-only-pilot,2,0,2,0.0924442981531759,,
20260514T172221_481238/20260514-tau-coarsened-hint-polish-pilot,3,0,3,0.0924442981531759,,
20260514T173924_805503/20260514-tau-large-dispatchhint-pilot,3,0,3,0.0924442981531759,,
20260514T180143_438823/20260514-tau-small-deep-dispatchhint-pilot,6,0,6,0.0924442981531759,,
20260514T182438_751833/20260514-tau-long-post2-bad-pilot,2,0,2,0.0924442981531759,,
20260514T190507_345333/20260514-tau-restore-stageprobe-only,8,0,8,0.0924442981531759,,
20260514T193249_640887/20260514-tau-restore-stageprobe-tau5-8-10-x2,18,0,18,0.0924442981531759,,
20260514T195146_556661/20260514-tau5-x2-surrogate-neh-probe,1,0,1,0.0924442981531759,,
20260514T195620_369640/20260514-tau5-x2-dispatch-neh-cp-probe,7,0,7,0.0924442981531759,,
20260514T201235_728905/20260514-tau5-10-cp036-neh20-15-probe,7,0,7,0.0924442981531759,,
20260514T203535_862369/20260514-tau5-10-cp036-neh15-20-seq-plusplain-probe-weak4,4,0,4,0.0924442981531759,,
20260515T011854_328346/20260515-2,3,0,0,0.0924442981531759,,
20260515T070720_044583/20260515-2,1,0,1,0.0924442981531759,,
20260515T072938_802226/20260515-2,7,0,6,0.0924442981531759,,
20260515T084756_196534/20260515-2,6,0,6,0.0924442981531759,,
20260515T111355_604891/20260515-2,3,0,3,0.0924442981531759,,
