insName,obj0504,rpdf0504,jobCount,stageCount,bestObj,rpdf,run_id,obj_gain
87,4285.0,2.051161145821054,160,15,4224.0,0.6174305390643553,20260506T092516_756685/20260506-01,61.0
135,3468.0,2.039032915817069,160,15,3425.0,0.7914407152279056,20260506T052611_677366/20260506-01,43.0
35,3344.0,1.9018867924528304,120,15,3327.0,1.3922518159806296,20260504T112908_476823/20260504-01,17.0
207,4209.0,1.870503597122302,160,15,4172.0,0.9875948452366614,20260512T113404_464922/20260512-delayonly,37.0
111,3532.0,1.857408201171596,160,15,3499.0,0.918748205569911,20260506T052611_677366/20260506-01,33.0
203,3305.0,1.83206106870229,120,15,3265.0,0.6144393241167435,20260507T201747_846405/20260507-bad20-good5-random5-paper-safe-hardness-v4-2nc,40.0
231,4177.0,1.6169904669965005,160,15,4128.0,0.4369992716678805,20260506T171147_164642/20260506-01,49.0
39,4157.0,1.5759485998302825,160,15,4130.0,0.92434930673802,20260503T193239_130238/20260502-01,27.0
68,5392.0,1.4759458197104156,200,20,5319.0,0.1128668171557562,20260513T015949_457294/20260513-1,73.0
103,2118.0,1.4265335235378032,80,15,2079.0,-0.4319654427645788,20260411T101357_046173/20260410-02,39.0
120,6249.0,1.4019821126420111,240,20,6138.0,-0.3902439024390244,20260427T232937_696372/20260427-1,111.0
131,3302.0,1.3721603903034,120,15,3279.0,0.6731946144430845,20260411T101357_046173/20260410-02,23.0
159,4247.0,1.3511911816996562,160,15,4228.0,0.9028272748871464,20260506T143151_970406/20260506-01,19.0
232,4281.0,1.3403880070546736,160,20,4235.0,0.2600780234070221,20260513T152336_096398/20260514-1,46.0
235,5015.0,1.3247691690084304,200,15,4974.0,0.503879875037791,20260501T034519_627934/20260429-2,41.0
227,3334.0,1.2677331723513432,120,15,3293.0,0.0303720577069096,20260510T025423_238291/20260510-01,41.0
218,1367.0,1.2513801987486195,40,10,1351.0,0.0740466493891151,20260427T232937_696372/20260427-1,16.0
151,2500.0,1.1667672500502917,80,15,2470.0,-0.0404776361060514,20260429T155141_962595/20260429-1,30.0
59,2718.0,1.147086031452359,120,15,2693.0,0.2230483271375464,20260511T113311_435296/20260511-01,25.0
107,3320.0,1.0598031794095382,120,15,3301.0,0.4858791375645308,20260507T094056_248305/20260507-probe-120x15-bad-final-negative-2nc,19.0
164,4349.0,1.0401016988327747,200,20,4311.0,0.1625072547881602,20260510T025423_238291/20260510-01,38.0
192,6222.0,1.0339256865912765,240,20,6220.0,1.001777346905801,20260514T084607_028368/20260514-2,2.0
72,5135.0,1.0178117048346056,240,20,5084.0,0.0196714861807809,20260411T101357_046173/20260410-02,51.0
74,1288.0,1.0144362075692548,40,10,1271.0,-0.3142183817753338,20260427T151105_363294/20260427-1,17.0
180,3720.0,0.9724473257698542,120,20,3677.0,-0.190191550061133,20260510T025423_238291/20260510-01,43.0
6,2182.0,0.9670734515311996,80,10,2165.0,0.184928340268146,20260429T155141_962595/20260429-1,17.0
63,4113.0,0.9527299377061196,160,15,4091.0,0.4164115125535824,20260508T214750_473411/20260508-full240-0504-backbone-neh-adaptive-cp-2nc,22.0
79,2589.0,0.8923375363724539,80,15,2550.0,-0.6254886630179828,20260501T034519_627934/20260429-2,39.0
198,1663.0,0.8454106280193237,80,10,1649.0,0.0,20260513T152336_096398/20260514-1,14.0
204,3710.0,0.7847381951021513,120,20,3687.0,0.1628664495114006,20260504T021119_815294/20260502-01,23.0
145,787.0,0.7653061224489796,40,5,780.0,-0.128122998078155,20260427T232937_696372/20260427-1,7.0
199,2258.0,0.7557234941098022,80,15,2252.0,0.4896505675495214,20260510T025423_238291/20260510-01,6.0
32,2470.0,0.7314099959366112,80,20,2466.0,0.5693371289141927,20260510T025423_238291/20260510-01,4.0
78,1669.0,0.7215874924834637,80,10,1657.0,0.0,20260514T210324_101794/20260515-1,12.0
240,6143.0,0.7024422118761742,240,20,6057.0,-0.7074113679361684,20260506T171147_164642/20260506-01,86.0
175,2506.0,0.6806806806806807,80,15,2477.0,-0.4832863471606927,20260510T025423_238291/20260510-01,29.0
54,1810.0,0.6651884700665188,80,10,1802.0,0.2222222222222222,20260510T025423_238291/20260510-01,8.0
64,3916.0,0.640450877417702,160,20,3877.0,-0.3604531410916581,20260508T214750_473411/20260508-full240-0504-backbone-neh-adaptive-cp-2nc,39.0
174,1748.0,0.6312769010043041,80,10,1746.0,0.5167958656330749,20260501T034519_627934/20260429-2,2.0
176,2403.0,0.6261740763932373,80,20,2395.0,0.2927033242734685,20260429T155141_962595/20260429-1,8.0
34,2971.0,0.6076975016880486,120,10,2954.0,0.0338581344167936,20260510T025423_238291/20260510-01,17.0
183,4112.0,0.5853658536585366,160,15,4088.0,0.0,20260510T025423_238291/20260510-01,24.0
55,2482.0,0.5656565656565656,80,15,2472.0,0.1619433198380566,20260510T025423_238291/20260510-01,10.0
144,6229.0,0.5473277527366388,240,20,6198.0,0.0484144274993948,20260510T025423_238291/20260510-01,31.0
102,1672.0,0.5397301349325337,80,10,1663.0,0.0,20260501T034519_627934/20260429-2,9.0
15,4179.0,0.527831094049904,160,15,4138.0,-0.4581072935503315,20260501T034519_627934/20260429-2,41.0
208,4519.0,0.4880212954747116,160,20,4449.0,-1.0731052984574112,20260510T025423_238291/20260510-01,70.0
48,5184.0,0.4640371229698375,240,20,5161.0,0.0193779672512353,20260429T155141_962595/20260429-1,23.0
146,1142.0,0.4387889425186485,40,10,1133.0,-0.3524229074889868,20260510T025423_238291/20260510-01,9.0
228,3759.0,0.3998400639744102,120,20,3711.0,-0.8853118712273642,20260427T232937_696372/20260427-1,48.0
169,1011.0,0.396432111000991,40,5,1007.0,0.0,20260411T101357_046173/20260410-02,4.0
8,2402.0,0.3753910323253389,80,20,2370.0,-0.9657778710896494,20260508T103353_525013/20260508-aggressive-state-split-exact-2nc,32.0
155,3319.0,0.3319752527538856,120,15,3293.0,-0.4544765944553856,20260510T025423_238291/20260510-01,26.0
126,1831.0,0.3282275711159737,80,10,1822.0,-0.164518782561009,20260501T034519_627934/20260429-2,9.0
236,5388.0,0.2973977695167286,200,20,5371.0,-0.0186167737131155,20260424T082903_591120/20260423-02-2nc,17.0
24,6168.0,0.2759964282815164,240,20,6109.0,-0.6851549755301795,20260508T214750_473411/20260508-full240-0504-backbone-neh-adaptive-cp-2nc,59.0
92,4413.0,0.2722940776038121,200,20,4409.0,0.1816118047673098,20260427T232937_696372/20260427-1,4.0
3,1490.0,0.2688172043010752,40,15,1486.0,0.0,20260426T165652_609087/20260426-01,4.0
19,5187.0,0.231615518239722,200,15,5179.0,0.077264825188333,20260510T025423_238291/20260510-01,8.0
49,878.0,0.2280501710376282,40,5,870.0,-0.6872852233676976,20260427T232937_696372/20260427-1,8.0
115,5189.0,0.2122118259863027,200,15,5178.0,0.0,20260429T155141_962595/20260429-1,11.0
132,3034.0,0.1979544704717915,120,20,3034.0,0.1979544704717915,20260504T184555_707193/20260504-01,0.0
142,5904.0,0.1695202576707916,240,10,5894.0,0.0,20260427T232937_696372/20260427-1,10.0
20,5610.0,0.1605565962001605,200,20,5597.0,-0.0714413288087158,20260503T193239_130238/20260502-01,13.0
30,2053.0,0.14623446258835,80,10,2031.0,-0.9311443273707424,20260511T113311_435296/20260511-01,22.0
80,2857.0,0.1401050788091068,80,20,2823.0,-1.0570824524312896,20260427T232937_696372/20260427-1,34.0
184,4579.0,0.1311188811188811,160,20,4568.0,-0.1093972213105787,20260427T232937_696372/20260427-1,11.0
168,6304.0,0.1269841269841269,240,20,6277.0,-0.3022349479042392,20260510T025423_238291/20260510-01,27.0
52,1591.0,0.1257861635220125,40,20,1579.0,-0.6313131313131313,20260503T122116_783419/20260502-01,12.0
179,3243.0,0.1234186979327368,120,15,3231.0,-0.2472952086553323,20260510T025423_238291/20260510-01,12.0
172,1688.0,0.1185536455245998,40,20,1662.0,-1.4336917562724014,20260501T034519_627934/20260429-2,26.0
121,889.0,0.112549240292628,40,5,889.0,0.112549240292628,20260427T232937_696372/20260427-1,0.0
136,3725.0,0.10744023636852,160,20,3725.0,0.10744023636852,20260504T184555_707193/20260504-01,0.0
226,2994.0,0.100250626566416,120,10,2994.0,0.100250626566416,20260504T184555_707193/20260504-01,0.0
