insName,obj0504,rpdf0504,jobCount,stageCount,bestObj,rpdf,run_id,summary_path,gain_vs_0504
1,976.0,0.0,40,5,976.0,0.0,20260411T101357_046173/20260410-02,Outputs_scenarios/20260411T101357_046173/ff2020/20260410-02/multi_instance_summary.csv,0.0
2,1292.0,0.0,40,10,1292.0,0.0,20260411T101357_046173/20260410-02,Outputs_scenarios/20260411T101357_046173/all_scenarios_summary.csv,0.0
3,1490.0,0.2688172043010752,40,15,1486.0,0.0,20260426T165652_609087/20260426-01,Outputs_scenarios/20260426T165652_609087/ff2020/20260426-01/multi_instance_summary.csv,0.2688172043010752
4,1920.0,-1.190784364483562,40,20,1890.0,-2.7654578659013827,20260501T034519_627934/20260429-2,Outputs_scenarios/20260501T034519_627934/all_scenarios_summary.csv,1.5746735014178206
5,1974.0,0.0,80,5,1974.0,0.0,20260411T101357_046173/20260410-02,Outputs_scenarios/20260411T101357_046173/all_scenarios_summary.csv,0.0
6,2182.0,0.9670734515311996,80,10,2165.0,0.184928340268146,20260429T155141_962595/20260429-1,Outputs_scenarios/20260429T155141_962595/ff2020/20260429-1/multi_instance_summary.csv,0.7821451112630536
7,2333.0,0.0,80,15,2333.0,0.0,20260426T143314_938246/20260426-01,Outputs_scenarios/20260426T143314_938246/ff2020/20260426-01/multi_instance_summary.csv,0.0
8,2402.0,0.3753910323253389,80,20,2370.0,-0.9657778710896494,20260508T103353_525013/20260508-aggressive-state-split-exact-2nc,Outputs_scenarios/20260508T103353_525013/ff2020/20260508-aggressive-state-split-exact-2nc/multi_instance_summary.csv,1.3411689034149883
9,2819.0,0.0354798651765123,120,5,2818.0,0.0,20260411T101357_046173/20260410-02,Outputs_scenarios/20260411T101357_046173/ff2020/20260410-02/multi_instance_summary.csv,0.0354798651765123
10,3124.0,0.0,120,10,3124.0,0.0,20260429T155141_962595/20260429-1,Outputs_scenarios/20260429T155141_962595/ff2020/20260429-1/multi_instance_summary.csv,0.0
11,3255.0,-0.9478672985781992,120,15,3246.0,-1.224739742804654,20260514T210324_101794/20260515-1,Outputs_scenarios/20260514T210324_101794/ff2020/20260515-1/multi_instance_summary.csv,0.27687244422645485
12,3640.0,0.0824515597086711,120,20,3638.0,0.0274914089347079,20260508T123926_817217/20260508-aggressive-state-split-exact-2nc,Outputs_scenarios/20260508T123926_817217/ff2020/20260508-aggressive-state-split-exact-2nc/multi_instance_summary.csv,0.0549601507739632
13,4141.0,0.0,160,5,4141.0,0.0,20260411T101357_046173/20260410-02,Outputs_scenarios/20260411T101357_046173/all_scenarios_summary.csv,0.0
14,4270.0,0.0,160,10,4270.0,0.0,20260411T101357_046173/20260410-02,Outputs_scenarios/20260411T101357_046173/ff2020/20260410-02/multi_instance_summary.csv,0.0
15,4179.0,0.527831094049904,160,15,4138.0,-0.4581072935503315,20260501T034519_627934/20260429-2,Outputs_scenarios/20260501T034519_627934/ff2020/20260429-2/multi_instance_summary.csv,0.9859383876002354
16,4457.0,-0.9379187137114784,160,20,4457.0,-0.9379187137114784,20260504T184555_707193/20260504-01,Outputs_scenarios/20260504T184555_707193/all_scenarios_summary.csv,0.0
17,5020.0,0.0,200,5,5020.0,0.0,20260411T101357_046173/20260410-02,Outputs_scenarios/20260411T101357_046173/ff2020/20260410-02/multi_instance_summary.csv,0.0
18,5534.0,0.0,200,10,5534.0,0.0,20260426T143314_938246/20260426-01,Outputs_scenarios/20260426T143314_938246/ff2020/20260426-01/multi_instance_summary.csv,0.0
19,5187.0,0.231615518239722,200,15,5179.0,0.077264825188333,20260510T025423_238291/20260510-01,Outputs_scenarios/20260510T025423_238291/all_scenarios_summary.csv,0.15435069305138902
20,5610.0,0.1605565962001605,200,20,5597.0,-0.0714413288087158,20260503T193239_130238/20260502-01,Outputs_scenarios/20260503T193239_130238/ff2020/20260502-01/multi_instance_summary.csv,0.23199792500887628
21,6347.0,0.015756716300323,240,5,6346.0,0.0,20260508T005410_865965/20260508-full240-unified-hardtrust-postneh-bneck-v7-2nc,Outputs_scenarios/20260508T005410_865965/ff2020/20260508-full240-unified-hardtrust-postneh-bneck-v7-2nc/multi_instance_summary.csv,0.015756716300323
22,6233.0,-0.0160423518087751,240,10,6233.0,-0.0160423518087751,20260411T101357_046173/20260410-02,Outputs_scenarios/20260411T101357_046173/ff2020/20260410-02/multi_instance_summary.csv,0.0
23,6506.0,0.0,240,15,6506.0,0.0,20260411T101357_046173/20260410-02,Outputs_scenarios/20260411T101357_046173/all_scenarios_summary.csv,0.0
24,6168.0,0.2759964282815164,240,20,6109.0,-0.6851549755301795,20260508T214750_473411/20260508-full240-0504-backbone-neh-adaptive-cp-2nc,Outputs_scenarios/20260508T214750_473411/ff2020/20260508-full240-0504-backbone-neh-adaptive-cp-2nc/multi_instance_summary.csv,0.9611514038116958
25,978.0,0.0,40,5,978.0,0.0,20260411T101357_046173/20260410-02,Outputs_scenarios/20260411T101357_046173/all_scenarios_summary.csv,0.0
26,1294.0,-0.2315708220764183,40,10,1293.0,-0.3088803088803089,20260503T193239_130238/20260502-01,Outputs_scenarios/20260503T193239_130238/ff2020/20260502-01/multi_instance_summary.csv,0.07730948680389058
27,1572.0,-0.4443033957473817,40,15,1569.0,-0.6353240152477764,20260503T122116_783419/20260502-01,Outputs_scenarios/20260503T122116_783419/ff2020/20260502-01/multi_instance_summary.csv,0.19102061950039467
28,1907.0,-1.0432968179447053,40,20,1890.0,-1.938695310453236,20260514T015939_540922/20260514-2,Outputs_scenarios/20260514T015939_540922/ff2020/20260514-2/multi_instance_summary.csv,0.8953984925085308
29,2098.0,0.0,80,5,2098.0,0.0,20260411T101357_046173/20260410-02,Outputs_scenarios/20260411T101357_046173/ff2020/20260410-02/multi_instance_summary.csv,0.0
30,2053.0,0.14623446258835,80,10,2031.0,-0.9311443273707424,20260511T113311_435296/20260511-01,Outputs_scenarios/20260511T113311_435296/ff2020/20260511-01/multi_instance_summary.csv,1.0773787899590923
31,2328.0,0.0,80,15,2328.0,0.0,20260426T225022_763309/20260426-01,Outputs_scenarios/20260426T225022_763309/ff2020/20260426-01/multi_instance_summary.csv,0.0
32,2470.0,0.7314099959366112,80,20,2466.0,0.5693371289141927,20260510T025423_238291/20260510-01,Outputs_scenarios/20260510T025423_238291/ff2020/20260510-01/multi_instance_summary.csv,0.1620728670224184
33,3051.0,0.0,120,5,3051.0,0.0,20260411T101357_046173/20260410-02,Outputs_scenarios/20260411T101357_046173/ff2020/20260410-02/multi_instance_summary.csv,0.0
34,2971.0,0.6076975016880486,120,10,2954.0,0.0338581344167936,20260510T025423_238291/20260510-01,Outputs_scenarios/20260510T025423_238291/ff2020/20260510-01/multi_instance_summary.csv,0.573839367271255
35,3344.0,1.9018867924528304,120,15,3327.0,1.3922518159806296,20260504T112908_476823/20260504-01,Outputs_scenarios/20260504T112908_476823/ff2020/20260504-01/multi_instance_summary.csv,0.5096349764722008
36,3573.0,0.0279916025192442,120,20,3524.0,-1.3528748590755355,20260501T034519_627934/20260429-2,Outputs_scenarios/20260501T034519_627934/ff2020/20260429-2/multi_instance_summary.csv,1.3808664615947797
37,3941.0,0.0,160,5,3941.0,0.0,20260411T101357_046173/20260410-02,Outputs_scenarios/20260411T101357_046173/all_scenarios_summary.csv,0.0
38,3901.0,0.0512820512820512,160,10,3899.0,0.0,20260508T214750_473411/20260508-full240-0504-backbone-neh-adaptive-cp-2nc,Outputs_scenarios/20260508T214750_473411/ff2020/20260508-full240-0504-backbone-neh-adaptive-cp-2nc/multi_instance_summary.csv,0.0512820512820512
39,4157.0,1.5759485998302825,160,15,4130.0,0.92434930673802,20260503T193239_130238/20260502-01,Outputs_scenarios/20260503T193239_130238/ff2020/20260502-01/multi_instance_summary.csv,0.6515992930922625
40,3716.0,0.0,160,20,3712.0,-0.1077005923532579,20260429T155141_962595/20260429-1,Outputs_scenarios/20260429T155141_962595/all_scenarios_summary.csv,0.1077005923532579
41,5010.0,0.0,200,5,5010.0,0.0,20260411T101357_046173/20260410-02,Outputs_scenarios/20260411T101357_046173/ff2020/20260410-02/multi_instance_summary.csv,0.0
42,4943.0,0.0,200,10,4943.0,0.0,20260426T225022_763309/20260426-01,Outputs_scenarios/20260426T225022_763309/ff2020/20260426-01/multi_instance_summary.csv,0.0
43,5254.0,0.0190349290948891,200,15,5253.0,0.0,20260411T101357_046173/20260410-02,Outputs_scenarios/20260411T101357_046173/all_scenarios_summary.csv,0.0190349290948891
44,5402.0,-0.1294977337896586,200,20,5355.0,-1.0033444816053512,20260502T165452_512420/20260502-01,Outputs_scenarios/20260502T165452_512420/ff2020/20260502-01/multi_instance_summary.csv,0.8738467478156926
45,5964.0,0.0,240,5,5964.0,0.0,20260411T101357_046173/20260410-02,Outputs_scenarios/20260411T101357_046173/all_scenarios_summary.csv,0.0
46,6098.0,0.0328030178776447,240,10,6096.0,0.0,20260429T155141_962595/20260429-1,Outputs_scenarios/20260429T155141_962595/all_scenarios_summary.csv,0.0328030178776447
47,6425.0,0.0,240,15,6425.0,0.0,20260411T101357_046173/20260410-02,Outputs_scenarios/20260411T101357_046173/ff2020/20260410-02/multi_instance_summary.csv,0.0
48,5184.0,0.4640371229698375,240,20,5161.0,0.0193779672512353,20260429T155141_962595/20260429-1,Outputs_scenarios/20260429T155141_962595/all_scenarios_summary.csv,0.4446591557186022
49,878.0,0.2280501710376282,40,5,870.0,-0.6872852233676976,20260427T232937_696372/20260427-1,Outputs_scenarios/20260427T232937_696372/ff2020/20260427-1/multi_instance_summary.csv,0.9153353944053257
50,1179.0,-0.4231908590774439,40,10,1179.0,-0.4231908590774439,20260504T184555_707193/20260504-01,Outputs_scenarios/20260504T184555_707193/all_scenarios_summary.csv,0.0
51,1603.0,-1.9153537225826385,40,15,1594.0,-2.4783147459727384,20260514T061719_755185/20260514-2,Outputs_scenarios/20260514T061719_755185/ff2020/20260514-2/multi_instance_summary.csv,0.5629610233900999
52,1591.0,0.1257861635220125,40,20,1579.0,-0.6313131313131313,20260503T122116_783419/20260502-01,Outputs_scenarios/20260503T122116_783419/ff2020/20260502-01/multi_instance_summary.csv,0.7570992948351438
53,2071.0,0.0,80,5,2071.0,0.0,20260411T101357_046173/20260410-02,Outputs_scenarios/20260411T101357_046173/all_scenarios_summary.csv,0.0
54,1810.0,0.6651884700665188,80,10,1802.0,0.2222222222222222,20260510T025423_238291/20260510-01,Outputs_scenarios/20260510T025423_238291/all_scenarios_summary.csv,0.4429662478442966
55,2482.0,0.5656565656565656,80,15,2472.0,0.1619433198380566,20260510T025423_238291/20260510-01,Outputs_scenarios/20260510T025423_238291/all_scenarios_summary.csv,0.40371324581850904
56,2721.0,-2.468239564428312,80,20,2718.0,-2.578536408207736,20260501T034519_627934/20260429-2,Outputs_scenarios/20260501T034519_627934/all_scenarios_summary.csv,0.11029684377942406
57,2932.0,0.0,120,5,2932.0,0.0,20260411T101357_046173/20260410-02,Outputs_scenarios/20260411T101357_046173/ff2020/20260410-02/multi_instance_summary.csv,0.0
58,3137.0,0.0956785201722213,120,10,3135.0,0.0319030148349019,20260411T101357_046173/20260410-02,Outputs_scenarios/20260411T101357_046173/ff2020/20260410-02/multi_instance_summary.csv,0.0637755053373194
59,2718.0,1.147086031452359,120,15,2693.0,0.2230483271375464,20260511T113311_435296/20260511-01,Outputs_scenarios/20260511T113311_435296/ff2020/20260511-01/multi_instance_summary.csv,0.9240377043148126
60,3580.0,-0.8898776418242491,120,20,3580.0,-0.8898776418242491,20260504T184555_707193/20260504-01,Outputs_scenarios/20260504T184555_707193/all_scenarios_summary.csv,0.0
61,4365.0,0.0,160,5,4365.0,0.0,20260411T101357_046173/20260410-02,Outputs_scenarios/20260411T101357_046173/ff2020/20260410-02/multi_instance_summary.csv,0.0
62,4583.0,0.0,160,10,4583.0,0.0,20260411T101357_046173/20260410-02,Outputs_scenarios/20260411T101357_046173/ff2020/20260410-02/multi_instance_summary.csv,0.0
63,4113.0,0.9527299377061196,160,15,4091.0,0.4164115125535824,20260508T214750_473411/20260508-full240-0504-backbone-neh-adaptive-cp-2nc,Outputs_scenarios/20260508T214750_473411/ff2020/20260508-full240-0504-backbone-neh-adaptive-cp-2nc/multi_instance_summary.csv,0.5363184251525372
64,3916.0,0.640450877417702,160,20,3877.0,-0.3604531410916581,20260508T214750_473411/20260508-full240-0504-backbone-neh-adaptive-cp-2nc,Outputs_scenarios/20260508T214750_473411/ff2020/20260508-full240-0504-backbone-neh-adaptive-cp-2nc/multi_instance_summary.csv,1.00090401850936
65,4868.0,0.0,200,5,4868.0,0.0,20260411T101357_046173/20260410-02,Outputs_scenarios/20260411T101357_046173/ff2020/20260410-02/multi_instance_summary.csv,0.0
66,5095.0,0.0,200,10,5095.0,0.0,20260411T101357_046173/20260410-02,Outputs_scenarios/20260411T101357_046173/all_scenarios_summary.csv,0.0
67,5239.0,0.0,200,15,5239.0,0.0,20260427T232937_696372/20260427-1,Outputs_scenarios/20260427T232937_696372/all_scenarios_summary.csv,0.0
68,5392.0,1.4759458197104156,200,20,5319.0,0.1128668171557562,20260513T015949_457294/20260513-1,Outputs_scenarios/20260513T015949_457294/ff2020/20260513-1/multi_instance_summary.csv,1.3630790025546595
69,6078.0,0.0,240,5,6078.0,0.0,20260411T101357_046173/20260410-02,Outputs_scenarios/20260411T101357_046173/all_scenarios_summary.csv,0.0
70,6482.0,-0.1233425840271353,240,10,6482.0,-0.1233425840271353,20260411T101357_046173/20260410-02,Outputs_scenarios/20260411T101357_046173/all_scenarios_summary.csv,0.0
71,6029.0,0.0,240,15,6029.0,0.0,20260426T225022_763309/20260426-01,Outputs_scenarios/20260426T225022_763309/ff2020/20260426-01/multi_instance_summary.csv,0.0
72,5135.0,1.0178117048346056,240,20,5084.0,0.0196714861807809,20260411T101357_046173/20260410-02,Outputs_scenarios/20260411T101357_046173/ff2020/20260410-02/multi_instance_summary.csv,0.9981402186538247
73,850.0,-0.4694835680751174,40,5,847.0,-0.823045267489712,20260501T034519_627934/20260429-2,Outputs_scenarios/20260501T034519_627934/ff2020/20260429-2/multi_instance_summary.csv,0.3535616994145946
74,1288.0,1.0144362075692548,40,10,1271.0,-0.3142183817753338,20260427T151105_363294/20260427-1,Outputs_scenarios/20260427T151105_363294/ff2020/20260427-1/multi_instance_summary.csv,1.3286545893445885
75,1372.0,-1.0873504893077202,40,15,1372.0,-1.0873504893077202,20260504T184555_707193/20260504-01,Outputs_scenarios/20260504T184555_707193/ff2020/20260504-01/multi_instance_summary.csv,0.0
76,1579.0,-2.006269592476489,40,20,1573.0,-2.386934673366834,20260411T101357_046173/20260410-02,Outputs_scenarios/20260411T101357_046173/ff2020/20260410-02/multi_instance_summary.csv,0.3806650808903451
77,1898.0,0.0,80,5,1898.0,0.0,20260411T101357_046173/20260410-02,Outputs_scenarios/20260411T101357_046173/ff2020/20260410-02/multi_instance_summary.csv,0.0
78,1669.0,0.7215874924834637,80,10,1657.0,0.0,20260514T210324_101794/20260515-1,Outputs_scenarios/20260514T210324_101794/ff2020/20260515-1/multi_instance_summary.csv,0.7215874924834637
79,2589.0,0.8923375363724539,80,15,2550.0,-0.6254886630179828,20260501T034519_627934/20260429-2,Outputs_scenarios/20260501T034519_627934/ff2020/20260429-2/multi_instance_summary.csv,1.5178261993904367
80,2857.0,0.1401050788091068,80,20,2823.0,-1.0570824524312896,20260427T232937_696372/20260427-1,Outputs_scenarios/20260427T232937_696372/all_scenarios_summary.csv,1.1971875312403963
81,3195.0,0.0,120,5,3195.0,0.0,20260411T101357_046173/20260410-02,Outputs_scenarios/20260411T101357_046173/ff2020/20260410-02/multi_instance_summary.csv,0.0
82,3196.0,0.0,120,10,3196.0,0.0,20260411T101357_046173/20260410-02,Outputs_scenarios/20260411T101357_046173/all_scenarios_summary.csv,0.0
83,2761.0,-0.0724112961622013,120,15,2751.0,-0.4352557127312296,20260510T025423_238291/20260510-01,Outputs_scenarios/20260510T025423_238291/ff2020/20260510-01/multi_instance_summary.csv,0.3628444165690283
84,3600.0,-1.488833746898263,120,20,3587.0,-1.850573125258942,20260514T015939_540922/20260514-2,Outputs_scenarios/20260514T015939_540922/ff2020/20260514-2/multi_instance_summary.csv,0.3617393783606788
85,3938.0,0.0,160,5,3938.0,0.0,20260411T101357_046173/20260410-02,Outputs_scenarios/20260411T101357_046173/ff2020/20260410-02/multi_instance_summary.csv,0.0
86,4155.0,0.0,160,10,4155.0,0.0,20260411T101357_046173/20260410-02,Outputs_scenarios/20260411T101357_046173/all_scenarios_summary.csv,0.0
87,4285.0,2.051161145821054,160,15,4224.0,0.6174305390643553,20260506T092516_756685/20260506-01,Outputs_scenarios/20260506T092516_756685/all_scenarios_summary.csv,1.4337306067566986
88,3704.0,-0.188806473364801,160,20,3654.0,-1.5478615071283095,20260427T232937_696372/20260427-1,Outputs_scenarios/20260427T232937_696372/all_scenarios_summary.csv,1.3590550337635086
89,5146.0,0.0,200,5,5146.0,0.0,20260411T101357_046173/20260410-02,Outputs_scenarios/20260411T101357_046173/all_scenarios_summary.csv,0.0
90,5229.0,0.0,200,10,5229.0,0.0,20260411T101357_046173/20260410-02,Outputs_scenarios/20260411T101357_046173/ff2020/20260410-02/multi_instance_summary.csv,0.0
91,5236.0,0.0,200,15,5236.0,0.0,20260501T034519_627934/20260429-2,Outputs_scenarios/20260501T034519_627934/ff2020/20260429-2/multi_instance_summary.csv,0.0
92,4413.0,0.2722940776038121,200,20,4409.0,0.1816118047673098,20260427T232937_696372/20260427-1,Outputs_scenarios/20260427T232937_696372/all_scenarios_summary.csv,0.09068227283650229
93,6127.0,0.0,240,5,6127.0,0.0,20260411T101357_046173/20260410-02,Outputs_scenarios/20260411T101357_046173/all_scenarios_summary.csv,0.0
94,6140.0,0.0,240,10,6140.0,0.0,20260411T101357_046173/20260410-02,Outputs_scenarios/20260411T101357_046173/ff2020/20260410-02/multi_instance_summary.csv,0.0
95,6635.0,0.0452249943468757,240,15,6632.0,0.0,20260411T101357_046173/20260410-02,Outputs_scenarios/20260411T101357_046173/all_scenarios_summary.csv,0.0452249943468757
96,6126.0,-0.9261515963928832,240,20,6119.0,-1.0404812225654363,20260514T084607_028368/20260514-2,Outputs_scenarios/20260514T084607_028368/ff2020/20260514-2/multi_instance_summary.csv,0.11432962617255304
97,765.0,0.0,40,5,765.0,0.0,20260411T101357_046173/20260410-02,Outputs_scenarios/20260411T101357_046173/ff2020/20260410-02/multi_instance_summary.csv,0.0
98,1309.0,-0.5333333333333333,40,10,1289.0,-2.072936660268714,20260514T084607_028368/20260514-2,Outputs_scenarios/20260514T084607_028368/all_scenarios_summary.csv,1.5396033269353806
99,1320.0,-0.6795016987542469,40,15,1312.0,-1.287391139719803,20260501T034519_627934/20260429-2,Outputs_scenarios/20260501T034519_627934/ff2020/20260429-2/multi_instance_summary.csv,0.6078894409655561
100,1617.0,-1.351351351351351,40,20,1602.0,-2.283245911755631,20260513T152336_096398/20260514-1,Outputs_scenarios/20260513T152336_096398/all_scenarios_summary.csv,0.9318945604042799
101,2164.0,0.0,80,5,2164.0,0.0,20260411T101357_046173/20260410-02,Outputs_scenarios/20260411T101357_046173/all_scenarios_summary.csv,0.0
102,1672.0,0.5397301349325337,80,10,1663.0,0.0,20260501T034519_627934/20260429-2,Outputs_scenarios/20260501T034519_627934/ff2020/20260429-2/multi_instance_summary.csv,0.5397301349325337
103,2118.0,1.4265335235378032,80,15,2079.0,-0.4319654427645788,20260411T101357_046173/20260410-02,Outputs_scenarios/20260411T101357_046173/all_scenarios_summary.csv,1.858498966302382
104,2343.0,-0.6381620931716656,80,20,2340.0,-0.7662835249042146,20260502T165452_512420/20260502-01,Outputs_scenarios/20260502T165452_512420/ff2020/20260502-01/multi_instance_summary.csv,0.12812143173254897
105,2889.0,0.0,120,5,2889.0,0.0,20260411T101357_046173/20260410-02,Outputs_scenarios/20260411T101357_046173/all_scenarios_summary.csv,0.0
106,3236.0,0.0,120,10,3236.0,0.0,20260411T101357_046173/20260410-02,Outputs_scenarios/20260411T101357_046173/all_scenarios_summary.csv,0.0
107,3320.0,1.0598031794095382,120,15,3301.0,0.4858791375645308,20260507T094056_248305/20260507-probe-120x15-bad-final-negative-2nc,Outputs_scenarios/20260507T094056_248305/all_scenarios_summary.csv,0.5739240418450073
108,3620.0,-0.7156619873382879,120,20,3604.0,-1.1586206896551725,20260510T025423_238291/20260510-01,Outputs_scenarios/20260510T025423_238291/ff2020/20260510-01/multi_instance_summary.csv,0.4429587023168846
109,4071.0,0.0,160,5,4071.0,0.0,20260411T101357_046173/20260410-02,Outputs_scenarios/20260411T101357_046173/ff2020/20260410-02/multi_instance_summary.csv,0.0
110,4177.0,0.0,160,10,4177.0,0.0,20260427T232937_696372/20260427-1,Outputs_scenarios/20260427T232937_696372/all_scenarios_summary.csv,0.0
111,3532.0,1.857408201171596,160,15,3499.0,0.918748205569911,20260506T052611_677366/20260506-01,Outputs_scenarios/20260506T052611_677366/ff2020/20260506-01/multi_instance_summary.csv,0.938659995601685
112,3770.0,0.0,160,20,3761.0,-0.2390120833886602,20260501T034519_627934/20260429-2,Outputs_scenarios/20260501T034519_627934/all_scenarios_summary.csv,0.2390120833886602
113,4997.0,0.0200140098068648,200,5,4996.0,0.0,20260502T165452_512420/20260502-01,Outputs_scenarios/20260502T165452_512420/ff2020/20260502-01/multi_instance_summary.csv,0.0200140098068648
114,5470.0,-0.018279864729001,200,10,5470.0,-0.018279864729001,20260411T101357_046173/20260410-02,Outputs_scenarios/20260411T101357_046173/ff2020/20260410-02/multi_instance_summary.csv,0.0
115,5189.0,0.2122118259863027,200,15,5178.0,0.0,20260429T155141_962595/20260429-1,Outputs_scenarios/20260429T155141_962595/all_scenarios_summary.csv,0.2122118259863027
116,4435.0,-0.0901510029299075,200,20,4434.0,-0.1127014538487546,20260510T025423_238291/20260510-01,Outputs_scenarios/20260510T025423_238291/all_scenarios_summary.csv,0.022550450918847095
117,6319.0,0.0,240,5,6319.0,0.0,20260411T101357_046173/20260410-02,Outputs_scenarios/20260411T101357_046173/all_scenarios_summary.csv,0.0
118,6184.0,0.0,240,10,6184.0,0.0,20260411T101357_046173/20260410-02,Outputs_scenarios/20260411T101357_046173/ff2020/20260410-02/multi_instance_summary.csv,0.0
119,6414.0,0.0,240,15,6414.0,0.0,20260411T101357_046173/20260410-02,Outputs_scenarios/20260411T101357_046173/all_scenarios_summary.csv,0.0
120,6249.0,1.4019821126420111,240,20,6138.0,-0.3902439024390244,20260427T232937_696372/20260427-1,Outputs_scenarios/20260427T232937_696372/all_scenarios_summary.csv,1.7922260150810354
121,889.0,0.112549240292628,40,5,889.0,0.112549240292628,20260427T232937_696372/20260427-1,Outputs_scenarios/20260427T232937_696372/all_scenarios_summary.csv,0.0
122,1285.0,-0.2331908278274387,40,10,1285.0,-0.2331908278274387,20260504T184555_707193/20260504-01,Outputs_scenarios/20260504T184555_707193/ff2020/20260504-01/multi_instance_summary.csv,0.0
123,1218.0,-1.870679137860919,40,15,1218.0,-1.870679137860919,20260504T184555_707193/20260504-01,Outputs_scenarios/20260504T184555_707193/all_scenarios_summary.csv,0.0
124,1966.0,-0.5579507988840984,40,20,1960.0,-0.8636017272034544,20260502T165452_512420/20260502-01,Outputs_scenarios/20260502T165452_512420/ff2020/20260502-01/multi_instance_summary.csv,0.30565092831935603
125,2103.0,0.0,80,5,2103.0,0.0,20260411T101357_046173/20260410-02,Outputs_scenarios/20260411T101357_046173/all_scenarios_summary.csv,0.0
126,1831.0,0.3282275711159737,80,10,1822.0,-0.164518782561009,20260501T034519_627934/20260429-2,Outputs_scenarios/20260501T034519_627934/ff2020/20260429-2/multi_instance_summary.csv,0.4927463536769827
127,2029.0,0.0,80,15,2016.0,-0.6427688504326329,20260510T025423_238291/20260510-01,Outputs_scenarios/20260510T025423_238291/all_scenarios_summary.csv,0.6427688504326329
128,2373.0,0.0843170320404721,80,20,2343.0,-1.1879507848960542,20260429T155141_962595/20260429-1,Outputs_scenarios/20260429T155141_962595/all_scenarios_summary.csv,1.2722678169365262
129,2874.0,0.0,120,5,2874.0,0.0,20260411T101357_046173/20260410-02,Outputs_scenarios/20260411T101357_046173/ff2020/20260410-02/multi_instance_summary.csv,0.0
130,3131.0,0.0,120,10,3131.0,0.0,20260411T101357_046173/20260410-02,Outputs_scenarios/20260411T101357_046173/all_scenarios_summary.csv,0.0
131,3302.0,1.3721603903034,120,15,3279.0,0.6731946144430845,20260411T101357_046173/20260410-02,Outputs_scenarios/20260411T101357_046173/all_scenarios_summary.csv,0.6989657758603156
132,3034.0,0.1979544704717915,120,20,3034.0,0.1979544704717915,20260504T184555_707193/20260504-01,Outputs_scenarios/20260504T184555_707193/all_scenarios_summary.csv,0.0
133,4011.0,0.0,160,5,4011.0,0.0,20260411T101357_046173/20260410-02,Outputs_scenarios/20260411T101357_046173/all_scenarios_summary.csv,0.0
134,4323.0,0.0,160,10,4323.0,0.0,20260411T101357_046173/20260410-02,Outputs_scenarios/20260411T101357_046173/all_scenarios_summary.csv,0.0
135,3468.0,2.039032915817069,160,15,3425.0,0.7914407152279056,20260506T052611_677366/20260506-01,Outputs_scenarios/20260506T052611_677366/all_scenarios_summary.csv,1.2475922005891635
136,3725.0,0.10744023636852,160,20,3725.0,0.10744023636852,20260504T184555_707193/20260504-01,Outputs_scenarios/20260504T184555_707193/all_scenarios_summary.csv,0.0
137,5049.0,0.0,200,5,5049.0,0.0,20260411T101357_046173/20260410-02,Outputs_scenarios/20260411T101357_046173/ff2020/20260410-02/multi_instance_summary.csv,0.0
138,5169.0,0.0,200,10,5169.0,0.0,20260411T101357_046173/20260410-02,Outputs_scenarios/20260411T101357_046173/all_scenarios_summary.csv,0.0
139,5587.0,-0.0894534394847481,200,15,5586.0,-0.1073537305421363,20260510T025423_238291/20260510-01,Outputs_scenarios/20260510T025423_238291/ff2020/20260510-01/multi_instance_summary.csv,0.017900291057388204
140,4434.0,-1.0544026920919798,200,20,4427.0,-1.21239335428828,20260424T082903_591120/20260423-02-2nc,Outputs_scenarios/20260424T082903_591120/ff2020/20260423-02-2nc/multi_instance_summary.csv,0.1579906621963003
141,5845.0,0.0,240,5,5845.0,0.0,20260411T101357_046173/20260410-02,Outputs_scenarios/20260411T101357_046173/all_scenarios_summary.csv,0.0
142,5904.0,0.1695202576707916,240,10,5894.0,0.0,20260427T232937_696372/20260427-1,Outputs_scenarios/20260427T232937_696372/all_scenarios_summary.csv,0.1695202576707916
143,6091.0,0.0,240,15,6091.0,0.0,20260411T101357_046173/20260410-02,Outputs_scenarios/20260411T101357_046173/all_scenarios_summary.csv,0.0
144,6229.0,0.5473277527366388,240,20,6198.0,0.0484144274993948,20260510T025423_238291/20260510-01,Outputs_scenarios/20260510T025423_238291/ff2020/20260510-01/multi_instance_summary.csv,0.498913325237244
145,787.0,0.7653061224489796,40,5,780.0,-0.128122998078155,20260427T232937_696372/20260427-1,Outputs_scenarios/20260427T232937_696372/ff2020/20260427-1/multi_instance_summary.csv,0.8934291205271345
146,1142.0,0.4387889425186485,40,10,1133.0,-0.3524229074889868,20260510T025423_238291/20260510-01,Outputs_scenarios/20260510T025423_238291/all_scenarios_summary.csv,0.7912118500076353
147,1286.0,-0.5428460643660333,40,15,1286.0,-0.5428460643660333,20260504T184555_707193/20260504-01,Outputs_scenarios/20260504T184555_707193/ff2020/20260504-01/multi_instance_summary.csv,0.0
148,2746.0,-0.2909090909090909,40,20,2739.0,-0.5461496450027308,20260501T034519_627934/20260429-2,Outputs_scenarios/20260501T034519_627934/all_scenarios_summary.csv,0.2552405540936399
149,2003.0,0.0499375780274656,80,5,2003.0,0.0499375780274656,20260411T101357_046173/20260410-02,Outputs_scenarios/20260411T101357_046173/all_scenarios_summary.csv,0.0
150,1776.0,0.0563221627710504,80,10,1769.0,-0.3386004514672686,20260510T025423_238291/20260510-01,Outputs_scenarios/20260510T025423_238291/ff2020/20260510-01/multi_instance_summary.csv,0.394922614238319
151,2500.0,1.1667672500502917,80,15,2470.0,-0.0404776361060514,20260429T155141_962595/20260429-1,Outputs_scenarios/20260429T155141_962595/ff2020/20260429-1/multi_instance_summary.csv,1.2072448861563432
152,2405.0,-0.4977187888842804,80,20,2389.0,-1.165210153974199,20260501T034519_627934/20260429-2,Outputs_scenarios/20260501T034519_627934/ff2020/20260429-2/multi_instance_summary.csv,0.6674913650899186
153,2754.0,0.0,120,5,2754.0,0.0,20260411T101357_046173/20260410-02,Outputs_scenarios/20260411T101357_046173/ff2020/20260410-02/multi_instance_summary.csv,0.0
154,3131.0,0.0,120,10,3131.0,0.0,20260427T232937_696372/20260427-1,Outputs_scenarios/20260427T232937_696372/all_scenarios_summary.csv,0.0
155,3319.0,0.3319752527538856,120,15,3293.0,-0.4544765944553856,20260510T025423_238291/20260510-01,Outputs_scenarios/20260510T025423_238291/all_scenarios_summary.csv,0.7864518472092712
156,3004.0,-0.8617832283725555,120,20,2985.0,-1.4962593516209477,20260510T025423_238291/20260510-01,Outputs_scenarios/20260510T025423_238291/all_scenarios_summary.csv,0.6344761232483922
157,4391.0,0.0,160,5,4391.0,0.0,20260411T101357_046173/20260410-02,Outputs_scenarios/20260411T101357_046173/all_scenarios_summary.csv,0.0
158,4429.0,0.0,160,10,4429.0,0.0,20260411T101357_046173/20260410-02,Outputs_scenarios/20260411T101357_046173/all_scenarios_summary.csv,0.0
159,4247.0,1.3511911816996562,160,15,4228.0,0.9028272748871464,20260506T143151_970406/20260506-01,Outputs_scenarios/20260506T143151_970406/ff2020/20260506-01/multi_instance_summary.csv,0.4483639068125098
160,3744.0,-0.9040148896570062,160,20,3730.0,-1.2786361214704316,20260427T232937_696372/20260427-1,Outputs_scenarios/20260427T232937_696372/all_scenarios_summary.csv,0.37462123181342544
161,4999.0,0.0200060018005401,200,5,4998.0,0.0,20260411T101357_046173/20260410-02,Outputs_scenarios/20260411T101357_046173/all_scenarios_summary.csv,0.0200060018005401
162,5171.0,0.0,200,10,5171.0,0.0,20260411T101357_046173/20260410-02,Outputs_scenarios/20260411T101357_046173/all_scenarios_summary.csv,0.0
163,5012.0,0.0,200,15,5012.0,0.0,20260411T101357_046173/20260410-02,Outputs_scenarios/20260411T101357_046173/all_scenarios_summary.csv,0.0
164,4349.0,1.0401016988327747,200,20,4311.0,0.1625072547881602,20260510T025423_238291/20260510-01,Outputs_scenarios/20260510T025423_238291/ff2020/20260510-01/multi_instance_summary.csv,0.8775944440446145
165,5930.0,0.0,240,5,5930.0,0.0,20260411T101357_046173/20260410-02,Outputs_scenarios/20260411T101357_046173/ff2020/20260410-02/multi_instance_summary.csv,0.0
166,6038.0,0.0,240,10,6038.0,0.0,20260411T101357_046173/20260410-02,Outputs_scenarios/20260411T101357_046173/ff2020/20260410-02/multi_instance_summary.csv,0.0
167,6150.0,0.0813338755591703,240,15,6150.0,0.0813338755591703,20260411T101357_046173/20260410-02,Outputs_scenarios/20260411T101357_046173/all_scenarios_summary.csv,0.0
168,6304.0,0.1269841269841269,240,20,6277.0,-0.3022349479042392,20260510T025423_238291/20260510-01,Outputs_scenarios/20260510T025423_238291/all_scenarios_summary.csv,0.4292190748883661
169,1011.0,0.396432111000991,40,5,1007.0,0.0,20260411T101357_046173/20260410-02,Outputs_scenarios/20260411T101357_046173/all_scenarios_summary.csv,0.396432111000991
170,1112.0,-0.6275212909009413,40,10,1112.0,-0.6275212909009413,20260504T184555_707193/20260504-01,Outputs_scenarios/20260504T184555_707193/ff2020/20260504-01/multi_instance_summary.csv,0.0
171,1389.0,-0.2875629043853343,40,15,1379.0,-1.0101010101010102,20260427T232937_696372/20260427-1,Outputs_scenarios/20260427T232937_696372/all_scenarios_summary.csv,0.7225381057156759
172,1688.0,0.1185536455245998,40,20,1662.0,-1.4336917562724014,20260501T034519_627934/20260429-2,Outputs_scenarios/20260501T034519_627934/all_scenarios_summary.csv,1.552245401797001
173,2058.0,0.0,80,5,2058.0,0.0,20260411T101357_046173/20260410-02,Outputs_scenarios/20260411T101357_046173/ff2020/20260410-02/multi_instance_summary.csv,0.0
174,1748.0,0.6312769010043041,80,10,1746.0,0.5167958656330749,20260501T034519_627934/20260429-2,Outputs_scenarios/20260501T034519_627934/all_scenarios_summary.csv,0.11448103537122922
175,2506.0,0.6806806806806807,80,15,2477.0,-0.4832863471606927,20260510T025423_238291/20260510-01,Outputs_scenarios/20260510T025423_238291/ff2020/20260510-01/multi_instance_summary.csv,1.1639670278413734
176,2403.0,0.6261740763932373,80,20,2395.0,0.2927033242734685,20260429T155141_962595/20260429-1,Outputs_scenarios/20260429T155141_962595/all_scenarios_summary.csv,0.3334707521197688
177,3136.0,0.0,120,5,3136.0,0.0,20260411T101357_046173/20260410-02,Outputs_scenarios/20260411T101357_046173/all_scenarios_summary.csv,0.0
178,3092.0,0.0,120,10,3092.0,0.0,20260411T101357_046173/20260410-02,Outputs_scenarios/20260411T101357_046173/ff2020/20260410-02/multi_instance_summary.csv,0.0
179,3243.0,0.1234186979327368,120,15,3231.0,-0.2472952086553323,20260510T025423_238291/20260510-01,Outputs_scenarios/20260510T025423_238291/ff2020/20260510-01/multi_instance_summary.csv,0.37071390658806913
180,3720.0,0.9724473257698542,120,20,3677.0,-0.190191550061133,20260510T025423_238291/20260510-01,Outputs_scenarios/20260510T025423_238291/ff2020/20260510-01/multi_instance_summary.csv,1.1626388758309871
181,4554.0,0.0,160,5,4554.0,0.0,20260411T101357_046173/20260410-02,Outputs_scenarios/20260411T101357_046173/ff2020/20260410-02/multi_instance_summary.csv,0.0
182,4299.0,0.0,160,10,4299.0,0.0,20260411T101357_046173/20260410-02,Outputs_scenarios/20260411T101357_046173/ff2020/20260410-02/multi_instance_summary.csv,0.0
183,4112.0,0.5853658536585366,160,15,4088.0,0.0,20260510T025423_238291/20260510-01,Outputs_scenarios/20260510T025423_238291/ff2020/20260510-01/multi_instance_summary.csv,0.5853658536585366
184,4579.0,0.1311188811188811,160,20,4568.0,-0.1093972213105787,20260427T232937_696372/20260427-1,Outputs_scenarios/20260427T232937_696372/all_scenarios_summary.csv,0.2405161024294598
185,5160.0,0.0193817230351778,200,5,5159.0,0.0,20260411T101357_046173/20260410-02,Outputs_scenarios/20260411T101357_046173/all_scenarios_summary.csv,0.0193817230351778
186,5255.0,0.0,200,10,5255.0,0.0,20260411T101357_046173/20260410-02,Outputs_scenarios/20260411T101357_046173/ff2020/20260410-02/multi_instance_summary.csv,0.0
187,5441.0,0.0367647058823529,200,15,5432.0,-0.128783000643915,20260427T232937_696372/20260427-1,Outputs_scenarios/20260427T232937_696372/all_scenarios_summary.csv,0.1655477065262679
188,4430.0,-0.1128031584884376,200,20,4420.0,-0.3387916431394692,20260424T082903_591120/20260423-02-2nc,Outputs_scenarios/20260424T082903_591120/ff2020/20260423-02-2nc/multi_instance_summary.csv,0.2259884846510316
189,6217.0,0.0,240,5,6217.0,0.0,20260411T101357_046173/20260410-02,Outputs_scenarios/20260411T101357_046173/ff2020/20260410-02/multi_instance_summary.csv,0.0
190,5935.0,0.0,240,10,5935.0,0.0,20260411T101357_046173/20260410-02,Outputs_scenarios/20260411T101357_046173/all_scenarios_summary.csv,0.0
191,6068.0,0.0,240,15,6068.0,0.0,20260411T101357_046173/20260410-02,Outputs_scenarios/20260411T101357_046173/ff2020/20260410-02/multi_instance_summary.csv,0.0
192,6222.0,1.0339256865912765,240,20,6220.0,1.001777346905801,20260514T084607_028368/20260514-2,Outputs_scenarios/20260514T084607_028368/all_scenarios_summary.csv,0.03214833968547559
193,933.0,-0.5344735435595938,40,5,933.0,-0.5344735435595938,20260501T034519_627934/20260429-2,Outputs_scenarios/20260501T034519_627934/ff2020/20260429-2/multi_instance_summary.csv,0.0
194,1283.0,-0.1557632398753894,40,10,1267.0,-1.4106583072100314,20260510T025423_238291/20260510-01,Outputs_scenarios/20260510T025423_238291/all_scenarios_summary.csv,1.254895067334642
195,1693.0,-1.1160058737151248,40,15,1693.0,-1.1160058737151248,20260504T184555_707193/20260504-01,Outputs_scenarios/20260504T184555_707193/all_scenarios_summary.csv,0.0
196,1730.0,0.0,40,20,1710.0,-1.162790697674419,20260427T232937_696372/20260427-1,Outputs_scenarios/20260427T232937_696372/ff2020/20260427-1/multi_instance_summary.csv,1.162790697674419
197,2130.0,0.0,80,5,2130.0,0.0,20260411T101357_046173/20260410-02,Outputs_scenarios/20260411T101357_046173/ff2020/20260410-02/multi_instance_summary.csv,0.0
198,1663.0,0.8454106280193237,80,10,1649.0,0.0,20260513T152336_096398/20260514-1,Outputs_scenarios/20260513T152336_096398/all_scenarios_summary.csv,0.8454106280193237
199,2258.0,0.7557234941098022,80,15,2252.0,0.4896505675495214,20260510T025423_238291/20260510-01,Outputs_scenarios/20260510T025423_238291/all_scenarios_summary.csv,0.2660729265602808
200,2367.0,-1.2594458438287153,80,20,2362.0,-1.4708972473208657,20260513T152336_096398/20260514-1,Outputs_scenarios/20260513T152336_096398/all_scenarios_summary.csv,0.2114514034921504
201,3066.0,0.0,120,5,3066.0,0.0,20260424T082903_591120/20260423-02-2nc,Outputs_scenarios/20260424T082903_591120/ff2020/20260423-02-2nc/multi_instance_summary.csv,0.0
202,3431.0,0.0,120,10,3431.0,0.0,20260427T232937_696372/20260427-1,Outputs_scenarios/20260427T232937_696372/ff2020/20260427-1/multi_instance_summary.csv,0.0
203,3305.0,1.83206106870229,120,15,3265.0,0.6144393241167435,20260507T201747_846405/20260507-bad20-good5-random5-paper-safe-hardness-v4-2nc,Outputs_scenarios/20260507T201747_846405/ff2020/20260507-bad20-good5-random5-paper-safe-hardness-v4-2nc/multi_instance_summary.csv,1.2176217445855464
204,3710.0,0.7847381951021513,120,20,3687.0,0.1628664495114006,20260504T021119_815294/20260502-01,Outputs_scenarios/20260504T021119_815294/ff2020/20260502-01/multi_instance_summary.csv,0.6218717455907506
205,4008.0,0.0,160,5,4008.0,0.0,20260411T101357_046173/20260410-02,Outputs_scenarios/20260411T101357_046173/all_scenarios_summary.csv,0.0
206,4616.0,0.0,160,10,4616.0,0.0,20260411T101357_046173/20260410-02,Outputs_scenarios/20260411T101357_046173/all_scenarios_summary.csv,0.0
207,4209.0,1.870503597122302,160,15,4172.0,0.9875948452366614,20260512T113404_464922/20260512-delayonly,Outputs_scenarios/20260512T113404_464922/ff2020/20260512-delayonly/multi_instance_summary.csv,0.8829087518856407
208,4519.0,0.4880212954747116,160,20,4449.0,-1.0731052984574112,20260510T025423_238291/20260510-01,Outputs_scenarios/20260510T025423_238291/ff2020/20260510-01/multi_instance_summary.csv,1.5611265939321228
209,5334.0,0.0,200,5,5334.0,0.0,20260411T101357_046173/20260410-02,Outputs_scenarios/20260411T101357_046173/all_scenarios_summary.csv,0.0
210,4892.0,0.0613434209181065,200,10,4889.0,0.0,20260429T155141_962595/20260429-1,Outputs_scenarios/20260429T155141_962595/all_scenarios_summary.csv,0.0613434209181065
211,5228.0,0.038262865888655,200,15,5225.0,-0.0191369246962013,20260429T155141_962595/20260429-1,Outputs_scenarios/20260429T155141_962595/ff2020/20260429-1/multi_instance_summary.csv,0.057399790584856294
212,5350.0,-0.1120866803661498,200,20,5350.0,-0.1120866803661498,20260504T184555_707193/20260504-01,Outputs_scenarios/20260504T184555_707193/ff2020/20260504-01/multi_instance_summary.csv,0.0
213,5735.0,0.0,240,5,5735.0,0.0,20260411T101357_046173/20260410-02,Outputs_scenarios/20260411T101357_046173/all_scenarios_summary.csv,0.0
214,6383.0,0.0,240,10,6383.0,0.0,20260411T101357_046173/20260410-02,Outputs_scenarios/20260411T101357_046173/ff2020/20260410-02/multi_instance_summary.csv,0.0
215,6305.0,0.0,240,15,6305.0,0.0,20260411T101357_046173/20260410-02,Outputs_scenarios/20260411T101357_046173/ff2020/20260410-02/multi_instance_summary.csv,0.0
216,6174.0,-0.2588159171789065,240,20,6131.0,-0.9577144712279848,20260510T025423_238291/20260510-01,Outputs_scenarios/20260510T025423_238291/all_scenarios_summary.csv,0.6988985540490783
217,1015.0,0.0,40,5,1010.0,-0.4938271604938271,20260504T021119_815294/20260502-01,Outputs_scenarios/20260504T021119_815294/ff2020/20260502-01/multi_instance_summary.csv,0.4938271604938271
218,1367.0,1.2513801987486195,40,10,1351.0,0.0740466493891151,20260427T232937_696372/20260427-1,Outputs_scenarios/20260427T232937_696372/ff2020/20260427-1/multi_instance_summary.csv,1.1773335493595045
219,1628.0,-0.3678724708767627,40,15,1625.0,-0.5523166615526235,20260429T155141_962595/20260429-1,Outputs_scenarios/20260429T155141_962595/all_scenarios_summary.csv,0.18444419067586076
220,1536.0,-0.9718172983479106,40,20,1529.0,-1.4285714285714286,20260504T021119_815294/20260502-01,Outputs_scenarios/20260504T021119_815294/ff2020/20260502-01/multi_instance_summary.csv,0.45675413022351796
221,1873.0,0.0,80,5,1873.0,0.0,20260411T101357_046173/20260410-02,Outputs_scenarios/20260411T101357_046173/ff2020/20260410-02/multi_instance_summary.csv,0.0
222,2139.0,-0.9306654257794325,80,10,2139.0,-0.9306654257794325,20260411T101357_046173/20260410-02,Outputs_scenarios/20260411T101357_046173/all_scenarios_summary.csv,0.0
223,2306.0,-0.5621621621621622,80,15,2280.0,-1.6960208741030658,20260513T152336_096398/20260514-1,Outputs_scenarios/20260513T152336_096398/ff2020/20260514-1/multi_instance_summary.csv,1.1338587119409036
224,2515.0,-0.4364213449712358,80,20,2515.0,-0.4364213449712358,20260504T184555_707193/20260504-01,Outputs_scenarios/20260504T184555_707193/all_scenarios_summary.csv,0.0
225,2793.0,0.0,120,5,2793.0,0.0,20260411T101357_046173/20260410-02,Outputs_scenarios/20260411T101357_046173/all_scenarios_summary.csv,0.0
226,2994.0,0.100250626566416,120,10,2994.0,0.100250626566416,20260504T184555_707193/20260504-01,Outputs_scenarios/20260504T184555_707193/ff2020/20260504-01/multi_instance_summary.csv,0.0
227,3334.0,1.2677331723513432,120,15,3293.0,0.0303720577069096,20260510T025423_238291/20260510-01,Outputs_scenarios/20260510T025423_238291/ff2020/20260510-01/multi_instance_summary.csv,1.2373611146444337
228,3759.0,0.3998400639744102,120,20,3711.0,-0.8853118712273642,20260427T232937_696372/20260427-1,Outputs_scenarios/20260427T232937_696372/ff2020/20260427-1/multi_instance_summary.csv,1.2851519352017744
229,4097.0,0.0,160,5,4097.0,0.0,20260411T101357_046173/20260410-02,Outputs_scenarios/20260411T101357_046173/all_scenarios_summary.csv,0.0
230,4279.0,0.0,160,10,4279.0,0.0,20260411T101357_046173/20260410-02,Outputs_scenarios/20260411T101357_046173/ff2020/20260410-02/multi_instance_summary.csv,0.0
231,4177.0,1.6169904669965005,160,15,4128.0,0.4369992716678805,20260506T171147_164642/20260506-01,Outputs_scenarios/20260506T171147_164642/ff2020/20260506-01/multi_instance_summary.csv,1.17999119532862
232,4281.0,1.3403880070546736,160,20,4235.0,0.2600780234070221,20260513T152336_096398/20260514-1,Outputs_scenarios/20260513T152336_096398/ff2020/20260514-1/multi_instance_summary.csv,1.0803099836476515
233,5214.0,0.0,200,5,5214.0,0.0,20260411T101357_046173/20260410-02,Outputs_scenarios/20260411T101357_046173/ff2020/20260410-02/multi_instance_summary.csv,0.0
234,4881.0,0.0614817091915155,200,10,4878.0,0.0,20260411T101357_046173/20260410-02,Outputs_scenarios/20260411T101357_046173/ff2020/20260410-02/multi_instance_summary.csv,0.0614817091915155
235,5015.0,1.3247691690084304,200,15,4974.0,0.503879875037791,20260501T034519_627934/20260429-2,Outputs_scenarios/20260501T034519_627934/all_scenarios_summary.csv,0.8208892939706395
236,5388.0,0.2973977695167286,200,20,5371.0,-0.0186167737131155,20260424T082903_591120/20260423-02-2nc,Outputs_scenarios/20260424T082903_591120/ff2020/20260423-02-2nc/multi_instance_summary.csv,0.31601454322984407
237,6406.0,0.0,240,5,6406.0,0.0,20260411T101357_046173/20260410-02,Outputs_scenarios/20260411T101357_046173/ff2020/20260410-02/multi_instance_summary.csv,0.0
238,12744.0,0.0,240,10,12744.0,0.0,20260411T101357_046173/20260410-02,Outputs_scenarios/20260411T101357_046173/ff2020/20260410-02/multi_instance_summary.csv,0.0
239,6382.0,0.0,240,15,6382.0,0.0,20260411T101357_046173/20260410-02,Outputs_scenarios/20260411T101357_046173/ff2020/20260410-02/multi_instance_summary.csv,0.0
240,6143.0,0.7024422118761742,240,20,6057.0,-0.7074113679361684,20260506T171147_164642/20260506-01,Outputs_scenarios/20260506T171147_164642/ff2020/20260506-01/multi_instance_summary.csv,1.4098535798123426
