_key,count,mean,median,max,neg,zero,pos,gt01,root,scenario,path
20260504T184555_707193/20260504-01@all,240,0.0924442981531759,0.0,2.051161145821054,51,95,94,74,20260504T184555_707193,20260504-01,Outputs_scenarios/20260504T184555_707193/all_scenarios_summary.csv
20260504T184555_707193/20260504-01@multi,240,0.0924442981531759,0.0,2.051161145821054,51,95,94,74,20260504T184555_707193,20260504-01,Outputs_scenarios/20260504T184555_707193/ff2020/20260504-01/multi_instance_summary.csv
20260510T025423_238291/20260510-01@all,240,0.12036794999540135,0.0,2.794891059353869,56,95,89,68,20260510T025423_238291,20260510-01,Outputs_scenarios/20260510T025423_238291/all_scenarios_summary.csv
20260510T025423_238291/20260510-01@multi,240,0.12036794999540135,0.0,2.794891059353869,56,95,89,68,20260510T025423_238291,20260510-01,Outputs_scenarios/20260510T025423_238291/ff2020/20260510-01/multi_instance_summary.csv
20260501T034519_627934/20260429-2@all,240,0.12280565166445294,0.0,2.4175824175824174,57,98,85,71,20260501T034519_627934,20260429-2,Outputs_scenarios/20260501T034519_627934/all_scenarios_summary.csv
20260501T034519_627934/20260429-2@multi,240,0.12280565166445294,0.0,2.4175824175824174,57,98,85,71,20260501T034519_627934,20260429-2,Outputs_scenarios/20260501T034519_627934/ff2020/20260429-2/multi_instance_summary.csv
20260429T155141_962595/20260429-1@all,240,0.14501792549970058,0.0,2.676289279807548,55,95,90,68,20260429T155141_962595,20260429-1,Outputs_scenarios/20260429T155141_962595/all_scenarios_summary.csv
20260429T155141_962595/20260429-1@multi,240,0.14501792549970058,0.0,2.676289279807548,55,95,90,68,20260429T155141_962595,20260429-1,Outputs_scenarios/20260429T155141_962595/ff2020/20260429-1/multi_instance_summary.csv
20260427T232937_696372/20260427-1@all,240,0.15107514019570192,0.0,3.321622484829128,53,94,93,73,20260427T232937_696372,20260427-1,Outputs_scenarios/20260427T232937_696372/all_scenarios_summary.csv
20260427T232937_696372/20260427-1@multi,240,0.15107514019570192,0.0,3.321622484829128,53,94,93,73,20260427T232937_696372,20260427-1,Outputs_scenarios/20260427T232937_696372/ff2020/20260427-1/multi_instance_summary.csv
20260411T101357_046173/20260410-02@all,240,0.36766125286848894,0.017421253464599905,3.7972791149648675,30,89,121,103,20260411T101357_046173,20260410-02,Outputs_scenarios/20260411T101357_046173/all_scenarios_summary.csv
20260411T101357_046173/20260410-02@multi,240,0.36766125286848894,0.017421253464599905,3.7972791149648675,30,89,121,103,20260411T101357_046173,20260410-02,Outputs_scenarios/20260411T101357_046173/ff2020/20260410-02/multi_instance_summary.csv
20260502T165452_512420/20260502-01@multi,133,0.15266340122609062,0.0,2.4718483932985444,30,53,50,39,20260502T165452_512420,20260502-01,Outputs_scenarios/20260502T165452_512420/ff2020/20260502-01/multi_instance_summary.csv
20260424T082903_591120/20260423-02-2nc@multi,113,0.41758860190511704,0.04927322000492732,3.7401574803149606,12,41,60,49,20260424T082903_591120,20260423-02-2nc,Outputs_scenarios/20260424T082903_591120/ff2020/20260423-02-2nc/multi_instance_summary.csv
20260508T214750_473411/20260508-full240-0504-backbone-neh-adaptive-cp-2nc@multi,107,0.1043636492496904,0.0,2.942942942942943,26,46,35,28,20260508T214750_473411,20260508-full240-0504-backbone-neh-adaptive-cp-2nc,Outputs_scenarios/20260508T214750_473411/ff2020/20260508-full240-0504-backbone-neh-adaptive-cp-2nc/multi_instance_summary.csv
20260426T225022_763309/20260426-01@multi,88,0.3290063142953427,0.0,3.2582829946915615,16,33,39,30,20260426T225022_763309,20260426-01,Outputs_scenarios/20260426T225022_763309/ff2020/20260426-01/multi_instance_summary.csv
20260511T113311_435296/20260511-01@multi,69,0.08886838099694136,0.0,2.7384755819260613,17,29,23,17,20260511T113311_435296,20260511-01,Outputs_scenarios/20260511T113311_435296/ff2020/20260511-01/multi_instance_summary.csv
20260503T122116_783419/20260502-01@multi,53,0.14145579910527786,0.0,2.10373594486761,11,23,19,14,20260503T122116_783419,20260502-01,Outputs_scenarios/20260503T122116_783419/ff2020/20260502-01/multi_instance_summary.csv
20260504T021119_815294/20260502-01@multi,52,0.30187160315279266,0.0,2.2501654533421576,11,21,20,18,20260504T021119_815294,20260502-01,Outputs_scenarios/20260504T021119_815294/ff2020/20260502-01/multi_instance_summary.csv
20260513T152336_096398/20260514-1@all,50,0.09416423050307386,-0.07947019867549669,3.031667417079394,25,1,24,24,20260513T152336_096398,20260514-1,Outputs_scenarios/20260513T152336_096398/all_scenarios_summary.csv
20260513T152336_096398/20260514-1@multi,50,0.09416423050307386,-0.07947019867549669,3.031667417079394,25,1,24,24,20260513T152336_096398,20260514-1,Outputs_scenarios/20260513T152336_096398/ff2020/20260514-1/multi_instance_summary.csv
20260514T084607_028368/20260514-2@all,50,0.17187930710233926,0.11848341232227488,2.2848438690022848,24,1,25,25,20260514T084607_028368,20260514-2,Outputs_scenarios/20260514T084607_028368/all_scenarios_summary.csv
20260514T084607_028368/20260514-2@multi,50,0.17187930710233926,0.11848341232227488,2.2848438690022848,24,1,25,25,20260514T084607_028368,20260514-2,Outputs_scenarios/20260514T084607_028368/ff2020/20260514-2/multi_instance_summary.csv
20260503T193239_130238/20260502-01@multi,44,0.2156428428286672,0.0,2.9133503529058418,9,16,19,13,20260503T193239_130238,20260502-01,Outputs_scenarios/20260503T193239_130238/ff2020/20260502-01/multi_instance_summary.csv
20260515T013412_801357/20260515-2@multi,38,0.097483173830859,0.0,3.943830295787272,7,17,14,8,20260515T013412_801357,20260515-2,Outputs_scenarios/20260515T013412_801357/ff2020/20260515-2/multi_instance_summary.csv
20260508T123926_817217/20260508-aggressive-state-split-exact-2nc@multi,30,-0.021729118661083336,0.0,0.6038242200603824,6,15,9,6,20260508T123926_817217,20260508-aggressive-state-split-exact-2nc,Outputs_scenarios/20260508T123926_817217/ff2020/20260508-aggressive-state-split-exact-2nc/multi_instance_summary.csv
20260513T015949_457294/20260513-1@multi,28,0.1121102401423502,-0.08083657904959038,2.260057254783788,14,0,14,13,20260513T015949_457294,20260513-1,Outputs_scenarios/20260513T015949_457294/ff2020/20260513-1/multi_instance_summary.csv
20260506T171147_164642/20260506-01@multi,28,0.170376349625468,0.0,2.0795840831833634,5,12,11,9,20260506T171147_164642,20260506-01,Outputs_scenarios/20260506T171147_164642/ff2020/20260506-01/multi_instance_summary.csv
20260513T074354_685474/20260514-1@multi,27,0.0014184936454390187,0.0,1.33302689037003,6,12,9,5,20260513T074354_685474,20260514-1,Outputs_scenarios/20260513T074354_685474/ff2020/20260514-1/multi_instance_summary.csv
20260423T235638_652516/20260423-02-2nc@multi,24,0.23084194301525687,0.007878358150161507,1.7431192660550459,2,10,12,10,20260423T235638_652516,20260423-02-2nc,Outputs_scenarios/20260423T235638_652516/ff2020/20260423-02-2nc/multi_instance_summary.csv
20260514T015939_540922/20260514-2@multi,23,-0.10897163388055908,-0.3519061583577713,2.3493975903614457,14,0,9,9,20260514T015939_540922,20260514-2,Outputs_scenarios/20260514T015939_540922/ff2020/20260514-2/multi_instance_summary.csv
20260514T210324_101794/20260515-1@multi,21,0.004175492580602135,0.0,3.326839502472651,10,2,9,8,20260514T210324_101794,20260515-1,Outputs_scenarios/20260514T210324_101794/ff2020/20260515-1/multi_instance_summary.csv
20260508T200355_588891/20260508-resume18-pilot20-finalcp005-finalcp005-2nc@all,20,0.11429582724571463,0.044168582471613156,1.1639185257032008,5,3,12,8,20260508T200355_588891,20260508-resume18-pilot20-finalcp005-finalcp005-2nc,Outputs_scenarios/20260508T200355_588891/all_scenarios_summary.csv
20260508T200355_588891/20260508-resume18-pilot20-finalcp005-finalcp005-2nc@multi,20,0.11429582724571463,0.044168582471613156,1.1639185257032008,5,3,12,8,20260508T200355_588891,20260508-resume18-pilot20-finalcp005-finalcp005-2nc,Outputs_scenarios/20260508T200355_588891/ff2020/20260508-resume18-pilot20-finalcp005-finalcp005-2nc/multi_instance_summary.csv
20260508T200355_588891/20260508-resume18-pilot20-finalcp005-handoff-rect001-finalcp005-2nc@all,20,0.12071396586774732,0.058180274562888275,1.3084565059365156,5,4,11,9,20260508T200355_588891,20260508-resume18-pilot20-finalcp005-handoff-rect001-finalcp005-2nc,Outputs_scenarios/20260508T200355_588891/all_scenarios_summary.csv
20260508T200355_588891/20260508-resume18-pilot20-finalcp005-handoff-rect001-finalcp005-2nc@multi,20,0.12071396586774732,0.058180274562888275,1.3084565059365156,5,4,11,9,20260508T200355_588891,20260508-resume18-pilot20-finalcp005-handoff-rect001-finalcp005-2nc,Outputs_scenarios/20260508T200355_588891/ff2020/20260508-resume18-pilot20-finalcp005-handoff-rect001-finalcp005-2nc/multi_instance_summary.csv
20260508T194717_059171/20260508-resume18-pilot20-critical-handoff-rect002-finalcp005-2nc@all,20,0.12079482178819397,0.06928274767517356,0.9225540179655256,5,4,11,10,20260508T194717_059171,20260508-resume18-pilot20-critical-handoff-rect002-finalcp005-2nc,Outputs_scenarios/20260508T194717_059171/all_scenarios_summary.csv
20260508T194717_059171/20260508-resume18-pilot20-critical-handoff-rect002-finalcp005-2nc@multi,20,0.12079482178819397,0.06928274767517356,0.9225540179655256,5,4,11,10,20260508T194717_059171,20260508-resume18-pilot20-critical-handoff-rect002-finalcp005-2nc,Outputs_scenarios/20260508T194717_059171/ff2020/20260508-resume18-pilot20-critical-handoff-rect002-finalcp005-2nc/multi_instance_summary.csv
20260508T200355_588891/20260508-resume18-pilot20-critical-handoff-rect0005-finalcp005-2nc@all,20,0.12294460738315054,0.044168582471613156,1.1639185257032008,5,3,12,8,20260508T200355_588891,20260508-resume18-pilot20-critical-handoff-rect0005-finalcp005-2nc,Outputs_scenarios/20260508T200355_588891/all_scenarios_summary.csv
20260508T200355_588891/20260508-resume18-pilot20-critical-handoff-rect0005-finalcp005-2nc@multi,20,0.12294460738315054,0.044168582471613156,1.1639185257032008,5,3,12,8,20260508T200355_588891,20260508-resume18-pilot20-critical-handoff-rect0005-finalcp005-2nc,Outputs_scenarios/20260508T200355_588891/ff2020/20260508-resume18-pilot20-critical-handoff-rect0005-finalcp005-2nc/multi_instance_summary.csv
20260508T204436_998400/20260508-resume18-pilot20-finalcp005-guarded-handoff0005-finalcp005-2nc@all,20,0.12480785085755138,0.058180274562888275,1.1156924569488236,5,3,12,9,20260508T204436_998400,20260508-resume18-pilot20-finalcp005-guarded-handoff0005-finalcp005-2nc,Outputs_scenarios/20260508T204436_998400/all_scenarios_summary.csv
20260508T204436_998400/20260508-resume18-pilot20-finalcp005-guarded-handoff0005-finalcp005-2nc@multi,20,0.12480785085755138,0.058180274562888275,1.1156924569488236,5,3,12,9,20260508T204436_998400,20260508-resume18-pilot20-finalcp005-guarded-handoff0005-finalcp005-2nc,Outputs_scenarios/20260508T204436_998400/ff2020/20260508-resume18-pilot20-finalcp005-guarded-handoff0005-finalcp005-2nc/multi_instance_summary.csv
20260508T200355_588891/20260508-resume18-pilot20-critical-handoff-rect001-finalcp005-2nc@all,20,0.1273796999287986,0.04707533450846049,1.1156924569488236,5,3,12,9,20260508T200355_588891,20260508-resume18-pilot20-critical-handoff-rect001-finalcp005-2nc,Outputs_scenarios/20260508T200355_588891/all_scenarios_summary.csv
20260508T200355_588891/20260508-resume18-pilot20-critical-handoff-rect001-finalcp005-2nc@multi,20,0.1273796999287986,0.04707533450846049,1.1156924569488236,5,3,12,9,20260508T200355_588891,20260508-resume18-pilot20-critical-handoff-rect001-finalcp005-2nc,Outputs_scenarios/20260508T200355_588891/ff2020/20260508-resume18-pilot20-critical-handoff-rect001-finalcp005-2nc/multi_instance_summary.csv
20260508T205938_831355/20260508-resume18-pilot20-bneckband-r1-0005-finalcp005-2nc@multi,20,0.13512292486616206,0.03596792668957617,1.0674429888403687,5,4,11,8,20260508T205938_831355,20260508-resume18-pilot20-bneckband-r1-0005-finalcp005-2nc,Outputs_scenarios/20260508T205938_831355/ff2020/20260508-resume18-pilot20-bneckband-r1-0005-finalcp005-2nc/multi_instance_summary.csv
20260508T194717_059171/20260508-resume18-pilot20-finalcp005-only-2nc@all,20,0.13531083574438582,0.02162406261751546,1.2603005332040718,6,3,11,9,20260508T194717_059171,20260508-resume18-pilot20-finalcp005-only-2nc,Outputs_scenarios/20260508T194717_059171/all_scenarios_summary.csv
20260508T194717_059171/20260508-resume18-pilot20-finalcp005-only-2nc@multi,20,0.13531083574438582,0.02162406261751546,1.2603005332040718,6,3,11,9,20260508T194717_059171,20260508-resume18-pilot20-finalcp005-only-2nc,Outputs_scenarios/20260508T194717_059171/ff2020/20260508-resume18-pilot20-finalcp005-only-2nc/multi_instance_summary.csv
20260508T205938_831355/20260508-resume18-pilot20-tailjob-0005-finalcp005-2nc@multi,20,0.13668818662946283,0.058180274562888275,1.3084565059365156,5,3,12,9,20260508T205938_831355,20260508-resume18-pilot20-tailjob-0005-finalcp005-2nc,Outputs_scenarios/20260508T205938_831355/ff2020/20260508-resume18-pilot20-tailjob-0005-finalcp005-2nc/multi_instance_summary.csv
20260508T200355_588891/20260508-resume18-pilot20-critical-tail-rect001-finalcp005-2nc@all,20,0.13767611792885542,0.04707533450846049,1.1639185257032008,5,3,12,9,20260508T200355_588891,20260508-resume18-pilot20-critical-tail-rect001-finalcp005-2nc,Outputs_scenarios/20260508T200355_588891/all_scenarios_summary.csv
20260508T200355_588891/20260508-resume18-pilot20-critical-tail-rect001-finalcp005-2nc@multi,20,0.13767611792885542,0.04707533450846049,1.1639185257032008,5,3,12,9,20260508T200355_588891,20260508-resume18-pilot20-critical-tail-rect001-finalcp005-2nc,Outputs_scenarios/20260508T200355_588891/ff2020/20260508-resume18-pilot20-critical-tail-rect001-finalcp005-2nc/multi_instance_summary.csv
20260508T005410_865965/20260508-full240-unified-hardtrust-postneh-bneck-v7-2nc@multi,18,0.26751936858643616,0.0,1.8340210912425492,2,8,8,6,20260508T005410_865965,20260508-full240-unified-hardtrust-postneh-bneck-v7-2nc,Outputs_scenarios/20260508T005410_865965/ff2020/20260508-full240-unified-hardtrust-postneh-bneck-v7-2nc/multi_instance_summary.csv
20260426T143314_938246/20260426-01@multi,18,0.4134107224862397,0.017739932588256166,3.5007956353716754,1,8,9,6,20260426T143314_938246,20260426-01,Outputs_scenarios/20260426T143314_938246/ff2020/20260426-01/multi_instance_summary.csv
20260514T193249_640887/20260514-tau-restore-stageprobe-tau5-8-10-x2@all,18,4.68320489642547,4.29578259243206,7.5659824046920825,0,0,18,18,20260514T193249_640887,20260514-tau-restore-stageprobe-tau5-8-10-x2,Outputs_scenarios/20260514T193249_640887/all_scenarios_summary.csv
20260514T193249_640887/20260514-tau-restore-stageprobe-tau5-8-10-x2@multi,18,4.68320489642547,4.29578259243206,7.5659824046920825,0,0,18,18,20260514T193249_640887,20260514-tau-restore-stageprobe-tau5-8-10-x2,Outputs_scenarios/20260514T193249_640887/ff2020/20260514-tau-restore-stageprobe-tau5-8-10-x2/multi_instance_summary.csv
20260512T163823_268797/20260512-delayonly@multi,17,-0.2879306113188165,-0.6119951040391677,1.624045570233911,10,1,6,6,20260512T163823_268797,20260512-delayonly,Outputs_scenarios/20260512T163823_268797/ff2020/20260512-delayonly/multi_instance_summary.csv
20260514T061719_755185/20260514-2@multi,16,-0.03854204588083186,-0.23022764453805444,3.031667417079394,9,0,7,7,20260514T061719_755185,20260514-2,Outputs_scenarios/20260514T061719_755185/ff2020/20260514-2/multi_instance_summary.csv
20260508T103353_525013/20260508-aggressive-state-split-exact-2nc@multi,16,-0.02645574397998806,0.0,2.422857142857143,3,9,4,3,20260508T103353_525013,20260508-aggressive-state-split-exact-2nc,Outputs_scenarios/20260508T103353_525013/ff2020/20260508-aggressive-state-split-exact-2nc/multi_instance_summary.csv
20260508T205938_831355/20260508-resume18-pilot20-finalcp005-bneckband-r1-0005-finalcp005-2nc@multi,16,0.03472856865245762,0.013745704467353952,1.0674429888403687,4,4,8,5,20260508T205938_831355,20260508-resume18-pilot20-finalcp005-bneckband-r1-0005-finalcp005-2nc,Outputs_scenarios/20260508T205938_831355/ff2020/20260508-resume18-pilot20-finalcp005-bneckband-r1-0005-finalcp005-2nc/multi_instance_summary.csv
20260503T101515_189140/20260502-01@multi,16,0.10853408360177136,0.045227563154501355,1.2873563218390804,2,5,9,5,20260503T101515_189140,20260502-01,Outputs_scenarios/20260503T101515_189140/ff2020/20260502-01/multi_instance_summary.csv
20260429T140146_391618/20260429-1@multi,15,0.30527013146047993,0.0,2.1515220874341954,2,7,6,4,20260429T140146_391618,20260429-1,Outputs_scenarios/20260429T140146_391618/ff2020/20260429-1/multi_instance_summary.csv
20260506T092516_756685/20260506-01@all,15,1.3099678056843274,1.422302920260251,1.9988577955454025,0,0,15,15,20260506T092516_756685,20260506-01,Outputs_scenarios/20260506T092516_756685/all_scenarios_summary.csv
20260506T092516_756685/20260506-01@multi,15,1.3099678056843274,1.422302920260251,1.9988577955454025,0,0,15,15,20260506T092516_756685,20260506-01,Outputs_scenarios/20260506T092516_756685/ff2020/20260506-01/multi_instance_summary.csv
20260504T144823_701563/20260504-01@multi,14,0.049231717311888024,0.0,0.9377093101138647,2,6,6,5,20260504T144823_701563,20260504-01,Outputs_scenarios/20260504T144823_701563/ff2020/20260504-01/multi_instance_summary.csv
20260511T214441_043577/20260511-full240-small-thick-first-neh-2nc@multi,14,0.06560414532262311,0.0,1.1219613546644505,2,6,6,4,20260511T214441_043577,20260511-full240-small-thick-first-neh-2nc,Outputs_scenarios/20260511T214441_043577/ff2020/20260511-full240-small-thick-first-neh-2nc/multi_instance_summary.csv
20260427T155947_629510/20260427-1@multi,14,0.07726355968002037,0.017739932588256166,1.668335001668335,2,5,7,4,20260427T155947_629510,20260427-1,Outputs_scenarios/20260427T155947_629510/ff2020/20260427-1/multi_instance_summary.csv
20260513T113332_797038/20260514-1@multi,12,0.0758092684842653,0.0,1.5610651974288339,2,9,1,1,20260513T113332_797038,20260514-1,Outputs_scenarios/20260513T113332_797038/ff2020/20260514-1/multi_instance_summary.csv
20260504T125546_469368/20260504-01@multi,12,0.1974158766214632,0.0,1.800600200066689,1,6,5,3,20260504T125546_469368,20260504-01,Outputs_scenarios/20260504T125546_469368/ff2020/20260504-01/multi_instance_summary.csv
20260512T113404_464922/20260512-delayonly@multi,12,1.3375464179704408,1.2439318808770667,2.5162952857359406,1,0,11,11,20260512T113404_464922,20260512-delayonly,Outputs_scenarios/20260512T113404_464922/ff2020/20260512-delayonly/multi_instance_summary.csv
20260427T173549_481577/20260427-1@multi,11,0.22278288927244594,0.0,1.668335001668335,1,5,5,4,20260427T173549_481577,20260427-1,Outputs_scenarios/20260427T173549_481577/ff2020/20260427-1/multi_instance_summary.csv
20260427T195959_704746/20260427-1@multi,11,0.3525907092026393,0.0709471443774388,1.7885806007796377,1,4,6,4,20260427T195959_704746,20260427-1,Outputs_scenarios/20260427T195959_704746/ff2020/20260427-1/multi_instance_summary.csv
20260426T165652_609087/20260426-01@multi,11,0.42860725402028543,0.0,2.5582457743261764,1,6,4,3,20260426T165652_609087,20260426-01,Outputs_scenarios/20260426T165652_609087/ff2020/20260426-01/multi_instance_summary.csv
20260510T013014_194211/20260510-01@multi,10,0.050018725003012424,0.0,0.5537609598523304,1,6,3,2,20260510T013014_194211,20260510-01,Outputs_scenarios/20260510T013014_194211/ff2020/20260510-01/multi_instance_summary.csv
20260502T152719_585551/20260502-01@multi,10,0.11767375710394137,0.0,1.1502185415228894,1,6,3,2,20260502T152719_585551,20260502-01,Outputs_scenarios/20260502T152719_585551/ff2020/20260502-01/multi_instance_summary.csv
20260503T094621_969915/20260502-01@multi,10,1.548252769008077,0.14561717043991856,6.13619356447992,0,4,6,5,20260503T094621_969915,20260502-01,Outputs_scenarios/20260503T094621_969915/ff2020/20260502-01/multi_instance_summary.csv
20260503T083404_079955/20260502-01@multi,9,0.10411000496098924,0.0,1.6021361815754338,1,6,2,2,20260503T083404_079955,20260502-01,Outputs_scenarios/20260503T083404_079955/ff2020/20260502-01/multi_instance_summary.csv
20260502T162552_850973/20260502-01@multi,9,0.2115469738948271,0.0,2.015574896930829,1,6,2,2,20260502T162552_850973,20260502-01,Outputs_scenarios/20260502T162552_850973/ff2020/20260502-01/multi_instance_summary.csv
20260504T104024_580061/20260504-01@multi,9,0.2618063298265422,0.0,1.004352192835621,0,5,4,4,20260504T104024_580061,20260504-01,Outputs_scenarios/20260504T104024_580061/ff2020/20260504-01/multi_instance_summary.csv
20260508T080910_903617/20260508-0504-exact-2nc@multi,9,0.2763536914080844,0.0,1.668335001668335,1,5,3,2,20260508T080910_903617,20260508-0504-exact-2nc,Outputs_scenarios/20260508T080910_903617/ff2020/20260508-0504-exact-2nc/multi_instance_summary.csv
20260426T194105_949430/20260426-01@multi,9,0.36153525735755854,0.0,2.060911380810625,1,5,3,3,20260426T194105_949430,20260426-01,Outputs_scenarios/20260426T194105_949430/ff2020/20260426-01/multi_instance_summary.csv
20260507T201747_846405/20260507-bad20-good5-random5-paper-safe-hardness-v4-2nc@multi,9,1.5708640431199707,1.680274523725003,2.5162952857359406,0,0,9,9,20260507T201747_846405,20260507-bad20-good5-random5-paper-safe-hardness-v4-2nc,Outputs_scenarios/20260507T201747_846405/ff2020/20260507-bad20-good5-random5-paper-safe-hardness-v4-2nc/multi_instance_summary.csv
20260515T132747_076344/20260515-2@multi,8,-0.22080630235770948,-0.5046643217617373,1.812141347025068,4,1,3,3,20260515T132747_076344,20260515-2,Outputs_scenarios/20260515T132747_076344/ff2020/20260515-2/multi_instance_summary.csv
20260515T095310_742221/20260515-2@multi,8,0.10679805247322649,-0.07380069195058046,2.08113406725984,5,1,2,2,20260515T095310_742221,20260515-2,Outputs_scenarios/20260515T095310_742221/ff2020/20260515-2/multi_instance_summary.csv
20260512T090616_751951/20260512-pilot30-guarded-first-neh-portfolio-2nc@multi,8,0.1685785320927045,0.017739932588256166,1.1502185415228894,1,3,4,3,20260512T090616_751951,20260512-pilot30-guarded-first-neh-portfolio-2nc,Outputs_scenarios/20260512T090616_751951/ff2020/20260512-pilot30-guarded-first-neh-portfolio-2nc/multi_instance_summary.csv
20260508T193757_184011/20260508-resume18-pilot8-critical-handoff-rect002-finalcp005-2nc@all,8,0.35250695270244947,0.20815463479291973,1.2121212121212122,2,0,6,5,20260508T193757_184011,20260508-resume18-pilot8-critical-handoff-rect002-finalcp005-2nc,Outputs_scenarios/20260508T193757_184011/all_scenarios_summary.csv
20260508T193757_184011/20260508-resume18-pilot8-critical-handoff-rect002-finalcp005-2nc@multi,8,0.35250695270244947,0.20815463479291973,1.2121212121212122,2,0,6,5,20260508T193757_184011,20260508-resume18-pilot8-critical-handoff-rect002-finalcp005-2nc,Outputs_scenarios/20260508T193757_184011/ff2020/20260508-resume18-pilot8-critical-handoff-rect002-finalcp005-2nc/multi_instance_summary.csv
20260423T144134_345392/20260421-03-bneck-band-r2-t005-plus-combo@multi,8,0.3567892411831266,0.0,1.5836423774681767,0,5,3,2,20260423T144134_345392,20260421-03-bneck-band-r2-t005-plus-combo,Outputs_scenarios/20260423T144134_345392/ff2020/20260421-03-bneck-band-r2-t005-plus-combo/multi_instance_summary.csv
20260508T193757_184011/20260508-resume18-pilot8-critical-tail-rect002-finalcp005-2nc@all,8,0.3639970722564136,0.24092089930559513,1.3084565059365156,2,0,6,5,20260508T193757_184011,20260508-resume18-pilot8-critical-tail-rect002-finalcp005-2nc,Outputs_scenarios/20260508T193757_184011/all_scenarios_summary.csv
20260508T193757_184011/20260508-resume18-pilot8-critical-tail-rect002-finalcp005-2nc@multi,8,0.3639970722564136,0.24092089930559513,1.3084565059365156,2,0,6,5,20260508T193757_184011,20260508-resume18-pilot8-critical-tail-rect002-finalcp005-2nc,Outputs_scenarios/20260508T193757_184011/ff2020/20260508-resume18-pilot8-critical-tail-rect002-finalcp005-2nc/multi_instance_summary.csv
20260508T160849_043073/20260508-resume18-pilot8-finalcp005-only-2nc@all,8,0.36896517364041376,0.24413009151765597,1.2121212121212122,2,0,6,5,20260508T160849_043073,20260508-resume18-pilot8-finalcp005-only-2nc,Outputs_scenarios/20260508T160849_043073/all_scenarios_summary.csv
20260508T160849_043073/20260508-resume18-pilot8-finalcp005-only-2nc@multi,8,0.36896517364041376,0.24413009151765597,1.2121212121212122,2,0,6,5,20260508T160849_043073,20260508-resume18-pilot8-finalcp005-only-2nc,Outputs_scenarios/20260508T160849_043073/ff2020/20260508-resume18-pilot8-finalcp005-only-2nc/multi_instance_summary.csv
20260508T160849_043073/20260508-resume18-pilot8-critical-stage-r1-lns002-finalcp005-2nc@all,8,0.38901173385761145,0.24413009151765597,1.3084565059365156,2,0,6,6,20260508T160849_043073,20260508-resume18-pilot8-critical-stage-r1-lns002-finalcp005-2nc,Outputs_scenarios/20260508T160849_043073/all_scenarios_summary.csv
20260508T160849_043073/20260508-resume18-pilot8-critical-stage-r1-lns002-finalcp005-2nc@multi,8,0.38901173385761145,0.24413009151765597,1.3084565059365156,2,0,6,6,20260508T160849_043073,20260508-resume18-pilot8-critical-stage-r1-lns002-finalcp005-2nc,Outputs_scenarios/20260508T160849_043073/ff2020/20260508-resume18-pilot8-critical-stage-r1-lns002-finalcp005-2nc/multi_instance_summary.csv
20260425T172239_328659/20260423-02-2nc@multi,8,0.4024302580265308,0.0,2.454844825865682,0,5,3,2,20260425T172239_328659,20260423-02-2nc,Outputs_scenarios/20260425T172239_328659/ff2020/20260423-02-2nc/multi_instance_summary.csv
20260508T160849_043073/20260508-resume18-pilot8-critical-stage-r1-lns002-only-2nc@all,8,0.4120403412191853,0.2561161513581102,1.4046984742068298,2,0,6,6,20260508T160849_043073,20260508-resume18-pilot8-critical-stage-r1-lns002-only-2nc,Outputs_scenarios/20260508T160849_043073/all_scenarios_summary.csv
20260508T160849_043073/20260508-resume18-pilot8-critical-stage-r1-lns002-only-2nc@multi,8,0.4120403412191853,0.2561161513581102,1.4046984742068298,2,0,6,6,20260508T160849_043073,20260508-resume18-pilot8-critical-stage-r1-lns002-only-2nc,Outputs_scenarios/20260508T160849_043073/ff2020/20260508-resume18-pilot8-critical-stage-r1-lns002-only-2nc/multi_instance_summary.csv
20260514T190507_345333/20260514-tau-restore-stageprobe-only@multi,8,4.8516049904300615,4.3445651095904,7.5659824046920825,0,0,8,8,20260514T190507_345333,20260514-tau-restore-stageprobe-only,Outputs_scenarios/20260514T190507_345333/ff2020/20260514-tau-restore-stageprobe-only/multi_instance_summary.csv
20260515T072938_802226/20260515-2@multi,7,-0.07801403895009533,-0.549282880683552,2.557544757033248,4,0,3,3,20260515T072938_802226,20260515-2,Outputs_scenarios/20260515T072938_802226/ff2020/20260515-2/multi_instance_summary.csv
20260504T141252_575259/20260504-01@multi,7,0.24697052763990696,0.0,1.668335001668335,1,3,3,2,20260504T141252_575259,20260504-01,Outputs_scenarios/20260504T141252_575259/ff2020/20260504-01/multi_instance_summary.csv
20260515T114601_304352/20260515-2@multi,7,0.3152195038517294,-0.702397312566804,3.444660775797514,4,0,3,3,20260515T114601_304352,20260515-2,Outputs_scenarios/20260515T114601_304352/ff2020/20260515-2/multi_instance_summary.csv
20260514T201235_728905/20260514-tau5-10-cp036-neh20-15-probe@all,7,3.4927853915173785,3.267211201866978,6.8579838116261955,0,0,7,7,20260514T201235_728905,20260514-tau5-10-cp036-neh20-15-probe,Outputs_scenarios/20260514T201235_728905/all_scenarios_summary.csv
20260514T201235_728905/20260514-tau5-10-cp036-neh20-15-probe@multi,7,3.4927853915173785,3.267211201866978,6.8579838116261955,0,0,7,7,20260514T201235_728905,20260514-tau5-10-cp036-neh20-15-probe,Outputs_scenarios/20260514T201235_728905/ff2020/20260514-tau5-10-cp036-neh20-15-probe/multi_instance_summary.csv
20260514T195620_369640/20260514-tau5-x2-dispatch-neh-cp-probe@all,7,3.6538016000826192,3.361972357116175,7.5659824046920825,0,0,7,7,20260514T195620_369640,20260514-tau5-x2-dispatch-neh-cp-probe,Outputs_scenarios/20260514T195620_369640/all_scenarios_summary.csv
20260514T195620_369640/20260514-tau5-x2-dispatch-neh-cp-probe@multi,7,3.6538016000826192,3.361972357116175,7.5659824046920825,0,0,7,7,20260514T195620_369640,20260514-tau5-x2-dispatch-neh-cp-probe,Outputs_scenarios/20260514T195620_369640/ff2020/20260514-tau5-x2-dispatch-neh-cp-probe/multi_instance_summary.csv
20260513T005351_396268/20260513-1@multi,6,-0.398801822346313,-0.6009764902868973,1.6324062877871826,4,0,2,2,20260513T005351_396268,20260513-1,Outputs_scenarios/20260513T005351_396268/ff2020/20260513-1/multi_instance_summary.csv
20260515T084756_196534/20260515-2@multi,6,-0.29908570110462657,-0.7438802307484496,2.08113406725984,4,0,2,2,20260515T084756_196534,20260515-2,Outputs_scenarios/20260515T084756_196534/ff2020/20260515-2/multi_instance_summary.csv
20260511T212210_629321/20260511-full240-first-neh-original-vs-precp-lane-2nc@multi,6,0.10063737001006373,0.0,0.6038242200603824,0,5,1,1,20260511T212210_629321,20260511-full240-first-neh-original-vs-precp-lane-2nc,Outputs_scenarios/20260511T212210_629321/ff2020/20260511-full240-first-neh-original-vs-precp-lane-2nc/multi_instance_summary.csv
20260427T221625_993928/20260427-1@all,6,0.3968809077587247,0.3876141174952254,0.8737258165175785,0,1,5,5,20260427T221625_993928,20260427-1,Outputs_scenarios/20260427T221625_993928/all_scenarios_summary.csv
20260427T221625_993928/20260427-1@multi,6,0.3968809077587247,0.3876141174952254,0.8737258165175785,0,1,5,5,20260427T221625_993928,20260427-1,Outputs_scenarios/20260427T221625_993928/ff2020/20260427-1/multi_instance_summary.csv
20260510T004535_847007/20260510-resume19-large-finalcp-only-2nc@all,6,0.8835925932884505,1.349033303228223,1.8661690215942415,2,0,4,4,20260510T004535_847007,20260510-resume19-large-finalcp-only-2nc,Outputs_scenarios/20260510T004535_847007/all_scenarios_summary.csv
20260510T004535_847007/20260510-resume19-large-finalcp-only-2nc@multi,6,0.8835925932884505,1.349033303228223,1.8661690215942415,2,0,4,4,20260510T004535_847007,20260510-resume19-large-finalcp-only-2nc,Outputs_scenarios/20260510T004535_847007/ff2020/20260510-resume19-large-finalcp-only-2nc/multi_instance_summary.csv
20260510T004535_847007/20260510-resume19-large-headtail-middle020-stage-2nc@all,6,0.8877102782221988,1.3393448741859304,1.8397546993734168,2,0,4,4,20260510T004535_847007,20260510-resume19-large-headtail-middle020-stage-2nc,Outputs_scenarios/20260510T004535_847007/all_scenarios_summary.csv
20260510T004535_847007/20260510-resume19-large-headtail-middle020-stage-2nc@multi,6,0.8877102782221988,1.3393448741859304,1.8397546993734168,2,0,4,4,20260510T004535_847007,20260510-resume19-large-headtail-middle020-stage-2nc,Outputs_scenarios/20260510T004535_847007/ff2020/20260510-resume19-large-headtail-middle020-stage-2nc/multi_instance_summary.csv
20260510T004535_847007/20260510-resume19-large-headtail-middle050-stage-2nc@all,6,0.8892857502017376,1.3394560018778792,1.8661690215942415,2,0,4,4,20260510T004535_847007,20260510-resume19-large-headtail-middle050-stage-2nc,Outputs_scenarios/20260510T004535_847007/all_scenarios_summary.csv
20260510T004535_847007/20260510-resume19-large-headtail-middle050-stage-2nc@multi,6,0.8892857502017376,1.3394560018778792,1.8661690215942415,2,0,4,4,20260510T004535_847007,20260510-resume19-large-headtail-middle050-stage-2nc,Outputs_scenarios/20260510T004535_847007/ff2020/20260510-resume19-large-headtail-middle050-stage-2nc/multi_instance_summary.csv
20260510T004535_847007/20260510-resume19-large-headtail-middle040-stage-2nc@all,6,0.8930847910063257,1.349033303228223,1.8397546993734168,2,0,4,4,20260510T004535_847007,20260510-resume19-large-headtail-middle040-stage-2nc,Outputs_scenarios/20260510T004535_847007/all_scenarios_summary.csv
20260510T004535_847007/20260510-resume19-large-headtail-middle040-stage-2nc@multi,6,0.8930847910063257,1.349033303228223,1.8397546993734168,2,0,4,4,20260510T004535_847007,20260510-resume19-large-headtail-middle040-stage-2nc,Outputs_scenarios/20260510T004535_847007/ff2020/20260510-resume19-large-headtail-middle040-stage-2nc/multi_instance_summary.csv
20260510T004535_847007/20260510-resume19-large-headtail-middle030-stage-2nc@all,6,0.8950827968788514,1.3393448741859304,1.8925763028122085,2,0,4,4,20260510T004535_847007,20260510-resume19-large-headtail-middle030-stage-2nc,Outputs_scenarios/20260510T004535_847007/all_scenarios_summary.csv
20260510T004535_847007/20260510-resume19-large-headtail-middle030-stage-2nc@multi,6,0.8950827968788514,1.3393448741859304,1.8925763028122085,2,0,4,4,20260510T004535_847007,20260510-resume19-large-headtail-middle030-stage-2nc,Outputs_scenarios/20260510T004535_847007/ff2020/20260510-resume19-large-headtail-middle030-stage-2nc/multi_instance_summary.csv
20260427T153005_164342/20260427-1@all,6,1.093600506946685,1.227661238378051,1.3259668508287292,0,0,6,6,20260427T153005_164342,20260427-1,Outputs_scenarios/20260427T153005_164342/all_scenarios_summary.csv
20260427T153005_164342/20260427-1@multi,6,1.093600506946685,1.227661238378051,1.3259668508287292,0,0,6,6,20260427T153005_164342,20260427-1,Outputs_scenarios/20260427T153005_164342/ff2020/20260427-1/multi_instance_summary.csv
20260510T002305_652006/20260510-resume18-cmax-cone-wide-sweep-other6-2nc@all,6,1.168839799950656,0.9990675369654989,3.8852361028093245,1,2,3,3,20260510T002305_652006,20260510-resume18-cmax-cone-wide-sweep-other6-2nc,Outputs_scenarios/20260510T002305_652006/all_scenarios_summary.csv
20260510T002305_652006/20260510-resume18-cmax-cone-wide-sweep-other6-2nc@multi,6,1.168839799950656,0.9990675369654989,3.8852361028093245,1,2,3,3,20260510T002305_652006,20260510-resume18-cmax-cone-wide-sweep-other6-2nc,Outputs_scenarios/20260510T002305_652006/ff2020/20260510-resume18-cmax-cone-wide-sweep-other6-2nc/multi_instance_summary.csv
20260510T002305_652006/20260510-resume18-finalcp-only-other6-2nc@all,6,1.168839799950656,0.9990675369654989,3.8852361028093245,1,2,3,3,20260510T002305_652006,20260510-resume18-finalcp-only-other6-2nc,Outputs_scenarios/20260510T002305_652006/all_scenarios_summary.csv
20260510T002305_652006/20260510-resume18-finalcp-only-other6-2nc@multi,6,1.168839799950656,0.9990675369654989,3.8852361028093245,1,2,3,3,20260510T002305_652006,20260510-resume18-finalcp-only-other6-2nc,Outputs_scenarios/20260510T002305_652006/ff2020/20260510-resume18-finalcp-only-other6-2nc/multi_instance_summary.csv
20260510T003044_622123/20260510-resume18-headtail-free-middle-machine-other6-2nc@all,6,1.168839799950656,0.9990675369654989,3.8852361028093245,1,2,3,3,20260510T003044_622123,20260510-resume18-headtail-free-middle-machine-other6-2nc,Outputs_scenarios/20260510T003044_622123/all_scenarios_summary.csv
20260510T003044_622123/20260510-resume18-headtail-free-middle-machine-other6-2nc@multi,6,1.168839799950656,0.9990675369654989,3.8852361028093245,1,2,3,3,20260510T003044_622123,20260510-resume18-headtail-free-middle-machine-other6-2nc,Outputs_scenarios/20260510T003044_622123/ff2020/20260510-resume18-headtail-free-middle-machine-other6-2nc/multi_instance_summary.csv
20260429T103852_584952/20260429-1@all,6,1.185320034173899,1.0840356783872624,2.676289279807548,0,1,5,5,20260429T103852_584952,20260429-1,Outputs_scenarios/20260429T103852_584952/all_scenarios_summary.csv
20260429T103852_584952/20260429-1@multi,6,1.185320034173899,1.0840356783872624,2.676289279807548,0,1,5,5,20260429T103852_584952,20260429-1,Outputs_scenarios/20260429T103852_584952/ff2020/20260429-1/multi_instance_summary.csv
20260506T052611_677366/20260506-01@all,6,1.4792132113354388,1.4885811535349307,2.555521752357773,0,0,6,6,20260506T052611_677366,20260506-01,Outputs_scenarios/20260506T052611_677366/all_scenarios_summary.csv
20260506T052611_677366/20260506-01@multi,6,1.4792132113354388,1.4885811535349307,2.555521752357773,0,0,6,6,20260506T052611_677366,20260506-01,Outputs_scenarios/20260506T052611_677366/ff2020/20260506-01/multi_instance_summary.csv
20260514T180143_438823/20260514-tau-small-deep-dispatchhint-pilot@multi,6,2.7438164043230686,3.036690085870414,3.9215686274509802,0,0,6,6,20260514T180143_438823,20260514-tau-small-deep-dispatchhint-pilot,Outputs_scenarios/20260514T180143_438823/ff2020/20260514-tau-small-deep-dispatchhint-pilot/multi_instance_summary.csv
20260503T082634_204780/20260421-01-bneck-band-r2-t005-plus-combo@multi,5,0.0,0.0,0.0,0,5,0,0,20260503T082634_204780,20260421-01-bneck-band-r2-t005-plus-combo,Outputs_scenarios/20260503T082634_204780/ff2020/20260421-01-bneck-band-r2-t005-plus-combo/multi_instance_summary.csv
20260508T090734_814340/20260508-aggressive-state-split-exact-2nc@multi,5,0.0,0.0,0.0,0,5,0,0,20260508T090734_814340,20260508-aggressive-state-split-exact-2nc,Outputs_scenarios/20260508T090734_814340/ff2020/20260508-aggressive-state-split-exact-2nc/multi_instance_summary.csv
20260510T010753_769583/20260510-01@multi,5,0.0,0.0,0.0,0,5,0,0,20260510T010753_769583,20260510-01,Outputs_scenarios/20260510T010753_769583/ff2020/20260510-01/multi_instance_summary.csv
20260510T023026_303585/20260510-01@multi,5,0.0,0.0,0.0,0,5,0,0,20260510T023026_303585,20260510-01,Outputs_scenarios/20260510T023026_303585/ff2020/20260510-01/multi_instance_summary.csv
20260513T104747_487472/20260514-1@multi,5,0.0,0.0,0.0,0,5,0,0,20260513T104747_487472,20260514-1,Outputs_scenarios/20260513T104747_487472/ff2020/20260514-1/multi_instance_summary.csv
20260513T125645_958468/20260514-1@multi,5,0.0,0.0,0.0,0,5,0,0,20260513T125645_958468,20260514-1,Outputs_scenarios/20260513T125645_958468/ff2020/20260514-1/multi_instance_summary.csv
20260513T135702_757196/20260514-1@multi,5,0.0,0.0,0.0,0,5,0,0,20260513T135702_757196,20260514-1,Outputs_scenarios/20260513T135702_757196/ff2020/20260514-1/multi_instance_summary.csv
20260512T100138_745115/20260512-delayonly@multi,5,0.06329518999916728,0.1285071749839366,0.8710217755443886,1,1,3,3,20260512T100138_745115,20260512-delayonly,Outputs_scenarios/20260512T100138_745115/ff2020/20260512-delayonly/multi_instance_summary.csv
20260508T212422_340317/20260508-full240-neh-cp-adaptive-no-lns-2nc@multi,5,0.12076484401207647,0.0,0.6038242200603824,0,4,1,1,20260508T212422_340317,20260508-full240-neh-cp-adaptive-no-lns-2nc,Outputs_scenarios/20260508T212422_340317/ff2020/20260508-full240-neh-cp-adaptive-no-lns-2nc/multi_instance_summary.csv
20260510T005911_383316/20260510-resume19-large-extra-finalcp-only-2nc@multi,5,0.21011332706287997,0.07139032661074425,0.664599025254763,2,0,3,2,20260510T005911_383316,20260510-resume19-large-extra-finalcp-only-2nc,Outputs_scenarios/20260510T005911_383316/ff2020/20260510-resume19-large-extra-finalcp-only-2nc/multi_instance_summary.csv
20260511T204938_803523/20260511-resume9-first-neh-original-vs-precp-lane-pilot59-2nc@multi,5,0.3151561737965195,0.0,1.606610052788616,1,2,2,2,20260511T204938_803523,20260511-resume9-first-neh-original-vs-precp-lane-pilot59-2nc,Outputs_scenarios/20260511T204938_803523/ff2020/20260511-resume9-first-neh-original-vs-precp-lane-pilot59-2nc/multi_instance_summary.csv
20260506T143151_970406/20260506-01@multi,5,1.290690015575261,1.065219575922018,2.0361647166084182,0,0,5,5,20260506T143151_970406,20260506-01,Outputs_scenarios/20260506T143151_970406/ff2020/20260506-01/multi_instance_summary.csv
20260504T172343_574980/20260504-01@multi,5,1.6811412701908508,1.7201695941853423,2.606060606060606,0,0,5,5,20260504T172343_574980,20260504-01,Outputs_scenarios/20260504T172343_574980/ff2020/20260504-01/multi_instance_summary.csv
20260515T002622_377811/20260515-2@multi,4,-1.246773426674169,-1.6414084340710244,0.3359086328518643,3,0,1,1,20260515T002622_377811,20260515-2,Outputs_scenarios/20260515T002622_377811/ff2020/20260515-2/multi_instance_summary.csv
20260423T220805_844978/20260423-01-bneck-band-r2-t005-plus-combo@multi,4,0.0,0.0,0.0,0,4,0,0,20260423T220805_844978,20260423-01-bneck-band-r2-t005-plus-combo,Outputs_scenarios/20260423T220805_844978/ff2020/20260423-01-bneck-band-r2-t005-plus-combo/multi_instance_summary.csv
20260423T224543_993686/20260423-01-bneck-band-r2-t005-plus-combo@multi,4,0.0,0.0,0.0,0,4,0,0,20260423T224543_993686,20260423-01-bneck-band-r2-t005-plus-combo,Outputs_scenarios/20260423T224543_993686/ff2020/20260423-01-bneck-band-r2-t005-plus-combo/multi_instance_summary.csv
20260424T024029_273778/20260423-02-2nc@multi,4,0.0,0.0,0.0,0,4,0,0,20260424T024029_273778,20260423-02-2nc,Outputs_scenarios/20260424T024029_273778/ff2020/20260423-02-2nc/multi_instance_summary.csv
20260426T202435_247978/20260426-01@multi,4,0.0,0.0,0.0,0,4,0,0,20260426T202435_247978,20260426-01,Outputs_scenarios/20260426T202435_247978/ff2020/20260426-01/multi_instance_summary.csv
20260426T204652_791115/20260426-01@multi,4,0.0,0.0,0.0,0,4,0,0,20260426T204652_791115,20260426-01,Outputs_scenarios/20260426T204652_791115/ff2020/20260426-01/multi_instance_summary.csv
20260426T211147_217162/20260426-01@multi,4,0.0,0.0,0.0,0,4,0,0,20260426T211147_217162,20260426-01,Outputs_scenarios/20260426T211147_217162/ff2020/20260426-01/multi_instance_summary.csv
20260426T214028_836245/20260426-01@multi,4,0.0,0.0,0.0,0,4,0,0,20260426T214028_836245,20260426-01,Outputs_scenarios/20260426T214028_836245/ff2020/20260426-01/multi_instance_summary.csv
20260503T095633_591568/20260502-01@multi,4,0.0,0.0,0.0,0,4,0,0,20260503T095633_591568,20260502-01,Outputs_scenarios/20260503T095633_591568/ff2020/20260502-01/multi_instance_summary.csv
20260504T170246_084306/20260504-01@multi,4,0.0,0.0,0.0,0,4,0,0,20260504T170246_084306,20260504-01,Outputs_scenarios/20260504T170246_084306/ff2020/20260504-01/multi_instance_summary.csv
20260506T215759_408242/20260506-01@multi,4,0.0,0.0,0.0,0,4,0,0,20260506T215759_408242,20260506-01,Outputs_scenarios/20260506T215759_408242/ff2020/20260506-01/multi_instance_summary.csv
20260506T230449_832168/20260506-01@multi,4,0.0,0.0,0.0,0,4,0,0,20260506T230449_832168,20260506-01,Outputs_scenarios/20260506T230449_832168/ff2020/20260506-01/multi_instance_summary.csv
20260506T231837_505810/20260506-01@multi,4,0.0,0.0,0.0,0,4,0,0,20260506T231837_505810,20260506-01,Outputs_scenarios/20260506T231837_505810/ff2020/20260506-01/multi_instance_summary.csv
20260508T003648_507816/20260508-full240-unified-hardtrust-postneh-bneck-v7-2nc@multi,4,0.0,0.0,0.0,0,4,0,0,20260508T003648_507816,20260508-full240-unified-hardtrust-postneh-bneck-v7-2nc,Outputs_scenarios/20260508T003648_507816/ff2020/20260508-full240-unified-hardtrust-postneh-bneck-v7-2nc/multi_instance_summary.csv
20260508T092659_614919/20260508-aggressive-state-split-exact-2nc@multi,4,0.0,0.0,0.0,0,4,0,0,20260508T092659_614919,20260508-aggressive-state-split-exact-2nc,Outputs_scenarios/20260508T092659_614919/ff2020/20260508-aggressive-state-split-exact-2nc/multi_instance_summary.csv
20260508T093724_957212/20260508-aggressive-state-split-exact-2nc@multi,4,0.0,0.0,0.0,0,4,0,0,20260508T093724_957212,20260508-aggressive-state-split-exact-2nc,Outputs_scenarios/20260508T093724_957212/ff2020/20260508-aggressive-state-split-exact-2nc/multi_instance_summary.csv
20260509T233100_918007/20260510-01@multi,4,0.0,0.0,0.0,0,4,0,0,20260509T233100_918007,20260510-01,Outputs_scenarios/20260509T233100_918007/ff2020/20260510-01/multi_instance_summary.csv
20260513T110015_328680/20260514-1@multi,4,0.0,0.0,0.0,0,4,0,0,20260513T110015_328680,20260514-1,Outputs_scenarios/20260513T110015_328680/ff2020/20260514-1/multi_instance_summary.csv
20260513T111400_814856/20260514-1@multi,4,0.0,0.0,0.0,0,4,0,0,20260513T111400_814856,20260514-1,Outputs_scenarios/20260513T111400_814856/ff2020/20260514-1/multi_instance_summary.csv
20260513T130959_556517/20260514-1@multi,4,0.0,0.0,0.0,0,4,0,0,20260513T130959_556517,20260514-1,Outputs_scenarios/20260513T130959_556517/ff2020/20260514-1/multi_instance_summary.csv
20260513T133333_648767/20260514-1@multi,4,0.0,0.0,0.0,0,4,0,0,20260513T133333_648767,20260514-1,Outputs_scenarios/20260513T133333_648767/ff2020/20260514-1/multi_instance_summary.csv
20260513T134459_311903/20260514-1@multi,4,0.0,0.0,0.0,0,4,0,0,20260513T134459_311903,20260514-1,Outputs_scenarios/20260513T134459_311903/ff2020/20260514-1/multi_instance_summary.csv
20260508T095623_676423/20260508-aggressive-state-split-exact-2nc@multi,4,0.21775544388609716,0.0,0.8710217755443886,0,3,1,1,20260508T095623_676423,20260508-aggressive-state-split-exact-2nc,Outputs_scenarios/20260508T095623_676423/ff2020/20260508-aggressive-state-split-exact-2nc/multi_instance_summary.csv
20260502T161333_877706/20260502-01@multi,4,0.40053404539385845,0.0,1.6021361815754338,0,3,1,1,20260502T161333_877706,20260502-01,Outputs_scenarios/20260502T161333_877706/ff2020/20260502-01/multi_instance_summary.csv
20260503T093814_179102/20260502-01@multi,4,0.944045133876214,0.03868471953578337,3.6988110964332894,0,2,2,1,20260503T093814_179102,20260502-01,Outputs_scenarios/20260503T093814_179102/ff2020/20260502-01/multi_instance_summary.csv
20260504T112908_476823/20260504-01@multi,4,1.4001420272603866,1.3316605860781845,1.7952228814848623,0,0,4,4,20260504T112908_476823,20260504-01,Outputs_scenarios/20260504T112908_476823/ff2020/20260504-01/multi_instance_summary.csv
20260510T003601_809678/20260510-resume18-headtail-middle030-stage-probe4-2nc@all,4,1.7239363201566669,2.017509595869986,3.7679425837320575,1,0,3,3,20260510T003601_809678,20260510-resume18-headtail-middle030-stage-probe4-2nc,Outputs_scenarios/20260510T003601_809678/all_scenarios_summary.csv
20260510T003601_809678/20260510-resume18-headtail-middle030-stage-probe4-2nc@multi,4,1.7239363201566669,2.017509595869986,3.7679425837320575,1,0,3,3,20260510T003601_809678,20260510-resume18-headtail-middle030-stage-probe4-2nc,Outputs_scenarios/20260510T003601_809678/ff2020/20260510-resume18-headtail-middle030-stage-probe4-2nc/multi_instance_summary.csv
20260510T003249_044554/20260510-resume18-headtail-free-middle-stage-probe4-2nc@all,4,1.7312704529648695,2.017509595869986,3.7972791149648675,1,0,3,3,20260510T003249_044554,20260510-resume18-headtail-free-middle-stage-probe4-2nc,Outputs_scenarios/20260510T003249_044554/all_scenarios_summary.csv
20260510T003249_044554/20260510-resume18-headtail-free-middle-stage-probe4-2nc@multi,4,1.7312704529648695,2.017509595869986,3.7972791149648675,1,0,3,3,20260510T003249_044554,20260510-resume18-headtail-free-middle-stage-probe4-2nc,Outputs_scenarios/20260510T003249_044554/ff2020/20260510-resume18-headtail-free-middle-stage-probe4-2nc/multi_instance_summary.csv
20260510T003601_809678/20260510-resume18-headtail-middle050-stage-probe4-2nc@all,4,1.7532596999259837,2.017509595869986,3.8852361028093245,1,0,3,3,20260510T003601_809678,20260510-resume18-headtail-middle050-stage-probe4-2nc,Outputs_scenarios/20260510T003601_809678/all_scenarios_summary.csv
20260510T003601_809678/20260510-resume18-headtail-middle050-stage-probe4-2nc@multi,4,1.7532596999259837,2.017509595869986,3.8852361028093245,1,0,3,3,20260510T003601_809678,20260510-resume18-headtail-middle050-stage-probe4-2nc,Outputs_scenarios/20260510T003601_809678/ff2020/20260510-resume18-headtail-middle050-stage-probe4-2nc/multi_instance_summary.csv
20260510T003601_809678/20260510-resume18-headtail-middle070-stage-probe4-2nc@all,4,1.7532596999259837,2.017509595869986,3.8852361028093245,1,0,3,3,20260510T003601_809678,20260510-resume18-headtail-middle070-stage-probe4-2nc,Outputs_scenarios/20260510T003601_809678/all_scenarios_summary.csv
20260510T003601_809678/20260510-resume18-headtail-middle070-stage-probe4-2nc@multi,4,1.7532596999259837,2.017509595869986,3.8852361028093245,1,0,3,3,20260510T003601_809678,20260510-resume18-headtail-middle070-stage-probe4-2nc,Outputs_scenarios/20260510T003601_809678/ff2020/20260510-resume18-headtail-middle070-stage-probe4-2nc/multi_instance_summary.csv
20260514T203535_862369/20260514-tau5-10-cp036-neh15-20-seq-plusplain-probe-weak4@all,4,3.548118669865438,3.0720885811147385,7.5659824046920825,0,0,4,4,20260514T203535_862369,20260514-tau5-10-cp036-neh15-20-seq-plusplain-probe-weak4,Outputs_scenarios/20260514T203535_862369/all_scenarios_summary.csv
20260514T203535_862369/20260514-tau5-10-cp036-neh15-20-seq-plusplain-probe-weak4@multi,4,3.548118669865438,3.0720885811147385,7.5659824046920825,0,0,4,4,20260514T203535_862369,20260514-tau5-10-cp036-neh15-20-seq-plusplain-probe-weak4,Outputs_scenarios/20260514T203535_862369/ff2020/20260514-tau5-10-cp036-neh15-20-seq-plusplain-probe-weak4/multi_instance_summary.csv
20260509T183738_358734/20260509-resume8-pilot4-retained-completion-ladder-only-2nc@all,4,4.701864294487608,4.713460409290576,5.512744516893894,0,0,4,4,20260509T183738_358734,20260509-resume8-pilot4-retained-completion-ladder-only-2nc,Outputs_scenarios/20260509T183738_358734/all_scenarios_summary.csv
20260509T183738_358734/20260509-resume8-pilot4-retained-completion-ladder-only-2nc@multi,4,4.701864294487608,4.713460409290576,5.512744516893894,0,0,4,4,20260509T183738_358734,20260509-resume8-pilot4-retained-completion-ladder-only-2nc,Outputs_scenarios/20260509T183738_358734/ff2020/20260509-resume8-pilot4-retained-completion-ladder-only-2nc/multi_instance_summary.csv
20260509T184011_918982/20260509-resume8-pilot4-retained-completion-ladder-only-2nc@all,4,4.701864294487608,4.713460409290576,5.512744516893894,0,0,4,4,20260509T184011_918982,20260509-resume8-pilot4-retained-completion-ladder-only-2nc,Outputs_scenarios/20260509T184011_918982/all_scenarios_summary.csv
20260509T184011_918982/20260509-resume8-pilot4-retained-completion-ladder-only-2nc@multi,4,4.701864294487608,4.713460409290576,5.512744516893894,0,0,4,4,20260509T184011_918982,20260509-resume8-pilot4-retained-completion-ladder-only-2nc,Outputs_scenarios/20260509T184011_918982/ff2020/20260509-resume8-pilot4-retained-completion-ladder-only-2nc/multi_instance_summary.csv
20260514T054753_952826/20260514-2@multi,3,-0.5339745979066527,-0.7749935417204856,0.26881720430107525,2,0,1,1,20260514T054753_952826,20260514-2,Outputs_scenarios/20260514T054753_952826/ff2020/20260514-2/multi_instance_summary.csv
20260512T154716_700215/20260512-delayonly@multi,3,-0.5087044641134025,-0.2598077422707197,0.6038242200603824,2,0,1,1,20260512T154716_700215,20260512-delayonly,Outputs_scenarios/20260512T154716_700215/ff2020/20260512-delayonly/multi_instance_summary.csv
20260512T150659_713810/20260512-delayonly@multi,3,-0.4238263988072815,-0.4642765024503482,0.6038242200603824,2,0,1,1,20260512T150659_713810,20260512-delayonly,Outputs_scenarios/20260512T150659_713810/ff2020/20260512-delayonly/multi_instance_summary.csv
20260515T111355_604891/20260515-2@multi,3,-0.2295454286661214,-0.9908735332464146,1.3368983957219251,2,0,1,1,20260515T111355_604891,20260515-2,Outputs_scenarios/20260515T111355_604891/ff2020/20260515-2/multi_instance_summary.csv
20260513T070813_152757/20260513-1@multi,3,-0.18706005804135897,-0.4125838060856111,0.7375125712370098,2,0,1,1,20260513T070813_152757,20260513-1,Outputs_scenarios/20260513T070813_152757/ff2020/20260513-1/multi_instance_summary.csv
20260507T150233_184569/20260507-resume14-neh4pct-pw05-120x15-holdout-2nc@all,3,-0.17270605111908613,-0.2163498686447226,0.21691973969631237,2,0,1,1,20260507T150233_184569,20260507-resume14-neh4pct-pw05-120x15-holdout-2nc,Outputs_scenarios/20260507T150233_184569/all_scenarios_summary.csv
20260507T150233_184569/20260507-resume14-neh4pct-pw05-120x15-holdout-2nc@multi,3,-0.17270605111908613,-0.2163498686447226,0.21691973969631237,2,0,1,1,20260507T150233_184569,20260507-resume14-neh4pct-pw05-120x15-holdout-2nc,Outputs_scenarios/20260507T150233_184569/ff2020/20260507-resume14-neh4pct-pw05-120x15-holdout-2nc/multi_instance_summary.csv
20260507T123605_775359/20260507-full-light-reserve075nc-120x15-holdout-2nc@all,3,-0.10458535257508407,0.12341869793273681,0.5414185165132648,1,0,2,2,20260507T123605_775359,20260507-full-light-reserve075nc-120x15-holdout-2nc,Outputs_scenarios/20260507T123605_775359/all_scenarios_summary.csv
20260507T123605_775359/20260507-full-light-reserve075nc-120x15-holdout-2nc@multi,3,-0.10458535257508407,0.12341869793273681,0.5414185165132648,1,0,2,2,20260507T123605_775359,20260507-full-light-reserve075nc-120x15-holdout-2nc,Outputs_scenarios/20260507T123605_775359/ff2020/20260507-full-light-reserve075nc-120x15-holdout-2nc/multi_instance_summary.csv
20260507T164522_597487/20260507-resume10-patched-c15clean-holdout3-2nc@all,3,-0.024461173580614903,0.15424957581366652,0.5054151624548736,1,0,2,2,20260507T164522_597487,20260507-resume10-patched-c15clean-holdout3-2nc,Outputs_scenarios/20260507T164522_597487/all_scenarios_summary.csv
20260507T164522_597487/20260507-resume10-patched-c15clean-holdout3-2nc@multi,3,-0.024461173580614903,0.15424957581366652,0.5054151624548736,1,0,2,2,20260507T164522_597487,20260507-resume10-patched-c15clean-holdout3-2nc,Outputs_scenarios/20260507T164522_597487/ff2020/20260507-resume10-patched-c15clean-holdout3-2nc/multi_instance_summary.csv
20260423T223949_795625/20260423-01-bneck-band-r2-t005-plus-combo@multi,3,0.0,0.0,0.0,0,3,0,0,20260423T223949_795625,20260423-01-bneck-band-r2-t005-plus-combo,Outputs_scenarios/20260423T223949_795625/ff2020/20260423-01-bneck-band-r2-t005-plus-combo/multi_instance_summary.csv
20260426T192724_169902/20260426-01@multi,3,0.0,0.0,0.0,0,3,0,0,20260426T192724_169902,20260426-01,Outputs_scenarios/20260426T192724_169902/ff2020/20260426-01/multi_instance_summary.csv
20260504T144034_644144/20260504-01@multi,3,0.0,0.0,0.0,0,3,0,0,20260504T144034_644144,20260504-01,Outputs_scenarios/20260504T144034_644144/ff2020/20260504-01/multi_instance_summary.csv
20260504T165133_542259/20260504-01@multi,3,0.0,0.0,0.0,0,3,0,0,20260504T165133_542259,20260504-01,Outputs_scenarios/20260504T165133_542259/ff2020/20260504-01/multi_instance_summary.csv
20260509T225907_976677/20260510-01@multi,3,0.0,0.0,0.0,0,3,0,0,20260509T225907_976677,20260510-01,Outputs_scenarios/20260509T225907_976677/ff2020/20260510-01/multi_instance_summary.csv
20260510T022357_646148/20260510-01@multi,3,0.0,0.0,0.0,0,3,0,0,20260510T022357_646148,20260510-01,Outputs_scenarios/20260510T022357_646148/ff2020/20260510-01/multi_instance_summary.csv
20260510T024642_993552/20260510-01@multi,3,0.0,0.0,0.0,0,3,0,0,20260510T024642_993552,20260510-01,Outputs_scenarios/20260510T024642_993552/ff2020/20260510-01/multi_instance_summary.csv
20260512T000732_876809/20260511-4-two-lane-retainedseq-cpseed-2nc@multi,3,0.0,0.0,0.0,0,3,0,0,20260512T000732_876809,20260511-4-two-lane-retainedseq-cpseed-2nc,Outputs_scenarios/20260512T000732_876809/ff2020/20260511-4-two-lane-retainedseq-cpseed-2nc/multi_instance_summary.csv
20260513T123444_793930/20260514-1@multi,3,0.0,0.0,0.0,0,3,0,0,20260513T123444_793930,20260514-1,Outputs_scenarios/20260513T123444_793930/ff2020/20260514-1/multi_instance_summary.csv
20260515T011854_328346/20260515-2@multi,3,0.0,0.0,0.0,0,3,0,0,20260515T011854_328346,20260515-2,Outputs_scenarios/20260515T011854_328346/ff2020/20260515-2/multi_instance_summary.csv
20260507T161709_868535/20260507-resume10-patched-stage20max1600-probe3-2nc@all,3,0.05925068370715262,-0.439918533604888,1.197380729653882,2,0,1,1,20260507T161709_868535,20260507-resume10-patched-stage20max1600-probe3-2nc,Outputs_scenarios/20260507T161709_868535/all_scenarios_summary.csv
20260507T161709_868535/20260507-resume10-patched-stage20max1600-probe3-2nc@multi,3,0.05925068370715262,-0.439918533604888,1.197380729653882,2,0,1,1,20260507T161709_868535,20260507-resume10-patched-stage20max1600-probe3-2nc,Outputs_scenarios/20260507T161709_868535/ff2020/20260507-resume10-patched-stage20max1600-probe3-2nc/multi_instance_summary.csv
20260507T134007_101870/20260507-light-gapguard-pw-120x15-holdout3-2nc@all,3,0.11944212915880413,0.2158828064764842,0.3252032520325203,1,0,2,2,20260507T134007_101870,20260507-light-gapguard-pw-120x15-holdout3-2nc,Outputs_scenarios/20260507T134007_101870/all_scenarios_summary.csv
20260507T134007_101870/20260507-light-gapguard-pw-120x15-holdout3-2nc@multi,3,0.11944212915880413,0.2158828064764842,0.3252032520325203,1,0,2,2,20260507T134007_101870,20260507-light-gapguard-pw-120x15-holdout3-2nc,Outputs_scenarios/20260507T134007_101870/ff2020/20260507-light-gapguard-pw-120x15-holdout3-2nc/multi_instance_summary.csv
20260507T154457_830534/20260507-light-gapguard-pw-c15safe-120x15-holdout3-2nc@all,3,0.12240480137577968,0.12341869793273681,0.7930785868781542,1,0,2,2,20260507T154457_830534,20260507-light-gapguard-pw-c15safe-120x15-holdout3-2nc,Outputs_scenarios/20260507T154457_830534/all_scenarios_summary.csv
20260507T154457_830534/20260507-light-gapguard-pw-c15safe-120x15-holdout3-2nc@multi,3,0.12240480137577968,0.12341869793273681,0.7930785868781542,1,0,2,2,20260507T154457_830534,20260507-light-gapguard-pw-c15safe-120x15-holdout3-2nc,Outputs_scenarios/20260507T154457_830534/ff2020/20260507-light-gapguard-pw-c15safe-120x15-holdout3-2nc/multi_instance_summary.csv
20260427T213205_076794/20260427-1@multi,3,0.9472315757289133,0.7660283097418817,1.8732782369146006,0,0,3,3,20260427T213205_076794,20260427-1,Outputs_scenarios/20260427T213205_076794/ff2020/20260427-1/multi_instance_summary.csv
20260507T094056_248305/20260507-probe-120x15-bad-final-negative-2nc@all,3,1.4203669066001516,1.4987001070500077,2.2765214751859157,0,0,3,3,20260507T094056_248305,20260507-probe-120x15-bad-final-negative-2nc,Outputs_scenarios/20260507T094056_248305/all_scenarios_summary.csv
20260507T094056_248305/20260507-probe-120x15-bad-final-negative-2nc@multi,3,1.4203669066001516,1.4987001070500077,2.2765214751859157,0,0,3,3,20260507T094056_248305,20260507-probe-120x15-bad-final-negative-2nc,Outputs_scenarios/20260507T094056_248305/ff2020/20260507-probe-120x15-bad-final-negative-2nc/multi_instance_summary.csv
20260507T094842_243908/20260507-probe-160x15-workload-beam-2nc@all,3,1.6418602638529114,1.6874016874016875,1.9600725952813067,0,0,3,3,20260507T094842_243908,20260507-probe-160x15-workload-beam-2nc,Outputs_scenarios/20260507T094842_243908/all_scenarios_summary.csv
20260507T094842_243908/20260507-probe-160x15-workload-beam-2nc@multi,3,1.6418602638529114,1.6874016874016875,1.9600725952813067,0,0,3,3,20260507T094842_243908,20260507-probe-160x15-workload-beam-2nc,Outputs_scenarios/20260507T094842_243908/ff2020/20260507-probe-160x15-workload-beam-2nc/multi_instance_summary.csv
20260510T001611_724824/20260510-resume20-cmax-cone-wide-sweep-pilot3-2nc@all,3,1.78531548109646,1.6874016874016875,2.3904382470119523,0,0,3,3,20260510T001611_724824,20260510-resume20-cmax-cone-wide-sweep-pilot3-2nc,Outputs_scenarios/20260510T001611_724824/all_scenarios_summary.csv
20260510T001611_724824/20260510-resume20-cmax-cone-wide-sweep-pilot3-2nc@multi,3,1.78531548109646,1.6874016874016875,2.3904382470119523,0,0,3,3,20260510T001611_724824,20260510-resume20-cmax-cone-wide-sweep-pilot3-2nc,Outputs_scenarios/20260510T001611_724824/ff2020/20260510-resume20-cmax-cone-wide-sweep-pilot3-2nc/multi_instance_summary.csv
20260510T000958_763041/20260510-resume20-finalcp-only-pilot3-2nc@all,3,1.8248386345424565,1.6874016874016875,2.4619840695148443,0,0,3,3,20260510T000958_763041,20260510-resume20-finalcp-only-pilot3-2nc,Outputs_scenarios/20260510T000958_763041/all_scenarios_summary.csv
20260510T000958_763041/20260510-resume20-finalcp-only-pilot3-2nc@multi,3,1.8248386345424565,1.6874016874016875,2.4619840695148443,0,0,3,3,20260510T000958_763041,20260510-resume20-finalcp-only-pilot3-2nc,Outputs_scenarios/20260510T000958_763041/ff2020/20260510-resume20-finalcp-only-pilot3-2nc/multi_instance_summary.csv
20260510T001412_921757/20260510-resume20-cmax-cone-sweep-pilot3-2nc@all,3,1.832673126038702,1.6874016874016875,2.4619840695148443,0,0,3,3,20260510T001412_921757,20260510-resume20-cmax-cone-sweep-pilot3-2nc,Outputs_scenarios/20260510T001412_921757/all_scenarios_summary.csv
20260510T001412_921757/20260510-resume20-cmax-cone-sweep-pilot3-2nc@multi,3,1.832673126038702,1.6874016874016875,2.4619840695148443,0,0,3,3,20260510T001412_921757,20260510-resume20-cmax-cone-sweep-pilot3-2nc,Outputs_scenarios/20260510T001412_921757/ff2020/20260510-resume20-cmax-cone-sweep-pilot3-2nc/multi_instance_summary.csv
20260510T000645_077340/20260510-resume20-critical-cmax-cone-pilot3-2nc@all,3,1.8405057640948017,1.6874016874016875,2.4619840695148443,0,0,3,3,20260510T000645_077340,20260510-resume20-critical-cmax-cone-pilot3-2nc,Outputs_scenarios/20260510T000645_077340/all_scenarios_summary.csv
20260510T000645_077340/20260510-resume20-critical-cmax-cone-pilot3-2nc@multi,3,1.8405057640948017,1.6874016874016875,2.4619840695148443,0,0,3,3,20260510T000645_077340,20260510-resume20-critical-cmax-cone-pilot3-2nc,Outputs_scenarios/20260510T000645_077340/ff2020/20260510-resume20-critical-cmax-cone-pilot3-2nc/multi_instance_summary.csv
20260509T234426_379353/20260509-resume20-stage-time-window-pilot3-2nc@all,3,1.8561654825168006,1.6874016874016875,2.4619840695148443,0,0,3,3,20260509T234426_379353,20260509-resume20-stage-time-window-pilot3-2nc,Outputs_scenarios/20260509T234426_379353/all_scenarios_summary.csv
20260509T234426_379353/20260509-resume20-stage-time-window-pilot3-2nc@multi,3,1.8561654825168006,1.6874016874016875,2.4619840695148443,0,0,3,3,20260509T234426_379353,20260509-resume20-stage-time-window-pilot3-2nc,Outputs_scenarios/20260509T234426_379353/ff2020/20260509-resume20-stage-time-window-pilot3-2nc/multi_instance_summary.csv
20260514T173924_805503/20260514-tau-large-dispatchhint-pilot@all,3,4.779742349286004,5.411255411255412,6.971613472569495,0,0,3,3,20260514T173924_805503,20260514-tau-large-dispatchhint-pilot,Outputs_scenarios/20260514T173924_805503/all_scenarios_summary.csv
20260514T173924_805503/20260514-tau-large-dispatchhint-pilot@multi,3,4.779742349286004,5.411255411255412,6.971613472569495,0,0,3,3,20260514T173924_805503,20260514-tau-large-dispatchhint-pilot,Outputs_scenarios/20260514T173924_805503/ff2020/20260514-tau-large-dispatchhint-pilot/multi_instance_summary.csv
20260509T184301_789898/20260509-resume8-pilot4-incremental-retained-wide-cpdispatch-2nc@multi,3,4.958859115597865,5.496040987424313,5.512744516893894,0,0,3,3,20260509T184301_789898,20260509-resume8-pilot4-incremental-retained-wide-cpdispatch-2nc,Outputs_scenarios/20260509T184301_789898/ff2020/20260509-resume8-pilot4-incremental-retained-wide-cpdispatch-2nc/multi_instance_summary.csv
20260514T172221_481238/20260514-tau-coarsened-hint-polish-pilot@all,3,12.521457608859448,14.064115822130299,15.336991698325594,0,0,3,3,20260514T172221_481238,20260514-tau-coarsened-hint-polish-pilot,Outputs_scenarios/20260514T172221_481238/all_scenarios_summary.csv
20260514T172221_481238/20260514-tau-coarsened-hint-polish-pilot@multi,3,12.521457608859448,14.064115822130299,15.336991698325594,0,0,3,3,20260514T172221_481238,20260514-tau-coarsened-hint-polish-pilot,Outputs_scenarios/20260514T172221_481238/ff2020/20260514-tau-coarsened-hint-polish-pilot/multi_instance_summary.csv
20260514T182438_751833/20260514-tau-long-post2-bad-pilot@multi,2,-0.19494550335124264,-0.19494550335124264,-0.08061265618702136,2,0,0,0,20260514T182438_751833,20260514-tau-long-post2-bad-pilot,Outputs_scenarios/20260514T182438_751833/ff2020/20260514-tau-long-post2-bad-pilot/multi_instance_summary.csv
20260504T141132_753153/20260504-01@multi,2,0.0,0.0,0.0,0,2,0,0,20260504T141132_753153,20260504-01,Outputs_scenarios/20260504T141132_753153/ff2020/20260504-01/multi_instance_summary.csv
20260510T012854_283843/20260510-01@multi,2,0.0,0.0,0.0,0,2,0,0,20260510T012854_283843,20260510-01,Outputs_scenarios/20260510T012854_283843/ff2020/20260510-01/multi_instance_summary.csv
20260507T173049_918532/20260507-resume19-guarded-c15-bneck-cplb-w2-2nc@all,2,1.8879408039355732,1.8879408039355732,2.2164870198876576,0,0,2,2,20260507T173049_918532,20260507-resume19-guarded-c15-bneck-cplb-w2-2nc,Outputs_scenarios/20260507T173049_918532/all_scenarios_summary.csv
20260507T173049_918532/20260507-resume19-guarded-c15-bneck-cplb-w2-2nc@multi,2,1.8879408039355732,1.8879408039355732,2.2164870198876576,0,0,2,2,20260507T173049_918532,20260507-resume19-guarded-c15-bneck-cplb-w2-2nc,Outputs_scenarios/20260507T173049_918532/ff2020/20260507-resume19-guarded-c15-bneck-cplb-w2-2nc/multi_instance_summary.csv
20260427T125933_063937/20260427-1@multi,2,2.7851683912003153,2.7851683912003153,4.6442393569514735,0,0,2,2,20260427T125933_063937,20260427-1,Outputs_scenarios/20260427T125933_063937/ff2020/20260427-1/multi_instance_summary.csv
20260509T120208_461921/20260509-resume8-pilot4-neh-short-race-portfolio-2nc@multi,2,4.68191641494985,4.68191641494985,5.496040987424313,0,0,2,2,20260509T120208_461921,20260509-resume8-pilot4-neh-short-race-portfolio-2nc,Outputs_scenarios/20260509T120208_461921/ff2020/20260509-resume8-pilot4-neh-short-race-portfolio-2nc/multi_instance_summary.csv
20260514T171746_923967/20260514-tau-coarsened-init-only-pilot@multi,2,15.97385240736509,15.97385240736509,16.216216216216218,0,0,2,2,20260514T171746_923967,20260514-tau-coarsened-init-only-pilot,Outputs_scenarios/20260514T171746_923967/ff2020/20260514-tau-coarsened-init-only-pilot/multi_instance_summary.csv
20260507T145453_015565/20260507-stage20-heavy-rescue-probe3-w3-2nc@multi,1,-0.46349942062572425,-0.46349942062572425,-0.46349942062572425,1,0,0,0,20260507T145453_015565,20260507-stage20-heavy-rescue-probe3-w3-2nc,Outputs_scenarios/20260507T145453_015565/ff2020/20260507-stage20-heavy-rescue-probe3-w3-2nc/multi_instance_summary.csv
20260427T151105_363294/20260427-1@multi,1,-0.31421838177533384,-0.31421838177533384,-0.31421838177533384,1,0,0,0,20260427T151105_363294,20260427-1,Outputs_scenarios/20260427T151105_363294/ff2020/20260427-1/multi_instance_summary.csv
20260512T104948_656213/20260512-delayonly@multi,1,0.0,0.0,0.0,0,1,0,0,20260512T104948_656213,20260512-delayonly,Outputs_scenarios/20260512T104948_656213/ff2020/20260512-delayonly/multi_instance_summary.csv
20260513T125620_690010/20260514-1@multi,1,0.0,0.0,0.0,0,1,0,0,20260513T125620_690010,20260514-1,Outputs_scenarios/20260513T125620_690010/ff2020/20260514-1/multi_instance_summary.csv
20260513T144558_656565/20260514-1@multi,1,0.6038242200603824,0.6038242200603824,0.6038242200603824,0,0,1,1,20260513T144558_656565,20260514-1,Outputs_scenarios/20260513T144558_656565/ff2020/20260514-1/multi_instance_summary.csv
20260515T070720_044583/20260515-2@multi,1,0.6038242200603824,0.6038242200603824,0.6038242200603824,0,0,1,1,20260515T070720_044583,20260515-2,Outputs_scenarios/20260515T070720_044583/ff2020/20260515-2/multi_instance_summary.csv
20260507T140058_545791/20260507-light-gapguard-pw-cross6-w3-2nc@multi,1,0.7633587786259542,0.7633587786259542,0.7633587786259542,0,0,1,1,20260507T140058_545791,20260507-light-gapguard-pw-cross6-w3-2nc,Outputs_scenarios/20260507T140058_545791/ff2020/20260507-light-gapguard-pw-cross6-w3-2nc/multi_instance_summary.csv
20260507T000216_456118/20260507-probe-final-negative-hybrid-2nc@multi,1,0.9058402860548271,0.9058402860548271,0.9058402860548271,0,0,1,1,20260507T000216_456118,20260507-probe-final-negative-hybrid-2nc,Outputs_scenarios/20260507T000216_456118/ff2020/20260507-probe-final-negative-hybrid-2nc/multi_instance_summary.csv
20260511T234038_596945/20260511-3@multi,1,1.0316875460574797,1.0316875460574797,1.0316875460574797,0,0,1,1,20260511T234038_596945,20260511-3,Outputs_scenarios/20260511T234038_596945/ff2020/20260511-3/multi_instance_summary.csv
20260509T234705_043370/20260509-resume20-stage-time-window-loose-pilot111-2nc@all,1,1.6874016874016875,1.6874016874016875,1.6874016874016875,0,0,1,1,20260509T234705_043370,20260509-resume20-stage-time-window-loose-pilot111-2nc,Outputs_scenarios/20260509T234705_043370/all_scenarios_summary.csv
20260509T234705_043370/20260509-resume20-stage-time-window-loose-pilot111-2nc@multi,1,1.6874016874016875,1.6874016874016875,1.6874016874016875,0,0,1,1,20260509T234705_043370,20260509-resume20-stage-time-window-loose-pilot111-2nc,Outputs_scenarios/20260509T234705_043370/ff2020/20260509-resume20-stage-time-window-loose-pilot111-2nc/multi_instance_summary.csv
20260514T195146_556661/20260514-tau5-x2-surrogate-neh-probe@multi,1,2.0376974019358127,2.0376974019358127,2.0376974019358127,0,0,1,1,20260514T195146_556661,20260514-tau5-x2-surrogate-neh-probe,Outputs_scenarios/20260514T195146_556661/ff2020/20260514-tau5-x2-surrogate-neh-probe/multi_instance_summary.csv
20260507T225230_675507/20260507-resume10-unified-gap-restore-workload-v4-scaled-repair-bad13-2nc@multi,1,2.637444279346211,2.637444279346211,2.637444279346211,0,0,1,1,20260507T225230_675507,20260507-resume10-unified-gap-restore-workload-v4-scaled-repair-bad13-2nc,Outputs_scenarios/20260507T225230_675507/ff2020/20260507-resume10-unified-gap-restore-workload-v4-scaled-repair-bad13-2nc/multi_instance_summary.csv
20260509T185704_845984/20260509-resume8-pilot103-retained-candidate-cp-2nc@all,1,5.496040987424313,5.496040987424313,5.496040987424313,0,0,1,1,20260509T185704_845984,20260509-resume8-pilot103-retained-candidate-cp-2nc,Outputs_scenarios/20260509T185704_845984/all_scenarios_summary.csv
20260509T185704_845984/20260509-resume8-pilot103-retained-candidate-cp-2nc@multi,1,5.496040987424313,5.496040987424313,5.496040987424313,0,0,1,1,20260509T185704_845984,20260509-resume8-pilot103-retained-candidate-cp-2nc,Outputs_scenarios/20260509T185704_845984/ff2020/20260509-resume8-pilot103-retained-candidate-cp-2nc/multi_instance_summary.csv
