Problem,SolverVendor,Formulation,Instance,n,c,LB,UB,Gap,ActualTime
Hybridflowshop,CPLEX,CP,1,40,5,976,976,0,2.593
Hybridflowshop,CPLEX,CP,2,40,10,1292,1292,0,1.024
Hybridflowshop,CPLEX,CP,3,40,15,1483,1501,0.01214,1200.033
Hybridflowshop,CPLEX,CP,4,40,20,1722,1977,0.14808,1600.06
Hybridflowshop,CPLEX,CP,5,80,5,1974,1974,0,1.179
Hybridflowshop,CPLEX,CP,6,80,10,2085,2288,0.09736,1600.054
Hybridflowshop,CPLEX,CP,7,80,15,2333,2336,0.00129,2400.095
Hybridflowshop,CPLEX,CP,8,80,20,2238,2455,0.09696,3200.127
Hybridflowshop,CPLEX,CP,9,120,5,2818,2818,0,9.982
Hybridflowshop,CPLEX,CP,10,120,10,3118,3127,0.00289,2400.125
Hybridflowshop,CPLEX,CP,11,120,15,3103,3421,0.10248,3600.184
Hybridflowshop,CPLEX,CP,12,120,20,3628,3669,0.0113,4800.105
Hybridflowshop,CPLEX,CP,13,160,5,4141,4141,0,5.877
Hybridflowshop,CPLEX,CP,14,160,10,4265,4270,0.00117,3200.087
Hybridflowshop,CPLEX,CP,15,160,15,4001,4379,0.09448,4800.127
Hybridflowshop,CPLEX,CP,16,160,20,4202,4701,0.11875,6400.152
Hybridflowshop,CPLEX,CP,17,200,5,5020,5020,0,206.369
Hybridflowshop,CPLEX,CP,18,200,10,5532,5540,0.00145,4000.093
Hybridflowshop,CPLEX,CP,19,200,15,5157,5175,0.00349,6000.16
Hybridflowshop,CPLEX,CP,20,200,20,5588,5673,0.01521,8000.215
Hybridflowshop,CPLEX,CP,21,240,5,6346,6346,0,54.052
Hybridflowshop,CPLEX,CP,22,240,10,6229,6244,0.00241,4800.143
Hybridflowshop,CPLEX,CP,23,240,15,6506,6506,0,1844.666
Hybridflowshop,CPLEX,CP,24,240,20,5727,6432,0.1231,9600.212
Hybridflowshop,CPLEX,CP,25,40,5,978,978,0,0.456
Hybridflowshop,CPLEX,CP,26,40,10,1293,1293,0,356.158
Hybridflowshop,CPLEX,CP,27,40,15,1515,1568,0.03498,1200.052
Hybridflowshop,CPLEX,CP,28,40,20,1662,1913,0.15102,1600.051
Hybridflowshop,CPLEX,CP,29,80,5,2098,2098,0,2.126
Hybridflowshop,CPLEX,CP,30,80,10,1983,2140,0.07917,1600.056
Hybridflowshop,CPLEX,CP,31,80,15,2328,2328,0,1437.478
Hybridflowshop,CPLEX,CP,32,80,20,2444,2514,0.02864,3200.141
Hybridflowshop,CPLEX,CP,33,120,5,3051,3051,0,3.742
Hybridflowshop,CPLEX,CP,34,120,10,2943,2953,0.0034,2400.113
Hybridflowshop,CPLEX,CP,35,120,15,3049,3432,0.12561,3600.151
Hybridflowshop,CPLEX,CP,36,120,20,3312,3711,0.12047,4800.131
Hybridflowshop,CPLEX,CP,37,160,5,3941,3941,0,29.226
Hybridflowshop,CPLEX,CP,38,160,10,3897,3899,0.00051,3200.064
Hybridflowshop,CPLEX,CP,39,160,15,3913,4292,0.09686,4800.118
Hybridflowshop,CPLEX,CP,40,160,20,3466,3829,0.10473,6400.156
Hybridflowshop,CPLEX,CP,41,200,5,5010,5010,0,66.794
Hybridflowshop,CPLEX,CP,42,200,10,4939,4943,0.00081,4000.085
Hybridflowshop,CPLEX,CP,43,200,15,5251,5268,0.00324,6000.123
Hybridflowshop,CPLEX,CP,44,200,20,5115,5633,0.10127,8000.218
Hybridflowshop,CPLEX,CP,45,240,5,5964,5964,0,5.11
Hybridflowshop,CPLEX,CP,46,240,10,6094,6096,0.00033,4800.128
Hybridflowshop,CPLEX,CP,47,240,15,6425,6425,0,4559.543
Hybridflowshop,CPLEX,CP,48,240,20,4880,5380,0.10246,9600.219
Hybridflowshop,CPLEX,CP,49,40,5,863,875,0.0139,400.05
Hybridflowshop,CPLEX,CP,50,40,10,1176,1184,0.0068,800.036
Hybridflowshop,CPLEX,CP,51,40,15,1474,1644,0.11533,1200.045
Hybridflowshop,CPLEX,CP,52,40,20,1414,1666,0.17822,1600.057
Hybridflowshop,CPLEX,CP,53,80,5,2071,2071,0,1.502
Hybridflowshop,CPLEX,CP,54,80,10,1768,1837,0.03903,1600.065
Hybridflowshop,CPLEX,CP,55,80,15,2373,2545,0.07248,2400.098
Hybridflowshop,CPLEX,CP,56,80,20,2458,2785,0.13303,3200.129
Hybridflowshop,CPLEX,CP,57,120,5,2932,2932,0,4.096
Hybridflowshop,CPLEX,CP,58,120,10,3134,3134,0,75.639
Hybridflowshop,CPLEX,CP,59,120,15,2564,2835,0.10569,3600.172
Hybridflowshop,CPLEX,CP,60,120,20,3310,3664,0.10695,4800.13
Hybridflowshop,CPLEX,CP,61,160,5,4365,4365,0,21.541
Hybridflowshop,CPLEX,CP,62,160,10,4583,4583,0,53.459
Hybridflowshop,CPLEX,CP,63,160,15,3892,4309,0.10714,4800.11
Hybridflowshop,CPLEX,CP,64,160,20,3530,4023,0.13966,6400.156
Hybridflowshop,CPLEX,CP,65,200,5,4868,4868,0,89.282
Hybridflowshop,CPLEX,CP,66,200,10,5094,5095,0.0002,4000.093
Hybridflowshop,CPLEX,CP,67,200,15,5230,5269,0.00746,6000.142
Hybridflowshop,CPLEX,CP,68,200,20,5111,5515,0.07905,8000.226
Hybridflowshop,CPLEX,CP,69,240,5,6078,6078,0,37.804
Hybridflowshop,CPLEX,CP,70,240,10,6479,6482,0.00046,4800.112
Hybridflowshop,CPLEX,CP,71,240,15,6026,6032,0.001,7200.197
Hybridflowshop,CPLEX,CP,72,240,20,4776,5291,0.10783,9600.274
Hybridflowshop,CPLEX,CP,73,40,5,840,850,0.0119,400.057
Hybridflowshop,CPLEX,CP,74,40,10,1198,1278,0.06678,800.039
Hybridflowshop,CPLEX,CP,75,40,15,1257,1407,0.11933,1200.057
Hybridflowshop,CPLEX,CP,76,40,20,1400,1643,0.17357,1600.056
Hybridflowshop,CPLEX,CP,77,80,5,1898,1898,0,0.504
Hybridflowshop,CPLEX,CP,78,80,10,1621,1715,0.05799,1600.075
Hybridflowshop,CPLEX,CP,79,80,15,2407,2583,0.07312,2400.099
Hybridflowshop,CPLEX,CP,80,80,20,2641,2894,0.0958,3200.132
Hybridflowshop,CPLEX,CP,81,120,5,3195,3195,0,50.068
Hybridflowshop,CPLEX,CP,82,120,10,3196,3196,0,1733.102
Hybridflowshop,CPLEX,CP,83,120,15,2570,2925,0.13813,3600.154
Hybridflowshop,CPLEX,CP,84,120,20,3321,3889,0.17103,4800.113
Hybridflowshop,CPLEX,CP,85,160,5,3938,3938,0,2.555
Hybridflowshop,CPLEX,CP,86,160,10,4153,4162,0.00217,3200.068
Hybridflowshop,CPLEX,CP,87,160,15,4094,4314,0.05374,4800.128
Hybridflowshop,CPLEX,CP,88,160,20,3411,3832,0.12342,6400.167
Hybridflowshop,CPLEX,CP,89,200,5,5146,5146,0,101.855
Hybridflowshop,CPLEX,CP,90,200,10,5228,5229,0.00019,4000.107
Hybridflowshop,CPLEX,CP,91,200,15,5235,5249,0.00267,6000.172
Hybridflowshop,CPLEX,CP,92,200,20,4101,4555,0.1107,8000.243
Hybridflowshop,CPLEX,CP,93,240,5,6127,6127,0,24.924
Hybridflowshop,CPLEX,CP,94,240,10,6139,6140,0.00016,4800.125
Hybridflowshop,CPLEX,CP,95,240,15,6631,6632,0.00015,7200.169
Hybridflowshop,CPLEX,CP,96,240,20,5943,6548,0.1018,9600.281
Hybridflowshop,CPLEX,CP,97,40,5,765,765,0,1.715
Hybridflowshop,CPLEX,CP,98,40,10,1261,1307,0.03648,800.033
Hybridflowshop,CPLEX,CP,99,40,15,1187,1339,0.12805,1200.041
Hybridflowshop,CPLEX,CP,100,40,20,1426,1645,0.15358,1600.06
Hybridflowshop,CPLEX,CP,101,80,5,2164,2164,0,3.485
Hybridflowshop,CPLEX,CP,102,80,10,1624,1734,0.06773,1600.056
Hybridflowshop,CPLEX,CP,103,80,15,1910,2123,0.11152,2400.096
Hybridflowshop,CPLEX,CP,104,80,20,2218,2452,0.1055,3200.127
Hybridflowshop,CPLEX,CP,105,120,5,2889,2889,0,19.14
Hybridflowshop,CPLEX,CP,106,120,10,3235,3236,0.00031,2400.119
Hybridflowshop,CPLEX,CP,107,120,15,3083,3430,0.11255,3600.2
Hybridflowshop,CPLEX,CP,108,120,20,3289,3813,0.15932,4800.15
Hybridflowshop,CPLEX,CP,109,160,5,4071,4071,0,11.707
Hybridflowshop,CPLEX,CP,110,160,10,4170,4180,0.0024,3200.083
Hybridflowshop,CPLEX,CP,111,160,15,3384,3648,0.07801,4800.11
Hybridflowshop,CPLEX,CP,112,160,20,3477,3924,0.12856,6400.176
Hybridflowshop,CPLEX,CP,113,200,5,4996,4996,0,7.705
Hybridflowshop,CPLEX,CP,114,200,10,5468,5470,0.00037,4000.096
Hybridflowshop,CPLEX,CP,115,200,15,5174,5178,0.00077,6000.15
Hybridflowshop,CPLEX,CP,116,200,20,4181,4654,0.11313,8000.226
Hybridflowshop,CPLEX,CP,117,240,5,6319,6319,0,9.605
Hybridflowshop,CPLEX,CP,118,240,10,6180,6184,0.00065,4800.125
Hybridflowshop,CPLEX,CP,119,240,15,6413,6456,0.00671,7200.18
Hybridflowshop,CPLEX,CP,120,240,20,5779,6436,0.11369,9600.241
Hybridflowshop,CPLEX,CP,121,40,5,881,887,0.00681,400.049
Hybridflowshop,CPLEX,CP,122,40,10,1271,1306,0.02754,800.029
Hybridflowshop,CPLEX,CP,123,40,15,1112,1237,0.11241,1200.034
Hybridflowshop,CPLEX,CP,124,40,20,1808,1984,0.09735,1600.045
Hybridflowshop,CPLEX,CP,125,80,5,2103,2103,0,1.058
Hybridflowshop,CPLEX,CP,126,80,10,1765,1880,0.06516,1600.068
Hybridflowshop,CPLEX,CP,127,80,15,1961,2079,0.06017,2400.096
Hybridflowshop,CPLEX,CP,128,80,20,2175,2477,0.13885,3200.095
Hybridflowshop,CPLEX,CP,129,120,5,2874,2874,0,13.92
Hybridflowshop,CPLEX,CP,130,120,10,3131,3131,0,91.385
Hybridflowshop,CPLEX,CP,131,120,15,3092,3438,0.1119,3600.212
Hybridflowshop,CPLEX,CP,132,120,20,2756,3249,0.17888,4800.116
Hybridflowshop,CPLEX,CP,133,160,5,4011,4011,0,47.887
Hybridflowshop,CPLEX,CP,134,160,10,4319,4323,0.00093,3200.064
Hybridflowshop,CPLEX,CP,135,160,15,3254,3565,0.09557,4800.092
Hybridflowshop,CPLEX,CP,136,160,20,3457,3919,0.13364,6400.151
Hybridflowshop,CPLEX,CP,137,200,5,5048,5049,0.0002,2000.062
Hybridflowshop,CPLEX,CP,138,200,10,5169,5169,0,13.027
Hybridflowshop,CPLEX,CP,139,200,15,5581,5619,0.00681,6000.163
Hybridflowshop,CPLEX,CP,140,200,20,4081,4601,0.12742,8000.207
Hybridflowshop,CPLEX,CP,141,240,5,5845,5845,0,2.985
Hybridflowshop,CPLEX,CP,142,240,10,5887,5900,0.00221,4800.094
Hybridflowshop,CPLEX,CP,143,240,15,6091,6091,0,343.114
Hybridflowshop,CPLEX,CP,144,240,20,5769,6614,0.14647,9600.214
Hybridflowshop,CPLEX,CP,145,40,5,769,779,0.013,400.042
Hybridflowshop,CPLEX,CP,146,40,10,1020,1158,0.13529,800.037
Hybridflowshop,CPLEX,CP,147,40,15,1205,1309,0.08631,1200.044
Hybridflowshop,CPLEX,CP,148,40,20,2656,2791,0.05083,1600.072
Hybridflowshop,CPLEX,CP,149,80,5,2002,2002,0,66.154
Hybridflowshop,CPLEX,CP,150,80,10,1718,1795,0.04482,1600.08
Hybridflowshop,CPLEX,CP,151,80,15,2390,2562,0.07197,2400.109
Hybridflowshop,CPLEX,CP,152,80,20,2233,2526,0.13121,3200.153
Hybridflowshop,CPLEX,CP,153,120,5,2754,2754,0,9.627
Hybridflowshop,CPLEX,CP,154,120,10,3129,3142,0.00415,2400.129
Hybridflowshop,CPLEX,CP,155,120,15,3220,3545,0.10093,3600.171
Hybridflowshop,CPLEX,CP,156,120,20,2751,3148,0.14431,4800.137
Hybridflowshop,CPLEX,CP,157,160,5,4391,4391,0,3.041
Hybridflowshop,CPLEX,CP,158,160,10,4427,4429,0.00045,3200.083
Hybridflowshop,CPLEX,CP,159,160,15,4056,4366,0.07643,4800.123
Hybridflowshop,CPLEX,CP,160,160,20,3602,3993,0.10855,6400.189
Hybridflowshop,CPLEX,CP,161,200,5,4998,4998,0,2.402
Hybridflowshop,CPLEX,CP,162,200,10,5166,5171,0.00097,4000.105
Hybridflowshop,CPLEX,CP,163,200,15,5012,5017,0.001,6000.148
Hybridflowshop,CPLEX,CP,164,200,20,4114,4567,0.11011,8000.175
Hybridflowshop,CPLEX,CP,165,240,5,5930,5930,0,5.457
Hybridflowshop,CPLEX,CP,166,240,10,6033,6049,0.00265,4800.119
Hybridflowshop,CPLEX,CP,167,240,15,6141,6145,0.00065,7200.173
Hybridflowshop,CPLEX,CP,168,240,20,5862,6657,0.13562,9600.223
Hybridflowshop,CPLEX,CP,169,40,5,993,1007,0.0141,400.042
Hybridflowshop,CPLEX,CP,170,40,10,1037,1137,0.09643,800.036
Hybridflowshop,CPLEX,CP,171,40,15,1287,1423,0.10567,1200.047
Hybridflowshop,CPLEX,CP,172,40,20,1526,1722,0.12844,1600.052
Hybridflowshop,CPLEX,CP,173,80,5,2058,2058,0,31.956
Hybridflowshop,CPLEX,CP,174,80,10,1679,1788,0.06492,1600.06
Hybridflowshop,CPLEX,CP,175,80,15,2364,2592,0.09645,2400.094
Hybridflowshop,CPLEX,CP,176,80,20,2225,2466,0.10831,3200.13
Hybridflowshop,CPLEX,CP,177,120,5,3136,3136,0,62.155
Hybridflowshop,CPLEX,CP,178,120,10,3091,3094,0.00097,2400.13
Hybridflowshop,CPLEX,CP,179,120,15,3085,3333,0.08039,3600.171
Hybridflowshop,CPLEX,CP,180,120,20,3325,3885,0.16842,4800.1
Hybridflowshop,CPLEX,CP,181,160,5,4554,4554,0,12.916
Hybridflowshop,CPLEX,CP,182,160,10,4299,4299,0,74.442
Hybridflowshop,CPLEX,CP,183,160,15,3885,4345,0.1184,4800.136
Hybridflowshop,CPLEX,CP,184,160,20,4382,4766,0.08763,6400.124
Hybridflowshop,CPLEX,CP,185,200,5,5159,5159,0,96.201
Hybridflowshop,CPLEX,CP,186,200,10,5252,5255,0.00057,4000.106
Hybridflowshop,CPLEX,CP,187,200,15,5426,5444,0.00332,6000.154
Hybridflowshop,CPLEX,CP,188,200,20,4077,4576,0.12239,8000.189
Hybridflowshop,CPLEX,CP,189,240,5,6215,6217,0.00032,2400.07
Hybridflowshop,CPLEX,CP,190,240,10,5930,5936,0.00101,4800.102
Hybridflowshop,CPLEX,CP,191,240,15,6068,6068,0,6497.308
Hybridflowshop,CPLEX,CP,192,240,20,5896,6508,0.1038,9600.258
Hybridflowshop,CPLEX,CP,193,40,5,915,944,0.03169,400.049
Hybridflowshop,CPLEX,CP,194,40,10,1178,1316,0.11715,800.032
Hybridflowshop,CPLEX,CP,195,40,15,1579,1732,0.0969,1200.046
Hybridflowshop,CPLEX,CP,196,40,20,1503,1784,0.18696,1600.082
Hybridflowshop,CPLEX,CP,197,80,5,2130,2130,0,23.823
Hybridflowshop,CPLEX,CP,198,80,10,1579,1674,0.06016,1600.06
Hybridflowshop,CPLEX,CP,199,80,15,2175,2341,0.07632,2400.098
Hybridflowshop,CPLEX,CP,200,80,20,2174,2455,0.12925,3200.102
Hybridflowshop,CPLEX,CP,201,120,5,3066,3066,0,7.607
Hybridflowshop,CPLEX,CP,202,120,10,3427,3431,0.00117,2400.12
Hybridflowshop,CPLEX,CP,203,120,15,3088,3374,0.09262,3600.195
Hybridflowshop,CPLEX,CP,204,120,20,3545,3830,0.08039,4800.103
Hybridflowshop,CPLEX,CP,205,160,5,4008,4008,0,0.854
Hybridflowshop,CPLEX,CP,206,160,10,4615,4616,0.00022,3200.081
Hybridflowshop,CPLEX,CP,207,160,15,4021,4426,0.10072,4800.107
Hybridflowshop,CPLEX,CP,208,160,20,4251,4803,0.12985,6400.142
Hybridflowshop,CPLEX,CP,209,200,5,5334,5334,0,9.388
Hybridflowshop,CPLEX,CP,210,200,10,4887,4891,0.00082,4000.087
Hybridflowshop,CPLEX,CP,211,200,15,5218,5272,0.01035,6000.154
Hybridflowshop,CPLEX,CP,212,200,20,5050,5664,0.12158,8000.18
Hybridflowshop,CPLEX,CP,213,240,5,5735,5735,0,5.464
Hybridflowshop,CPLEX,CP,214,240,10,6379,6383,0.00063,4800.13
Hybridflowshop,CPLEX,CP,215,240,15,6305,6305,0,6535.112
Hybridflowshop,CPLEX,CP,216,240,20,5839,6460,0.10635,9600.23
Hybridflowshop,CPLEX,CP,217,40,5,1001,1015,0.01399,400.036
Hybridflowshop,CPLEX,CP,218,40,10,1267,1373,0.08366,800.029
Hybridflowshop,CPLEX,CP,219,40,15,1521,1622,0.0664,1200.043
Hybridflowshop,CPLEX,CP,220,40,20,1326,1580,0.19155,1600.066
Hybridflowshop,CPLEX,CP,221,80,5,1873,1873,0,69.368
Hybridflowshop,CPLEX,CP,222,80,10,2111,2188,0.03648,1600.064
Hybridflowshop,CPLEX,CP,223,80,15,2218,2366,0.06673,2400.119
Hybridflowshop,CPLEX,CP,224,80,20,2312,2640,0.14187,3200.157
Hybridflowshop,CPLEX,CP,225,120,5,2793,2793,0,7.642
Hybridflowshop,CPLEX,CP,226,120,10,2885,3104,0.07591,2400.103
Hybridflowshop,CPLEX,CP,227,120,15,3041,3489,0.14732,3600.151
Hybridflowshop,CPLEX,CP,228,120,20,3403,3841,0.12871,4800.148
Hybridflowshop,CPLEX,CP,229,160,5,4097,4097,0,3.724
Hybridflowshop,CPLEX,CP,230,160,10,4274,4279,0.00117,3200.087
Hybridflowshop,CPLEX,CP,231,160,15,3867,4281,0.10706,4800.145
Hybridflowshop,CPLEX,CP,232,160,20,3910,4380,0.1202,6400.162
Hybridflowshop,CPLEX,CP,233,200,5,5214,5214,0,20.376
Hybridflowshop,CPLEX,CP,234,200,10,4878,4878,0,118.691
Hybridflowshop,CPLEX,CP,235,200,15,4757,5159,0.08451,6000.146
Hybridflowshop,CPLEX,CP,236,200,20,5154,5610,0.08847,8000.214
Hybridflowshop,CPLEX,CP,237,240,5,6404,6406,0.00031,2400.056
Hybridflowshop,CPLEX,CP,238,240,10,12744,12744,0,3.788
Hybridflowshop,CPLEX,CP,239,240,15,6382,6397,0.00235,7200.241
Hybridflowshop,CPLEX,CP,240,240,20,5694,6433,0.12979,9600.283
