Instance,n,s,rep,UB,LB
1,40,5,1,976,976
2,40,10,1,1292,1292
3,40,15,1,1486,1483
4,40,20,1,1943,1722
5,80,5,1,1974,1974
6,80,10,1,2161,2085
7,80,15,1,2333,2333
8,80,20,1,2393,2238
9,120,5,1,2818,2818
10,120,10,1,3124,3118
11,120,15,1,3286,3103
12,120,20,1,3637,3628
13,160,5,1,4141,4141
14,160,10,1,4270,4265
15,160,15,1,4157,4001
16,160,20,1,4499,4202
17,200,5,1,5020,5020
18,200,10,1,5534,5532
19,200,15,1,5175,5157
20,200,20,1,5601,5588
21,240,5,1,6346,6346
22,240,10,1,6234,6229
23,240,15,1,6506,6506
24,240,20,1,6151,5727
25,40,5,2,978,978
26,40,10,2,1297,1293
27,40,15,2,1579,1515
28,40,20,2,1927,1662
29,80,5,2,2098,2098
30,80,10,2,2050,1983
31,80,15,2,2328,2328
32,80,20,2,2452,2444
33,120,5,2,3051,3051
34,120,10,2,2953,2943
35,120,15,2,3281,3049
36,120,20,2,3572,3312
37,160,5,2,3941,3941
38,160,10,2,3899,3897
39,160,15,2,4092,3913
40,160,20,2,3716,3466
41,200,5,2,5010,5010
42,200,10,2,4943,4939
43,200,15,2,5253,5251
44,200,20,2,5409,5115
45,240,5,2,5964,5964
46,240,10,2,6096,6094
47,240,15,2,6425,6425
48,240,20,2,5160,4880
49,40,5,3,876,863
50,40,10,3,1184,1176
51,40,15,3,1634,1474
52,40,20,3,1589,1414
53,80,5,3,2071,2071
54,80,10,3,1798,1768
55,80,15,3,2468,2373
56,80,20,3,2789,2458
57,120,5,3,2932,2932
58,120,10,3,3134,3134
59,120,15,3,2687,2564
60,120,20,3,3612,3310
61,160,5,3,4365,4365
62,160,10,3,4583,4583
63,160,15,3,4074,3892
64,160,20,3,3891,3530
65,200,5,3,4868,4868
66,200,10,3,5095,5094
67,200,15,3,5239,5230
68,200,20,3,5313,5111
69,240,5,3,6078,6078
70,240,10,3,6490,6479
71,240,15,3,6029,6026
72,240,20,3,5083,4776
73,40,5,4,854,840
74,40,10,4,1275,1198
75,40,15,4,1387,1257
76,40,20,4,1611,1400
77,80,5,4,1898,1898
78,80,10,4,1657,1621
79,80,15,4,2566,2407
80,80,20,4,2853,2641
81,120,5,4,3195,3195
82,120,10,4,3196,3196
83,120,15,4,2763,2570
84,120,20,4,3654,3321
85,160,5,4,3938,3938
86,160,10,4,4155,4153
87,160,15,4,4198,4094
88,160,20,4,3711,3411
89,200,5,4,5146,5146
90,200,10,4,5229,5228
91,200,15,4,5236,5235
92,200,20,4,4401,4101
93,240,5,4,6127,6127
94,240,10,4,6140,6139
95,240,15,4,6632,6631
96,240,20,4,6183,5943
97,40,5,5,765,765
98,40,10,5,1316,1261
99,40,15,5,1329,1187
100,40,20,5,1639,1426
101,80,5,5,2164,2164
102,80,10,5,1663,1624
103,80,15,5,2088,1910
104,80,20,5,2358,2218
105,120,5,5,2889,2889
106,120,10,5,3236,3235
107,120,15,5,3285,3083
108,120,20,5,3646,3289
109,160,5,5,4071,4071
110,160,10,5,4177,4170
111,160,15,5,3467,3384
112,160,20,5,3770,3477
113,200,5,5,4996,4996
114,200,10,5,5471,5468
115,200,15,5,5178,5174
116,200,20,5,4439,4181
117,240,5,5,6319,6319
118,240,10,5,6184,6180
119,240,15,5,6414,6413
120,240,20,5,6162,5779
121,40,5,6,888,881
122,40,10,6,1288,1271
123,40,15,6,1241,1112
124,40,20,6,1977,1808
125,80,5,6,2103,2103
126,80,10,6,1825,1765
127,80,15,6,2029,1961
128,80,20,6,2371,2175
129,120,5,6,2874,2874
130,120,10,6,3131,3131
131,120,15,6,3257,3092
132,120,20,6,3028,2756
133,160,5,6,4011,4011
134,160,10,6,4323,4319
135,160,15,6,3398,3254
136,160,20,6,3721,3457
137,200,5,6,5049,5048
138,200,10,6,5169,5169
139,200,15,6,5592,5581
140,200,20,6,4481,4081
141,240,5,6,5845,5845
142,240,10,6,5894,5887
143,240,15,6,6091,6091
144,240,20,6,6195,5769
145,40,5,7,781,769
146,40,10,7,1137,1020
147,40,15,7,1293,1205
148,40,20,7,2754,2656
149,80,5,7,2002,2002
150,80,10,7,1775,1718
151,80,15,7,2471,2390
152,80,20,7,2417,2233
153,120,5,7,2754,2754
154,120,10,7,3131,3129
155,120,15,7,3308,3220
156,120,20,7,3030,2751
157,160,5,7,4391,4391
158,160,10,7,4429,4427
159,160,15,7,4190,4056
160,160,20,7,3778,3602
161,200,5,7,4998,4998
162,200,10,7,5171,5166
163,200,15,7,5012,5012
164,200,20,7,4304,4114
165,240,5,7,5930,5930
166,240,10,7,6038,6033
167,240,15,7,6145,6141
168,240,20,7,6296,5862
169,40,5,8,1007,993
170,40,10,8,1119,1037
171,40,15,8,1393,1287
172,40,20,8,1686,1526
173,80,5,8,2058,2058
174,80,10,8,1737,1679
175,80,15,8,2489,2364
176,80,20,8,2388,2225
177,120,5,8,3136,3136
178,120,10,8,3092,3091
179,120,15,8,3239,3085
180,120,20,8,3684,3325
181,160,5,8,4554,4554
182,160,10,8,4299,4299
183,160,15,8,4088,3885
184,160,20,8,4573,4382
185,200,5,8,5159,5159
186,200,10,8,5255,5252
187,200,15,8,5439,5426
188,200,20,8,4435,4077
189,240,5,8,6217,6215
190,240,10,8,5935,5930
191,240,15,8,6068,6068
192,240,20,8,6158,5896
193,40,5,9,938,915
194,40,10,9,1285,1178
195,40,15,9,1712,1579
196,40,20,9,1730,1503
197,80,5,9,2130,2130
198,80,10,9,1649,1579
199,80,15,9,2241,2175
200,80,20,9,2397,2174
201,120,5,9,3066,3066
202,120,10,9,3431,3427
203,120,15,9,3245,3088
204,120,20,9,3681,3545
205,160,5,9,4008,4008
206,160,10,9,4616,4615
207,160,15,9,4131,4021
208,160,20,9,4497,4251
209,200,5,9,5334,5334
210,200,10,9,4889,4887
211,200,15,9,5226,5218
212,200,20,9,5356,5050
213,240,5,9,5735,5735
214,240,10,9,6383,6379
215,240,15,9,6305,6305
216,240,20,9,6190,5839
217,40,5,10,1015,1001
218,40,10,10,1350,1267
219,40,15,10,1634,1521
220,40,20,10,1551,1326
221,80,5,10,1873,1873
222,80,10,10,2159,2111
223,80,15,10,2319,2218
224,80,20,10,2526,2312
225,120,5,10,2793,2793
226,120,10,10,2991,2885
227,120,15,10,3292,3041
228,120,20,10,3744,3403
229,160,5,10,4097,4097
230,160,10,10,4279,4274
231,160,15,10,4110,3867
232,160,20,10,4224,3910
233,200,5,10,5214,5214
234,200,10,10,4878,4878
235,200,15,10,4949,4757
236,200,20,10,5372,5154
237,240,5,10,6406,6404
238,240,10,10,12744,12744
239,240,15,10,6382,6382
240,240,20,10,6100,5694
