ins,selected_lane,step_idx,step_count,step_label,obj,elapsed,n,c
3,retained_cp_sequence_first_neh,1,6,neh_cp:safe_neh15,1519.0,13.946,40,15
3,retained_cp_sequence_first_neh,2,6,neh_cp:safe_neh20,1519.0,9.175,40,15
3,retained_cp_sequence_first_neh,3,6,neh_cp:safe_neh25,1495.0,12.354,40,15
3,retained_cp_sequence_first_neh,4,6,neh_cp:safe_neh30,1495.0,15.198,40,15
3,retained_cp_sequence_first_neh,5,6,incremental_pw_cp:safe_pw005,1495.0,7.397,40,15
3,retained_cp_sequence_first_neh,6,6,incremental_pw_cp:safe_pw010,1495.0,8.569,40,15
3,retained_cp_sequence_first_neh,0,6,PROBE_WINNER,1519.0,102.4149645799771,40,15
4,interleaved_pw_neh_basin,1,8,incremental_pw_cp:interleave_pw005_after_neh10,1952.0,10.374,40,20
4,interleaved_pw_neh_basin,2,8,neh_cp:safe_neh15,1948.0,18.507,40,20
4,interleaved_pw_neh_basin,3,8,incremental_pw_cp:interleave_pw006_after_neh15,1939.0,18.303,40,20
4,interleaved_pw_neh_basin,4,8,neh_cp:safe_neh20,1939.0,12.265,40,20
4,interleaved_pw_neh_basin,5,8,incremental_pw_cp:interleave_pw008_after_neh20,1937.0,32.324,40,20
4,interleaved_pw_neh_basin,6,8,neh_cp:safe_neh25,1937.0,20.343,40,20
4,interleaved_pw_neh_basin,7,8,neh_cp:safe_neh30,1937.0,20.342,40,20
4,interleaved_pw_neh_basin,8,8,incremental_pw_cp:safe_pw010,1935.0,39.946,40,20
4,interleaved_pw_neh_basin,0,8,PROBE_WINNER,1954.0,121.52952528512105,40,20
6,retained_cp_sequence_first_neh,1,6,neh_cp:safe_neh15,2227.0,36.843,80,10
6,retained_cp_sequence_first_neh,2,6,neh_cp:safe_neh20,2211.0,24.629,80,10
6,retained_cp_sequence_first_neh,3,6,neh_cp:safe_neh25,2211.0,40.637,80,10
6,retained_cp_sequence_first_neh,4,6,neh_cp:safe_neh30,2211.0,30.427,80,10
6,retained_cp_sequence_first_neh,5,6,incremental_pw_cp:safe_pw005,2206.0,49.469,80,10
6,retained_cp_sequence_first_neh,6,6,incremental_pw_cp:safe_pw010,2206.0,28.931,80,10
6,retained_cp_sequence_first_neh,0,6,PROBE_WINNER,2234.0,259.7376594240777,80,10
7,delayed_profile_first_neh,1,6,neh_cp:safe_neh15,2336.0,49.656,80,15
7,delayed_profile_first_neh,2,6,neh_cp:safe_neh20,2336.0,36.932,80,15
7,delayed_profile_first_neh,3,6,neh_cp:safe_neh25,2333.0,61.406,80,15
7,delayed_profile_first_neh,4,6,neh_cp:safe_neh30,2333.0,45.701,80,15
7,delayed_profile_first_neh,5,6,incremental_pw_cp:safe_pw005,2333.0,0.001,80,15
7,delayed_profile_first_neh,6,6,incremental_pw_cp:safe_pw010,2333.0,0.001,80,15
7,delayed_profile_first_neh,0,6,PROBE_WINNER,2336.0,380.0982516645454,80,15
8,delayed_profile_first_neh,1,6,neh_cp:safe_neh15,2416.0,66.632,80,20
8,delayed_profile_first_neh,2,6,neh_cp:safe_neh20,2416.0,49.514,80,20
8,delayed_profile_first_neh,3,6,neh_cp:safe_neh25,2416.0,81.576,80,20
8,delayed_profile_first_neh,4,6,neh_cp:safe_neh30,2416.0,61.133,80,20
8,delayed_profile_first_neh,5,6,incremental_pw_cp:safe_pw005,2402.0,243.359,80,20
8,delayed_profile_first_neh,6,6,incremental_pw_cp:safe_pw010,2401.0,68.44,80,20
8,delayed_profile_first_neh,0,6,PROBE_WINNER,2416.0,510.4166375217028,80,20
10,cp_seeded_first_neh,1,6,neh_cp:safe_neh15,3131.0,73.363,120,10
10,cp_seeded_first_neh,2,6,neh_cp:safe_neh20,3131.0,55.285,120,10
10,cp_seeded_first_neh,3,6,neh_cp:safe_neh25,3127.0,76.257,120,10
10,cp_seeded_first_neh,4,6,neh_cp:safe_neh30,3127.0,50.771,120,10
10,cp_seeded_first_neh,5,6,incremental_pw_cp:safe_pw005,3127.0,49.525,120,10
10,cp_seeded_first_neh,6,6,incremental_pw_cp:safe_pw010,3127.0,43.872,120,10
10,cp_seeded_first_neh,0,6,PROBE_WINNER,3131.0,435.31295447284356,120,10
11,delayed_profile_first_neh,1,6,neh_cp:safe_neh15,3258.0,110.845,120,15
11,delayed_profile_first_neh,2,6,neh_cp:safe_neh20,3258.0,83.152,120,15
11,delayed_profile_first_neh,3,6,neh_cp:safe_neh25,3258.0,114.523,120,15
11,delayed_profile_first_neh,4,6,neh_cp:safe_neh30,3258.0,91.517,120,15
11,delayed_profile_first_neh,5,6,incremental_pw_cp:safe_pw005,3257.0,40.97,120,15
11,delayed_profile_first_neh,6,6,incremental_pw_cp:safe_pw010,3257.0,27.135,120,15
11,delayed_profile_first_neh,0,6,PROBE_WINNER,3258.0,699.2106722015887,120,15
12,delayed_profile_first_neh,1,6,neh_cp:safe_neh15,3656.0,147.615,120,20
12,delayed_profile_first_neh,2,6,neh_cp:safe_neh20,3656.0,110.824,120,20
12,delayed_profile_first_neh,3,6,neh_cp:safe_neh25,3656.0,152.248,120,20
12,delayed_profile_first_neh,4,6,neh_cp:safe_neh30,3656.0,122.169,120,20
12,delayed_profile_first_neh,5,6,incremental_pw_cp:safe_pw005,3653.0,36.137,120,20
12,delayed_profile_first_neh,6,6,incremental_pw_cp:safe_pw010,3653.0,19.271,120,20
12,delayed_profile_first_neh,0,6,PROBE_WINNER,3656.0,942.5140674794093,120,20
14,retained_cp_sequence_first_neh,1,6,neh_cp:safe_neh15,4270.0,133.238,160,10
14,retained_cp_sequence_first_neh,2,6,neh_cp:safe_neh20,4270.0,98.641,160,10
14,retained_cp_sequence_first_neh,3,6,neh_cp:safe_neh25,4270.0,142.569,160,10
14,retained_cp_sequence_first_neh,4,6,neh_cp:safe_neh30,4270.0,119.896,160,10
14,retained_cp_sequence_first_neh,5,6,incremental_pw_cp:safe_pw005,4270.0,73.395,160,10
14,retained_cp_sequence_first_neh,6,6,incremental_pw_cp:safe_pw010,4270.0,61.02,160,10
14,retained_cp_sequence_first_neh,0,6,PROBE_WINNER,4270.0,651.7359782648273,160,10
15,delayed_profile_first_neh,1,6,neh_cp:safe_neh15,4226.0,203.833,160,15
15,delayed_profile_first_neh,2,6,neh_cp:safe_neh20,4224.0,148.125,160,15
15,delayed_profile_first_neh,3,6,neh_cp:safe_neh25,4217.0,213.877,160,15
15,delayed_profile_first_neh,4,6,neh_cp:safe_neh30,4217.0,183.612,160,15
15,delayed_profile_first_neh,5,6,incremental_pw_cp:safe_pw005,4215.0,139.134,160,15
15,delayed_profile_first_neh,6,6,incremental_pw_cp:safe_pw010,4215.0,90.641,160,15
15,delayed_profile_first_neh,0,6,PROBE_WINNER,4232.0,1004.3927155835554,160,15
16,safe_0504_first_neh,1,6,neh_cp:safe_neh15,4515.0,270.949,160,20
16,safe_0504_first_neh,2,6,neh_cp:safe_neh20,4515.0,197.706,160,20
16,safe_0504_first_neh,3,6,neh_cp:safe_neh25,4515.0,285.229,160,20
16,safe_0504_first_neh,4,6,neh_cp:safe_neh30,4515.0,244.807,160,20
16,safe_0504_first_neh,5,6,incremental_pw_cp:safe_pw005,4495.0,235.17,160,20
16,safe_0504_first_neh,6,6,incremental_pw_cp:safe_pw010,4492.0,174.351,160,20
16,safe_0504_first_neh,0,6,PROBE_WINNER,4515.0,1336.8004132974893,160,20
19,delayed_profile_first_neh,1,6,neh_cp:safe_neh15,5184.0,323.553,200,15
19,delayed_profile_first_neh,2,6,neh_cp:safe_neh20,5184.0,232.136,200,15
19,delayed_profile_first_neh,3,6,neh_cp:safe_neh25,5184.0,305.155,200,15
19,delayed_profile_first_neh,4,6,neh_cp:safe_neh30,5181.0,267.838,200,15
19,delayed_profile_first_neh,5,6,incremental_pw_cp:safe_pw005,5178.0,147.627,200,15
19,delayed_profile_first_neh,6,6,incremental_pw_cp:safe_pw010,5178.0,136.335,200,15
19,delayed_profile_first_neh,0,6,PROBE_WINNER,5184.0,1351.9202645970508,200,15
20,cp_seeded_first_neh,1,6,neh_cp:safe_neh15,5599.0,431.386,200,20
20,cp_seeded_first_neh,2,6,neh_cp:safe_neh20,5599.0,305.196,200,20
20,cp_seeded_first_neh,3,6,neh_cp:safe_neh25,5599.0,406.984,200,20
20,cp_seeded_first_neh,4,6,neh_cp:safe_neh30,5599.0,355.922,200,20
20,cp_seeded_first_neh,5,6,incremental_pw_cp:safe_pw005,5599.0,233.572,200,20
20,cp_seeded_first_neh,6,6,incremental_pw_cp:safe_pw010,5599.0,126.717,200,20
20,cp_seeded_first_neh,0,6,PROBE_WINNER,5599.0,1789.1261660060845,200,20
24,safe_0504_first_neh,1,6,neh_cp:safe_neh15,6163.0,592.271,240,20
24,safe_0504_first_neh,2,6,neh_cp:safe_neh20,6163.0,444.927,240,20
24,safe_0504_first_neh,3,6,neh_cp:safe_neh25,6160.0,610.558,240,20
24,safe_0504_first_neh,4,6,neh_cp:safe_neh30,6160.0,489.549,240,20
24,safe_0504_first_neh,5,6,incremental_pw_cp:safe_pw005,6152.0,390.751,240,20
24,safe_0504_first_neh,6,6,incremental_pw_cp:safe_pw010,6152.0,0.004,240,20
24,safe_0504_first_neh,0,6,PROBE_WINNER,6177.0,2313.896437674295,240,20
26,interleaved_pw_neh_basin,1,8,incremental_pw_cp:interleave_pw005_after_neh10,1299.0,2.991,40,10
26,interleaved_pw_neh_basin,2,8,neh_cp:safe_neh15,1299.0,9.198,40,10
26,interleaved_pw_neh_basin,3,8,incremental_pw_cp:interleave_pw006_after_neh15,1299.0,2.459,40,10
26,interleaved_pw_neh_basin,4,8,neh_cp:safe_neh20,1299.0,6.169,40,10
26,interleaved_pw_neh_basin,5,8,incremental_pw_cp:interleave_pw008_after_neh20,1299.0,9.538,40,10
26,interleaved_pw_neh_basin,6,8,neh_cp:safe_neh25,1299.0,10.177,40,10
26,interleaved_pw_neh_basin,7,8,neh_cp:safe_neh30,1299.0,10.219,40,10
26,interleaved_pw_neh_basin,8,8,incremental_pw_cp:safe_pw010,1299.0,13.565,40,10
26,interleaved_pw_neh_basin,0,8,PROBE_WINNER,1302.0,57.97193626733497,40,10
27,cp_seeded_first_neh,1,6,neh_cp:safe_neh15,1591.0,13.812,40,15
27,cp_seeded_first_neh,2,6,neh_cp:safe_neh20,1591.0,9.246,40,15
27,cp_seeded_first_neh,3,6,neh_cp:safe_neh25,1591.0,15.287,40,15
27,cp_seeded_first_neh,4,6,neh_cp:safe_neh30,1591.0,15.257,40,15
27,cp_seeded_first_neh,5,6,incremental_pw_cp:safe_pw005,1591.0,6.723,40,15
27,cp_seeded_first_neh,6,6,incremental_pw_cp:safe_pw010,1591.0,20.405,40,15
27,cp_seeded_first_neh,0,6,PROBE_WINNER,1591.0,97.45024879649282,40,15
28,cp_seeded_first_neh,1,6,neh_cp:safe_neh15,1923.0,18.453,40,20
28,cp_seeded_first_neh,2,6,neh_cp:safe_neh20,1923.0,12.287,40,20
28,cp_seeded_first_neh,3,6,neh_cp:safe_neh25,1923.0,20.437,40,20
28,cp_seeded_first_neh,4,6,neh_cp:safe_neh30,1923.0,20.323,40,20
28,cp_seeded_first_neh,5,6,incremental_pw_cp:safe_pw005,1909.0,32.422,40,20
28,cp_seeded_first_neh,6,6,incremental_pw_cp:safe_pw010,1906.0,34.0,40,20
28,cp_seeded_first_neh,0,6,PROBE_WINNER,1940.0,121.36733501544222,40,20
30,cp_seeded_first_neh,1,6,neh_cp:safe_neh15,2074.0,36.906,80,10
30,cp_seeded_first_neh,2,6,neh_cp:safe_neh20,2071.0,24.667,80,10
30,cp_seeded_first_neh,3,6,neh_cp:safe_neh25,2071.0,40.628,80,10
30,cp_seeded_first_neh,4,6,neh_cp:safe_neh30,2071.0,30.554,80,10
30,cp_seeded_first_neh,5,6,incremental_pw_cp:safe_pw005,2058.0,127.92,80,10
30,cp_seeded_first_neh,6,6,incremental_pw_cp:safe_pw010,2058.0,64.049,80,10
30,cp_seeded_first_neh,0,6,PROBE_WINNER,2074.0,254.9513471238315,80,10
32,retained_cp_sequence_first_neh,1,6,neh_cp:safe_neh15,2488.0,74.475,80,20
32,retained_cp_sequence_first_neh,2,6,neh_cp:safe_neh20,2478.0,49.359,80,20
32,retained_cp_sequence_first_neh,3,6,neh_cp:safe_neh25,2478.0,81.508,80,20
32,retained_cp_sequence_first_neh,4,6,neh_cp:safe_neh30,2478.0,61.069,80,20
32,retained_cp_sequence_first_neh,5,6,incremental_pw_cp:safe_pw005,2477.0,28.595,80,20
32,retained_cp_sequence_first_neh,6,6,incremental_pw_cp:safe_pw010,2476.0,29.241,80,20
32,retained_cp_sequence_first_neh,0,6,PROBE_WINNER,2488.0,521.4363942481577,80,20
34,cp_seeded_first_neh,1,6,neh_cp:safe_neh15,2955.0,66.507,120,10
34,cp_seeded_first_neh,2,6,neh_cp:safe_neh20,2955.0,55.357,120,10
34,cp_seeded_first_neh,3,6,neh_cp:safe_neh25,2955.0,76.447,120,10
34,cp_seeded_first_neh,4,6,neh_cp:safe_neh30,2955.0,60.973,120,10
34,cp_seeded_first_neh,5,6,incremental_pw_cp:safe_pw005,2955.0,17.314,120,10
34,cp_seeded_first_neh,6,6,incremental_pw_cp:safe_pw010,2955.0,9.763,120,10
34,cp_seeded_first_neh,0,6,PROBE_WINNER,2955.0,444.28061312250793,120,10
35,delayed_profile_first_neh,1,6,neh_cp:safe_neh15,3348.0,111.116,120,15
35,delayed_profile_first_neh,2,6,neh_cp:safe_neh20,3348.0,83.281,120,15
35,delayed_profile_first_neh,3,6,neh_cp:safe_neh25,3348.0,114.402,120,15
35,delayed_profile_first_neh,4,6,neh_cp:safe_neh30,3348.0,91.608,120,15
35,delayed_profile_first_neh,5,6,incremental_pw_cp:safe_pw005,3313.0,188.914,120,15
35,delayed_profile_first_neh,6,6,incremental_pw_cp:safe_pw010,3313.0,65.434,120,15
35,delayed_profile_first_neh,0,6,PROBE_WINNER,3348.0,695.7752095935866,120,15
36,delayed_profile_first_neh,1,6,neh_cp:safe_neh15,3627.0,147.964,120,20
36,delayed_profile_first_neh,2,6,neh_cp:safe_neh20,3627.0,110.781,120,20
36,delayed_profile_first_neh,3,6,neh_cp:safe_neh25,3627.0,152.632,120,20
36,delayed_profile_first_neh,4,6,neh_cp:safe_neh30,3627.0,122.679,120,20
36,delayed_profile_first_neh,5,6,incremental_pw_cp:safe_pw005,3603.0,186.149,120,20
36,delayed_profile_first_neh,6,6,incremental_pw_cp:safe_pw010,3603.0,87.527,120,20
36,delayed_profile_first_neh,0,6,PROBE_WINNER,3641.0,936.4030825947411,120,20
39,retained_cp_sequence_first_neh,1,6,neh_cp:safe_neh15,4194.0,203.367,160,15
39,retained_cp_sequence_first_neh,2,6,neh_cp:safe_neh20,4180.0,148.556,160,15
39,retained_cp_sequence_first_neh,3,6,neh_cp:safe_neh25,4180.0,213.899,160,15
39,retained_cp_sequence_first_neh,4,6,neh_cp:safe_neh30,4156.0,183.466,160,15
39,retained_cp_sequence_first_neh,5,6,incremental_pw_cp:safe_pw005,4148.0,226.528,160,15
39,retained_cp_sequence_first_neh,6,6,incremental_pw_cp:safe_pw010,4148.0,86.35,160,15
39,retained_cp_sequence_first_neh,0,6,PROBE_WINNER,4194.0,1007.477930684574,160,15
40,retained_cp_sequence_first_neh,1,6,neh_cp:safe_neh15,3784.0,271.727,160,20
40,retained_cp_sequence_first_neh,2,6,neh_cp:safe_neh20,3784.0,198.255,160,20
40,retained_cp_sequence_first_neh,3,6,neh_cp:safe_neh25,3784.0,284.83,160,20
40,retained_cp_sequence_first_neh,4,6,neh_cp:safe_neh30,3784.0,245.562,160,20
40,retained_cp_sequence_first_neh,5,6,incremental_pw_cp:safe_pw005,3768.0,278.396,160,20
40,retained_cp_sequence_first_neh,6,6,incremental_pw_cp:safe_pw010,3768.0,115.682,160,20
40,retained_cp_sequence_first_neh,0,6,PROBE_WINNER,3787.0,1340.2539011551999,160,20
44,safe_0504_first_neh,1,6,neh_cp:safe_neh15,5382.0,433.44,200,20
44,safe_0504_first_neh,2,6,neh_cp:safe_neh20,5382.0,309.789,200,20
44,safe_0504_first_neh,3,6,neh_cp:safe_neh25,5382.0,407.115,200,20
44,safe_0504_first_neh,4,6,neh_cp:safe_neh30,5382.0,357.712,200,20
44,safe_0504_first_neh,5,6,incremental_pw_cp:safe_pw005,5371.0,232.858,200,20
44,safe_0504_first_neh,6,6,incremental_pw_cp:safe_pw010,5371.0,145.5,200,20
44,safe_0504_first_neh,0,6,PROBE_WINNER,5382.0,1805.3966397247277,200,20
48,safe_0504_first_neh,1,6,neh_cp:safe_neh15,5196.0,593.983,240,20
48,safe_0504_first_neh,2,6,neh_cp:safe_neh20,5196.0,444.364,240,20
48,safe_0504_first_neh,3,6,neh_cp:safe_neh25,5196.0,611.279,240,20
48,safe_0504_first_neh,4,6,neh_cp:safe_neh30,5196.0,0.035,240,20
48,safe_0504_first_neh,5,6,incremental_pw_cp:safe_pw005,5189.0,308.888,240,20
48,safe_0504_first_neh,6,6,incremental_pw_cp:safe_pw010,5189.0,15.212,240,20
48,safe_0504_first_neh,0,6,PROBE_WINNER,5212.0,2315.7011025226675,240,20
49,cp_seeded_first_neh,1,6,neh_cp:safe_neh15,881.0,4.603,40,5
49,cp_seeded_first_neh,2,6,neh_cp:safe_neh20,881.0,3.115,40,5
49,cp_seeded_first_neh,3,6,neh_cp:safe_neh25,881.0,5.091,40,5
49,cp_seeded_first_neh,4,6,neh_cp:safe_neh30,881.0,5.114,40,5
49,cp_seeded_first_neh,5,6,incremental_pw_cp:safe_pw005,881.0,5.231,40,5
49,cp_seeded_first_neh,6,6,incremental_pw_cp:safe_pw010,881.0,3.14,40,5
49,cp_seeded_first_neh,0,6,PROBE_WINNER,881.0,28.89113279990852,40,5
50,cp_seeded_first_neh,1,6,neh_cp:safe_neh15,1187.0,9.314,40,10
50,cp_seeded_first_neh,2,6,neh_cp:safe_neh20,1187.0,6.179,40,10
50,cp_seeded_first_neh,3,6,neh_cp:safe_neh25,1187.0,10.142,40,10
50,cp_seeded_first_neh,4,6,neh_cp:safe_neh30,1187.0,10.248,40,10
50,cp_seeded_first_neh,5,6,incremental_pw_cp:safe_pw005,1184.0,13.634,40,10
50,cp_seeded_first_neh,6,6,incremental_pw_cp:safe_pw010,1184.0,13.581,40,10
50,cp_seeded_first_neh,0,6,PROBE_WINNER,1189.0,58.53864476131275,40,10
51,retained_cp_sequence_first_neh,1,6,neh_cp:safe_neh15,1641.0,13.826,40,15
51,retained_cp_sequence_first_neh,2,6,neh_cp:safe_neh20,1641.0,9.274,40,15
51,retained_cp_sequence_first_neh,3,6,neh_cp:safe_neh25,1631.0,15.339,40,15
51,retained_cp_sequence_first_neh,4,6,neh_cp:safe_neh30,1631.0,15.247,40,15
51,retained_cp_sequence_first_neh,5,6,incremental_pw_cp:safe_pw005,1615.0,56.255,40,15
51,retained_cp_sequence_first_neh,6,6,incremental_pw_cp:safe_pw010,1615.0,20.907,40,15
51,retained_cp_sequence_first_neh,0,6,PROBE_WINNER,1641.0,87.02205064333975,40,15
52,cp_seeded_first_neh,1,6,neh_cp:safe_neh15,1623.0,18.52,40,20
52,cp_seeded_first_neh,2,6,neh_cp:safe_neh20,1623.0,12.379,40,20
52,cp_seeded_first_neh,3,6,neh_cp:safe_neh25,1623.0,20.525,40,20
52,cp_seeded_first_neh,4,6,neh_cp:safe_neh30,1619.0,20.473,40,20
52,cp_seeded_first_neh,5,6,incremental_pw_cp:safe_pw005,1593.0,76.819,40,20
52,cp_seeded_first_neh,6,6,incremental_pw_cp:safe_pw010,1592.0,51.148,40,20
52,cp_seeded_first_neh,0,6,PROBE_WINNER,1623.0,117.1551826489158,40,20
54,safe_0504_first_neh,1,6,neh_cp:safe_neh15,1851.0,37.056,80,10
54,safe_0504_first_neh,2,6,neh_cp:safe_neh20,1851.0,24.568,80,10
54,safe_0504_first_neh,3,6,neh_cp:safe_neh25,1842.0,40.809,80,10
54,safe_0504_first_neh,4,6,neh_cp:safe_neh30,1842.0,30.463,80,10
54,safe_0504_first_neh,5,6,incremental_pw_cp:safe_pw005,1834.0,15.942,80,10
54,safe_0504_first_neh,6,6,incremental_pw_cp:safe_pw010,1834.0,8.855,80,10
54,safe_0504_first_neh,0,6,PROBE_WINNER,1851.0,259.34387499000877,80,10
55,retained_cp_sequence_first_neh,1,6,neh_cp:safe_neh15,2505.0,55.511,80,15
55,retained_cp_sequence_first_neh,2,6,neh_cp:safe_neh20,2505.0,36.889,80,15
55,retained_cp_sequence_first_neh,3,6,neh_cp:safe_neh25,2505.0,61.54,80,15
55,retained_cp_sequence_first_neh,4,6,neh_cp:safe_neh30,2505.0,45.719,80,15
55,retained_cp_sequence_first_neh,5,6,incremental_pw_cp:safe_pw005,2484.0,118.906,80,15
55,retained_cp_sequence_first_neh,6,6,incremental_pw_cp:safe_pw010,2482.0,67.545,80,15
55,retained_cp_sequence_first_neh,0,6,PROBE_WINNER,2517.0,415.067610131111,80,15
56,cp_seeded_first_neh,1,6,neh_cp:safe_neh15,2799.0,66.904,80,20
56,cp_seeded_first_neh,2,6,neh_cp:safe_neh20,2799.0,49.281,80,20
56,cp_seeded_first_neh,3,6,neh_cp:safe_neh25,2799.0,81.439,80,20
56,cp_seeded_first_neh,4,6,neh_cp:safe_neh30,2799.0,61.037,80,20
56,cp_seeded_first_neh,5,6,incremental_pw_cp:safe_pw005,2785.0,125.71,80,20
56,cp_seeded_first_neh,6,6,incremental_pw_cp:safe_pw010,2777.0,101.864,80,20
56,cp_seeded_first_neh,0,6,PROBE_WINNER,2799.0,514.179943039082,80,20
59,delayed_profile_first_neh,1,6,neh_cp:safe_neh15,2723.0,110.907,120,15
59,delayed_profile_first_neh,2,6,neh_cp:safe_neh20,2723.0,83.027,120,15
59,delayed_profile_first_neh,3,6,neh_cp:safe_neh25,2723.0,114.808,120,15
59,delayed_profile_first_neh,4,6,neh_cp:safe_neh30,2723.0,91.33,120,15
59,delayed_profile_first_neh,5,6,incremental_pw_cp:safe_pw005,2716.0,256.04,120,15
59,delayed_profile_first_neh,6,6,incremental_pw_cp:safe_pw010,2716.0,68.46,120,15
59,delayed_profile_first_neh,0,6,PROBE_WINNER,2723.0,698.1771190883592,120,15
60,cp_seeded_first_neh,1,6,neh_cp:safe_neh15,3580.0,147.663,120,20
60,cp_seeded_first_neh,2,6,neh_cp:safe_neh20,3580.0,110.552,120,20
60,cp_seeded_first_neh,3,6,neh_cp:safe_neh25,3580.0,152.942,120,20
60,cp_seeded_first_neh,4,6,neh_cp:safe_neh30,3580.0,121.896,120,20
60,cp_seeded_first_neh,5,6,incremental_pw_cp:safe_pw005,3569.0,83.83,120,20
60,cp_seeded_first_neh,6,6,incremental_pw_cp:safe_pw010,3569.0,28.906,120,20
60,cp_seeded_first_neh,0,6,PROBE_WINNER,3580.0,932.3884427780285,120,20
63,interleaved_pw_neh_basin,1,8,incremental_pw_cp:interleave_pw005_after_neh10,4091.0,153.815,160,15
63,interleaved_pw_neh_basin,2,8,neh_cp:safe_neh15,4091.0,203.981,160,15
63,interleaved_pw_neh_basin,3,8,incremental_pw_cp:interleave_pw006_after_neh15,4090.0,70.279,160,15
63,interleaved_pw_neh_basin,4,8,neh_cp:safe_neh20,4090.0,148.274,160,15
63,interleaved_pw_neh_basin,5,8,incremental_pw_cp:interleave_pw008_after_neh20,4090.0,83.298,160,15
63,interleaved_pw_neh_basin,6,8,neh_cp:safe_neh25,4090.0,213.803,160,15
63,interleaved_pw_neh_basin,7,8,neh_cp:safe_neh30,4090.0,182.95,160,15
63,interleaved_pw_neh_basin,8,8,incremental_pw_cp:safe_pw010,4090.0,90.287,160,15
63,interleaved_pw_neh_basin,0,8,PROBE_WINNER,4098.0,1007.597766356077,160,15
64,interleaved_pw_neh_basin,1,8,incremental_pw_cp:interleave_pw005_after_neh10,3919.0,153.464,160,20
64,interleaved_pw_neh_basin,2,8,neh_cp:safe_neh15,3919.0,255.774,160,20
64,interleaved_pw_neh_basin,3,8,incremental_pw_cp:interleave_pw006_after_neh15,3916.0,114.522,160,20
64,interleaved_pw_neh_basin,4,8,neh_cp:safe_neh20,3916.0,197.048,160,20
64,interleaved_pw_neh_basin,5,8,incremental_pw_cp:interleave_pw008_after_neh20,3916.0,110.628,160,20
64,interleaved_pw_neh_basin,6,8,neh_cp:safe_neh25,3916.0,284.756,160,20
64,interleaved_pw_neh_basin,7,8,neh_cp:safe_neh30,3916.0,244.462,160,20
64,interleaved_pw_neh_basin,8,8,incremental_pw_cp:safe_pw010,3916.0,116.629,160,20
64,interleaved_pw_neh_basin,0,8,PROBE_WINNER,3926.0,1336.2734473315068,160,20
68,cp_seeded_first_neh,1,6,neh_cp:safe_neh15,5431.0,432.745,200,20
68,cp_seeded_first_neh,2,6,neh_cp:safe_neh20,5431.0,309.076,200,20
68,cp_seeded_first_neh,3,6,neh_cp:safe_neh25,5431.0,408.494,200,20
68,cp_seeded_first_neh,4,6,neh_cp:safe_neh30,5431.0,357.362,200,20
68,cp_seeded_first_neh,5,6,incremental_pw_cp:safe_pw005,5416.0,227.931,200,20
68,cp_seeded_first_neh,6,6,incremental_pw_cp:safe_pw010,5415.0,172.157,200,20
68,cp_seeded_first_neh,0,6,PROBE_WINNER,5431.0,1801.8825098378584,200,20
72,safe_0504_first_neh,1,6,neh_cp:safe_neh15,5125.0,592.138,240,20
72,safe_0504_first_neh,2,6,neh_cp:safe_neh20,5123.0,446.131,240,20
72,safe_0504_first_neh,3,6,neh_cp:safe_neh25,5090.0,610.643,240,20
72,safe_0504_first_neh,4,6,neh_cp:safe_neh30,5090.0,490.117,240,20
72,safe_0504_first_neh,5,6,incremental_pw_cp:safe_pw005,5086.0,117.031,240,20
72,safe_0504_first_neh,6,6,incremental_pw_cp:safe_pw010,5086.0,0.003,240,20
72,safe_0504_first_neh,0,6,PROBE_WINNER,5125.0,2313.0546370758675,240,20
73,cp_seeded_first_neh,1,6,neh_cp:safe_neh15,854.0,4.646,40,5
73,cp_seeded_first_neh,2,6,neh_cp:safe_neh20,854.0,3.134,40,5
73,cp_seeded_first_neh,3,6,neh_cp:safe_neh25,854.0,5.128,40,5
73,cp_seeded_first_neh,4,6,neh_cp:safe_neh30,854.0,5.112,40,5
73,cp_seeded_first_neh,5,6,incremental_pw_cp:safe_pw005,851.0,7.259,40,5
73,cp_seeded_first_neh,6,6,incremental_pw_cp:safe_pw010,851.0,4.018,40,5
73,cp_seeded_first_neh,0,6,PROBE_WINNER,854.0,31.455820047296584,40,5
74,cp_seeded_first_neh,1,6,neh_cp:safe_neh15,1320.0,9.209,40,10
74,cp_seeded_first_neh,2,6,neh_cp:safe_neh20,1320.0,6.238,40,10
74,cp_seeded_first_neh,3,6,neh_cp:safe_neh25,1309.0,10.245,40,10
74,cp_seeded_first_neh,4,6,neh_cp:safe_neh30,1301.0,10.182,40,10
74,cp_seeded_first_neh,5,6,incremental_pw_cp:safe_pw005,1284.0,53.619,40,10
74,cp_seeded_first_neh,6,6,incremental_pw_cp:safe_pw010,1283.0,16.86,40,10
74,cp_seeded_first_neh,0,6,PROBE_WINNER,1320.0,58.46967264497653,40,10
75,delayed_profile_first_neh,1,6,neh_cp:safe_neh15,1386.0,11.019,40,15
75,delayed_profile_first_neh,2,6,neh_cp:safe_neh20,1386.0,9.275,40,15
75,delayed_profile_first_neh,3,6,neh_cp:safe_neh25,1386.0,15.206,40,15
75,delayed_profile_first_neh,4,6,neh_cp:safe_neh30,1386.0,15.295,40,15
75,delayed_profile_first_neh,5,6,incremental_pw_cp:safe_pw005,1382.0,70.76,40,15
75,delayed_profile_first_neh,6,6,incremental_pw_cp:safe_pw010,1382.0,36.891,40,15
75,delayed_profile_first_neh,0,6,PROBE_WINNER,1386.0,91.975172072649,40,15
76,cp_seeded_first_neh,1,6,neh_cp:safe_neh15,1594.0,18.483,40,20
76,cp_seeded_first_neh,2,6,neh_cp:safe_neh20,1594.0,12.344,40,20
76,cp_seeded_first_neh,3,6,neh_cp:safe_neh25,1594.0,20.404,40,20
76,cp_seeded_first_neh,4,6,neh_cp:safe_neh30,1594.0,20.366,40,20
76,cp_seeded_first_neh,5,6,incremental_pw_cp:safe_pw005,1591.0,33.36,40,20
76,cp_seeded_first_neh,6,6,incremental_pw_cp:safe_pw010,1591.0,13.961,40,20
76,cp_seeded_first_neh,0,6,PROBE_WINNER,1594.0,120.94022025400773,40,20
78,interleaved_pw_neh_basin,1,8,incremental_pw_cp:interleave_pw005_after_neh10,1666.0,24.213,80,10
78,interleaved_pw_neh_basin,2,8,neh_cp:safe_neh15,1666.0,36.995,80,10
78,interleaved_pw_neh_basin,3,8,incremental_pw_cp:interleave_pw006_after_neh15,1666.0,3.144,80,10
78,interleaved_pw_neh_basin,4,8,neh_cp:safe_neh20,1666.0,24.614,80,10
78,interleaved_pw_neh_basin,5,8,incremental_pw_cp:interleave_pw008_after_neh20,1666.0,7.846,80,10
78,interleaved_pw_neh_basin,6,8,neh_cp:safe_neh25,1666.0,40.792,80,10
78,interleaved_pw_neh_basin,7,8,neh_cp:safe_neh30,1666.0,30.575,80,10
78,interleaved_pw_neh_basin,8,8,incremental_pw_cp:safe_pw010,1666.0,19.254,80,10
78,interleaved_pw_neh_basin,0,8,PROBE_WINNER,1677.0,277.705621026922,80,10
79,delayed_profile_first_neh,1,6,neh_cp:safe_neh15,2582.0,55.306,80,15
79,delayed_profile_first_neh,2,6,neh_cp:safe_neh20,2582.0,36.917,80,15
79,delayed_profile_first_neh,3,6,neh_cp:safe_neh25,2582.0,61.105,80,15
79,delayed_profile_first_neh,4,6,neh_cp:safe_neh30,2582.0,45.746,80,15
79,delayed_profile_first_neh,5,6,incremental_pw_cp:safe_pw005,2564.0,113.969,80,15
79,delayed_profile_first_neh,6,6,incremental_pw_cp:safe_pw010,2561.0,22.319,80,15
79,delayed_profile_first_neh,0,6,PROBE_WINNER,2582.0,421.77960624266416,80,15
80,interleaved_pw_neh_basin,1,8,incremental_pw_cp:interleave_pw005_after_neh10,2866.0,112.927,80,20
80,interleaved_pw_neh_basin,2,8,neh_cp:safe_neh15,2866.0,74.352,80,20
80,interleaved_pw_neh_basin,3,8,incremental_pw_cp:interleave_pw006_after_neh15,2865.0,48.479,80,20
80,interleaved_pw_neh_basin,4,8,neh_cp:safe_neh20,2865.0,49.317,80,20
80,interleaved_pw_neh_basin,5,8,incremental_pw_cp:interleave_pw008_after_neh20,2865.0,52.147,80,20
80,interleaved_pw_neh_basin,6,8,neh_cp:safe_neh25,2865.0,81.94,80,20
80,interleaved_pw_neh_basin,7,8,neh_cp:safe_neh30,2865.0,61.489,80,20
80,interleaved_pw_neh_basin,8,8,incremental_pw_cp:safe_pw010,2863.0,92.028,80,20
80,interleaved_pw_neh_basin,0,8,PROBE_WINNER,2875.0,531.1930670123547,80,20
83,interleaved_pw_neh_basin,1,8,incremental_pw_cp:interleave_pw005_after_neh10,2775.0,190.766,120,15
83,interleaved_pw_neh_basin,2,8,neh_cp:safe_neh15,2775.0,110.873,120,15
83,interleaved_pw_neh_basin,3,8,incremental_pw_cp:interleave_pw006_after_neh15,2774.0,62.872,120,15
83,interleaved_pw_neh_basin,4,8,neh_cp:safe_neh20,2774.0,83.375,120,15
83,interleaved_pw_neh_basin,5,8,incremental_pw_cp:interleave_pw008_after_neh20,2774.0,71.425,120,15
83,interleaved_pw_neh_basin,6,8,neh_cp:safe_neh25,2774.0,114.31,120,15
83,interleaved_pw_neh_basin,7,8,neh_cp:safe_neh30,2774.0,91.583,120,15
83,interleaved_pw_neh_basin,8,8,incremental_pw_cp:safe_pw010,2774.0,64.96,120,15
83,interleaved_pw_neh_basin,0,8,PROBE_WINNER,2791.0,688.3008754248731,120,15
84,safe_0504_first_neh,1,6,neh_cp:safe_neh15,3637.0,147.886,120,20
84,safe_0504_first_neh,2,6,neh_cp:safe_neh20,3637.0,111.192,120,20
84,safe_0504_first_neh,3,6,neh_cp:safe_neh25,3637.0,152.93,120,20
84,safe_0504_first_neh,4,6,neh_cp:safe_neh30,3637.0,121.904,120,20
84,safe_0504_first_neh,5,6,incremental_pw_cp:safe_pw005,3617.0,252.43,120,20
84,safe_0504_first_neh,6,6,incremental_pw_cp:safe_pw010,3616.0,103.893,120,20
84,safe_0504_first_neh,0,6,PROBE_WINNER,3637.0,931.9525541407056,120,20
87,interleaved_pw_neh_basin,1,8,incremental_pw_cp:interleave_pw005_after_neh10,4220.0,75.206,160,15
87,interleaved_pw_neh_basin,2,8,neh_cp:safe_neh15,4220.0,203.939,160,15
87,interleaved_pw_neh_basin,3,8,incremental_pw_cp:interleave_pw006_after_neh15,4219.0,126.679,160,15
87,interleaved_pw_neh_basin,4,8,neh_cp:safe_neh20,4219.0,147.829,160,15
87,interleaved_pw_neh_basin,5,8,incremental_pw_cp:interleave_pw008_after_neh20,4219.0,119.672,160,15
87,interleaved_pw_neh_basin,6,8,neh_cp:safe_neh25,4219.0,213.979,160,15
87,interleaved_pw_neh_basin,7,8,neh_cp:safe_neh30,4219.0,183.369,160,15
87,interleaved_pw_neh_basin,8,8,incremental_pw_cp:safe_pw010,4219.0,119.448,160,15
87,interleaved_pw_neh_basin,0,8,PROBE_WINNER,4229.0,1001.4156244760379,160,15
88,retained_cp_sequence_first_neh,1,6,neh_cp:safe_neh15,3716.0,271.848,160,20
88,retained_cp_sequence_first_neh,2,6,neh_cp:safe_neh20,3709.0,197.675,160,20
88,retained_cp_sequence_first_neh,3,6,neh_cp:safe_neh25,3709.0,285.781,160,20
88,retained_cp_sequence_first_neh,4,6,neh_cp:safe_neh30,3709.0,244.521,160,20
88,retained_cp_sequence_first_neh,5,6,incremental_pw_cp:safe_pw005,3699.0,216.164,160,20
88,retained_cp_sequence_first_neh,6,6,incremental_pw_cp:safe_pw010,3699.0,116.437,160,20
88,retained_cp_sequence_first_neh,0,6,PROBE_WINNER,3735.0,1342.1233750646934,160,20
92,interleaved_pw_neh_basin,1,8,incremental_pw_cp:interleave_pw005_after_neh10,4448.0,250.165,200,20
92,interleaved_pw_neh_basin,2,8,neh_cp:safe_neh15,4448.0,432.98,200,20
92,interleaved_pw_neh_basin,3,8,incremental_pw_cp:interleave_pw006_after_neh15,4448.0,126.139,200,20
92,interleaved_pw_neh_basin,4,8,neh_cp:safe_neh20,4448.0,309.28,200,20
92,interleaved_pw_neh_basin,5,8,incremental_pw_cp:interleave_pw008_after_neh20,4440.0,264.498,200,20
92,interleaved_pw_neh_basin,6,8,neh_cp:safe_neh25,4440.0,407.614,200,20
92,interleaved_pw_neh_basin,7,8,neh_cp:safe_neh30,4440.0,357.142,200,20
92,interleaved_pw_neh_basin,8,8,incremental_pw_cp:safe_pw010,4439.0,92.56,200,20
92,interleaved_pw_neh_basin,0,8,PROBE_WINNER,4468.0,1797.8997834436595,200,20
96,delayed_profile_first_neh,1,6,neh_cp:safe_neh15,6180.0,593.221,240,20
96,delayed_profile_first_neh,2,6,neh_cp:safe_neh20,6180.0,445.012,240,20
96,delayed_profile_first_neh,3,6,neh_cp:safe_neh25,6180.0,610.997,240,20
96,delayed_profile_first_neh,4,6,neh_cp:safe_neh30,6180.0,489.437,240,20
96,delayed_profile_first_neh,5,6,incremental_pw_cp:safe_pw005,6176.0,272.938,240,20
96,delayed_profile_first_neh,6,6,incremental_pw_cp:safe_pw010,6176.0,47.906,240,20
96,delayed_profile_first_neh,0,6,PROBE_WINNER,6186.0,2316.5086276554503,240,20
97,safe_0504_first_neh,1,6,neh_cp:safe_neh15,768.0,4.649,40,5
97,safe_0504_first_neh,2,6,neh_cp:safe_neh20,768.0,3.113,40,5
97,safe_0504_first_neh,3,6,neh_cp:safe_neh25,768.0,5.113,40,5
97,safe_0504_first_neh,4,6,neh_cp:safe_neh30,768.0,5.129,40,5
97,safe_0504_first_neh,5,6,incremental_pw_cp:safe_pw005,765.0,4.877,40,5
97,safe_0504_first_neh,6,6,incremental_pw_cp:safe_pw010,765.0,0.0,40,5
97,safe_0504_first_neh,0,6,PROBE_WINNER,768.0,31.762589706573635,40,5
98,delayed_profile_first_neh,1,6,neh_cp:safe_neh15,1332.0,9.24,40,10
98,delayed_profile_first_neh,2,6,neh_cp:safe_neh20,1323.0,6.18,40,10
98,delayed_profile_first_neh,3,6,neh_cp:safe_neh25,1323.0,10.237,40,10
98,delayed_profile_first_neh,4,6,neh_cp:safe_neh30,1323.0,10.204,40,10
98,delayed_profile_first_neh,5,6,incremental_pw_cp:safe_pw005,1319.0,14.383,40,10
98,delayed_profile_first_neh,6,6,incremental_pw_cp:safe_pw010,1317.0,11.461,40,10
98,delayed_profile_first_neh,0,6,PROBE_WINNER,1332.0,60.33209300879389,40,10
99,retained_cp_sequence_first_neh,1,6,neh_cp:safe_neh15,1339.0,13.932,40,15
99,retained_cp_sequence_first_neh,2,6,neh_cp:safe_neh20,1339.0,9.28,40,15
99,retained_cp_sequence_first_neh,3,6,neh_cp:safe_neh25,1329.0,15.325,40,15
99,retained_cp_sequence_first_neh,4,6,neh_cp:safe_neh30,1329.0,15.298,40,15
99,retained_cp_sequence_first_neh,5,6,incremental_pw_cp:safe_pw005,1329.0,18.238,40,15
99,retained_cp_sequence_first_neh,6,6,incremental_pw_cp:safe_pw010,1328.0,26.972,40,15
99,retained_cp_sequence_first_neh,0,6,PROBE_WINNER,1339.0,86.21420058142394,40,15
100,cp_seeded_first_neh,1,6,neh_cp:safe_neh15,1647.0,15.185,40,20
100,cp_seeded_first_neh,2,6,neh_cp:safe_neh20,1642.0,12.41,40,20
100,cp_seeded_first_neh,3,6,neh_cp:safe_neh25,1620.0,20.376,40,20
100,cp_seeded_first_neh,4,6,neh_cp:safe_neh30,1620.0,20.373,40,20
100,cp_seeded_first_neh,5,6,incremental_pw_cp:safe_pw005,1615.0,70.241,40,20
100,cp_seeded_first_neh,6,6,incremental_pw_cp:safe_pw010,1613.0,34.338,40,20
100,cp_seeded_first_neh,0,6,PROBE_WINNER,1652.0,120.41287373751402,40,20
102,retained_cp_sequence_first_neh,1,6,neh_cp:safe_neh15,1689.0,37.115,80,10
102,retained_cp_sequence_first_neh,2,6,neh_cp:safe_neh20,1689.0,24.607,80,10
102,retained_cp_sequence_first_neh,3,6,neh_cp:safe_neh25,1685.0,40.802,80,10
102,retained_cp_sequence_first_neh,4,6,neh_cp:safe_neh30,1682.0,30.531,80,10
102,retained_cp_sequence_first_neh,5,6,incremental_pw_cp:safe_pw005,1671.0,74.439,80,10
102,retained_cp_sequence_first_neh,6,6,incremental_pw_cp:safe_pw010,1671.0,47.048,80,10
102,retained_cp_sequence_first_neh,0,6,PROBE_WINNER,1692.0,252.9015969694592,80,10
103,retained_cp_sequence_first_neh,1,6,neh_cp:safe_neh15,2131.0,55.4,80,15
103,retained_cp_sequence_first_neh,2,6,neh_cp:safe_neh20,2131.0,36.972,80,15
103,retained_cp_sequence_first_neh,3,6,neh_cp:safe_neh25,2131.0,61.042,80,15
103,retained_cp_sequence_first_neh,4,6,neh_cp:safe_neh30,2131.0,45.77,80,15
103,retained_cp_sequence_first_neh,5,6,incremental_pw_cp:safe_pw005,2116.0,117.647,80,15
103,retained_cp_sequence_first_neh,6,6,incremental_pw_cp:safe_pw010,2116.0,42.957,80,15
103,retained_cp_sequence_first_neh,0,6,PROBE_WINNER,2133.0,390.3191507519223,80,15
104,retained_cp_sequence_first_neh,1,6,neh_cp:safe_neh15,2359.0,73.874,80,20
104,retained_cp_sequence_first_neh,2,6,neh_cp:safe_neh20,2359.0,49.361,80,20
104,retained_cp_sequence_first_neh,3,6,neh_cp:safe_neh25,2359.0,81.572,80,20
104,retained_cp_sequence_first_neh,4,6,neh_cp:safe_neh30,2359.0,61.069,80,20
104,retained_cp_sequence_first_neh,5,6,incremental_pw_cp:safe_pw005,2353.0,121.314,80,20
104,retained_cp_sequence_first_neh,6,6,incremental_pw_cp:safe_pw010,2352.0,81.603,80,20
104,retained_cp_sequence_first_neh,0,6,PROBE_WINNER,2359.0,521.3197645572945,80,20
107,delayed_profile_first_neh,1,6,neh_cp:safe_neh15,3310.0,110.899,120,15
107,delayed_profile_first_neh,2,6,neh_cp:safe_neh20,3310.0,83.379,120,15
107,delayed_profile_first_neh,3,6,neh_cp:safe_neh25,3310.0,114.36,120,15
107,delayed_profile_first_neh,4,6,neh_cp:safe_neh30,3310.0,91.568,120,15
107,delayed_profile_first_neh,5,6,incremental_pw_cp:safe_pw005,3304.0,271.476,120,15
107,delayed_profile_first_neh,6,6,incremental_pw_cp:safe_pw010,3303.0,120.691,120,15
107,delayed_profile_first_neh,0,6,PROBE_WINNER,3310.0,695.5538204205222,120,15
108,retained_cp_sequence_first_neh,1,6,neh_cp:safe_neh15,3658.0,147.778,120,20
108,retained_cp_sequence_first_neh,2,6,neh_cp:safe_neh20,3646.0,111.416,120,20
108,retained_cp_sequence_first_neh,3,6,neh_cp:safe_neh25,3646.0,153.299,120,20
108,retained_cp_sequence_first_neh,4,6,neh_cp:safe_neh30,3646.0,122.24,120,20
108,retained_cp_sequence_first_neh,5,6,incremental_pw_cp:safe_pw005,3616.0,158.501,120,20
108,retained_cp_sequence_first_neh,6,6,incremental_pw_cp:safe_pw010,3616.0,86.468,120,20
108,retained_cp_sequence_first_neh,0,6,PROBE_WINNER,3658.0,931.7707695122808,120,20
111,cp_seeded_first_neh,1,6,neh_cp:safe_neh15,3549.0,203.698,160,15
111,cp_seeded_first_neh,2,6,neh_cp:safe_neh20,3549.0,148.543,160,15
111,cp_seeded_first_neh,3,6,neh_cp:safe_neh25,3549.0,213.649,160,15
111,cp_seeded_first_neh,4,6,neh_cp:safe_neh30,3549.0,183.995,160,15
111,cp_seeded_first_neh,5,6,incremental_pw_cp:safe_pw005,3543.0,165.244,160,15
111,cp_seeded_first_neh,6,6,incremental_pw_cp:safe_pw010,3543.0,117.554,160,15
111,cp_seeded_first_neh,0,6,PROBE_WINNER,3568.0,1001.2168772383593,160,15
112,cp_seeded_first_neh,1,6,neh_cp:safe_neh15,3792.0,256.317,160,20
112,cp_seeded_first_neh,2,6,neh_cp:safe_neh20,3792.0,197.735,160,20
112,cp_seeded_first_neh,3,6,neh_cp:safe_neh25,3785.0,285.773,160,20
112,cp_seeded_first_neh,4,6,neh_cp:safe_neh30,3781.0,245.058,160,20
112,cp_seeded_first_neh,5,6,incremental_pw_cp:safe_pw005,3767.0,391.434,160,20
112,cp_seeded_first_neh,6,6,incremental_pw_cp:safe_pw010,3767.0,115.547,160,20
112,cp_seeded_first_neh,0,6,PROBE_WINNER,3792.0,1358.6297346269712,160,20
116,retained_cp_sequence_first_neh,1,6,neh_cp:safe_neh15,4464.0,432.519,200,20
116,retained_cp_sequence_first_neh,2,6,neh_cp:safe_neh20,4464.0,309.271,200,20
116,retained_cp_sequence_first_neh,3,6,neh_cp:safe_neh25,4464.0,407.11,200,20
116,retained_cp_sequence_first_neh,4,6,neh_cp:safe_neh30,4464.0,357.32,200,20
116,retained_cp_sequence_first_neh,5,6,incremental_pw_cp:safe_pw005,4455.0,186.714,200,20
116,retained_cp_sequence_first_neh,6,6,incremental_pw_cp:safe_pw010,4455.0,156.381,200,20
116,retained_cp_sequence_first_neh,0,6,PROBE_WINNER,4468.0,1805.8734525921755,200,20
120,safe_0504_first_neh,1,6,neh_cp:safe_neh15,6152.0,593.356,240,20
120,safe_0504_first_neh,2,6,neh_cp:safe_neh20,6152.0,444.91,240,20
120,safe_0504_first_neh,3,6,neh_cp:safe_neh25,6152.0,612.353,240,20
120,safe_0504_first_neh,4,6,neh_cp:safe_neh30,6152.0,489.32,240,20
120,safe_0504_first_neh,5,6,incremental_pw_cp:safe_pw005,6151.0,338.326,240,20
120,safe_0504_first_neh,6,6,incremental_pw_cp:safe_pw010,6151.0,0.003,240,20
120,safe_0504_first_neh,0,6,PROBE_WINNER,6152.0,2317.189256278798,240,20
121,cp_seeded_first_neh,1,6,neh_cp:safe_neh15,888.0,4.659,40,5
121,cp_seeded_first_neh,2,6,neh_cp:safe_neh20,888.0,3.078,40,5
121,cp_seeded_first_neh,3,6,neh_cp:safe_neh25,888.0,5.099,40,5
121,cp_seeded_first_neh,4,6,neh_cp:safe_neh30,888.0,5.084,40,5
121,cp_seeded_first_neh,5,6,incremental_pw_cp:safe_pw005,887.0,2.365,40,5
121,cp_seeded_first_neh,6,6,incremental_pw_cp:safe_pw010,887.0,1.749,40,5
121,cp_seeded_first_neh,0,6,PROBE_WINNER,889.0,31.066663140431046,40,5
122,retained_cp_sequence_first_neh,1,6,neh_cp:safe_neh15,1300.0,9.222,40,10
122,retained_cp_sequence_first_neh,2,6,neh_cp:safe_neh20,1300.0,6.198,40,10
122,retained_cp_sequence_first_neh,3,6,neh_cp:safe_neh25,1300.0,10.222,40,10
122,retained_cp_sequence_first_neh,4,6,neh_cp:safe_neh30,1300.0,10.178,40,10
122,retained_cp_sequence_first_neh,5,6,incremental_pw_cp:safe_pw005,1297.0,30.311,40,10
122,retained_cp_sequence_first_neh,6,6,incremental_pw_cp:safe_pw010,1297.0,7.136,40,10
122,retained_cp_sequence_first_neh,0,6,PROBE_WINNER,1300.0,60.85455429088324,40,10
123,interleaved_pw_neh_basin,1,8,incremental_pw_cp:interleave_pw005_after_neh10,1226.0,26.637,40,15
123,interleaved_pw_neh_basin,2,8,neh_cp:safe_neh15,1226.0,13.808,40,15
123,interleaved_pw_neh_basin,3,8,incremental_pw_cp:interleave_pw006_after_neh15,1225.0,20.048,40,15
123,interleaved_pw_neh_basin,4,8,neh_cp:safe_neh20,1225.0,9.23,40,15
123,interleaved_pw_neh_basin,5,8,incremental_pw_cp:interleave_pw008_after_neh20,1219.0,58.613,40,15
123,interleaved_pw_neh_basin,6,8,neh_cp:safe_neh25,1219.0,15.221,40,15
123,interleaved_pw_neh_basin,7,8,neh_cp:safe_neh30,1219.0,15.255,40,15
123,interleaved_pw_neh_basin,8,8,incremental_pw_cp:safe_pw010,1219.0,27.993,40,15
123,interleaved_pw_neh_basin,0,8,PROBE_WINNER,1235.0,89.45819022879004,40,15
124,retained_cp_sequence_first_neh,1,6,neh_cp:safe_neh15,1979.0,15.183,40,20
124,retained_cp_sequence_first_neh,2,6,neh_cp:safe_neh20,1979.0,12.416,40,20
124,retained_cp_sequence_first_neh,3,6,neh_cp:safe_neh25,1979.0,20.355,40,20
124,retained_cp_sequence_first_neh,4,6,neh_cp:safe_neh30,1979.0,20.563,40,20
124,retained_cp_sequence_first_neh,5,6,incremental_pw_cp:safe_pw005,1969.0,70.287,40,20
124,retained_cp_sequence_first_neh,6,6,incremental_pw_cp:safe_pw010,1969.0,28.694,40,20
124,retained_cp_sequence_first_neh,0,6,PROBE_WINNER,1979.0,121.13065878022462,40,20
126,cp_seeded_first_neh,1,6,neh_cp:safe_neh15,1857.0,36.913,80,10
126,cp_seeded_first_neh,2,6,neh_cp:safe_neh20,1857.0,24.633,80,10
126,cp_seeded_first_neh,3,6,neh_cp:safe_neh25,1857.0,40.721,80,10
126,cp_seeded_first_neh,4,6,neh_cp:safe_neh30,1857.0,30.582,80,10
126,cp_seeded_first_neh,5,6,incremental_pw_cp:safe_pw005,1856.0,47.265,80,10
126,cp_seeded_first_neh,6,6,incremental_pw_cp:safe_pw010,1856.0,18.013,80,10
126,cp_seeded_first_neh,0,6,PROBE_WINNER,1857.0,258.22380970977247,80,10
127,delayed_profile_first_neh,1,6,neh_cp:safe_neh15,2027.0,55.493,80,15
127,delayed_profile_first_neh,2,6,neh_cp:safe_neh20,2027.0,36.935,80,15
127,delayed_profile_first_neh,3,6,neh_cp:safe_neh25,2027.0,61.378,80,15
127,delayed_profile_first_neh,4,6,neh_cp:safe_neh30,2027.0,45.769,80,15
127,delayed_profile_first_neh,5,6,incremental_pw_cp:safe_pw005,2022.0,80.16,80,15
127,delayed_profile_first_neh,6,6,incremental_pw_cp:safe_pw010,2022.0,64.404,80,15
127,delayed_profile_first_neh,0,6,PROBE_WINNER,2038.0,388.66322676325217,80,15
128,retained_cp_sequence_first_neh,1,6,neh_cp:safe_neh15,2401.0,74.238,80,20
128,retained_cp_sequence_first_neh,2,6,neh_cp:safe_neh20,2401.0,49.372,80,20
128,retained_cp_sequence_first_neh,3,6,neh_cp:safe_neh25,2401.0,81.625,80,20
128,retained_cp_sequence_first_neh,4,6,neh_cp:safe_neh30,2401.0,60.947,80,20
128,retained_cp_sequence_first_neh,5,6,incremental_pw_cp:safe_pw005,2398.0,89.536,80,20
128,retained_cp_sequence_first_neh,6,6,incremental_pw_cp:safe_pw010,2393.0,91.575,80,20
128,retained_cp_sequence_first_neh,0,6,PROBE_WINNER,2401.0,517.7500316072255,80,20
131,retained_cp_sequence_first_neh,1,6,neh_cp:safe_neh15,3303.0,110.996,120,15
131,retained_cp_sequence_first_neh,2,6,neh_cp:safe_neh20,3303.0,83.15,120,15
131,retained_cp_sequence_first_neh,3,6,neh_cp:safe_neh25,3303.0,114.502,120,15
131,retained_cp_sequence_first_neh,4,6,neh_cp:safe_neh30,3303.0,91.632,120,15
131,retained_cp_sequence_first_neh,5,6,incremental_pw_cp:safe_pw005,3275.0,134.32,120,15
131,retained_cp_sequence_first_neh,6,6,incremental_pw_cp:safe_pw010,3275.0,59.504,120,15
131,retained_cp_sequence_first_neh,0,6,PROBE_WINNER,3303.0,698.8009500168264,120,15
132,interleaved_pw_neh_basin,1,8,incremental_pw_cp:interleave_pw005_after_neh10,3059.0,166.368,120,20
132,interleaved_pw_neh_basin,2,8,neh_cp:safe_neh15,3059.0,136.959,120,20
132,interleaved_pw_neh_basin,3,8,incremental_pw_cp:interleave_pw006_after_neh15,3059.0,43.542,120,20
132,interleaved_pw_neh_basin,4,8,neh_cp:safe_neh20,3059.0,110.707,120,20
132,interleaved_pw_neh_basin,5,8,incremental_pw_cp:interleave_pw008_after_neh20,3059.0,95.143,120,20
132,interleaved_pw_neh_basin,6,8,neh_cp:safe_neh25,3059.0,152.622,120,20
132,interleaved_pw_neh_basin,7,8,neh_cp:safe_neh30,3059.0,122.892,120,20
132,interleaved_pw_neh_basin,8,8,incremental_pw_cp:safe_pw010,3059.0,86.74,120,20
132,interleaved_pw_neh_basin,0,8,PROBE_WINNER,3075.0,889.0051409951411,120,20
135,safe_0504_first_neh,1,6,neh_cp:safe_neh15,3476.0,203.958,160,15
135,safe_0504_first_neh,2,6,neh_cp:safe_neh20,3476.0,148.388,160,15
135,safe_0504_first_neh,3,6,neh_cp:safe_neh25,3476.0,214.063,160,15
135,safe_0504_first_neh,4,6,neh_cp:safe_neh30,3476.0,183.576,160,15
135,safe_0504_first_neh,5,6,incremental_pw_cp:safe_pw005,3452.0,185.062,160,15
135,safe_0504_first_neh,6,6,incremental_pw_cp:safe_pw010,3452.0,86.565,160,15
135,safe_0504_first_neh,0,6,PROBE_WINNER,3476.0,1009.0744024766609,160,15
136,safe_0504_first_neh,1,6,neh_cp:safe_neh15,3759.0,272.566,160,20
136,safe_0504_first_neh,2,6,neh_cp:safe_neh20,3759.0,197.933,160,20
136,safe_0504_first_neh,3,6,neh_cp:safe_neh25,3759.0,284.948,160,20
136,safe_0504_first_neh,4,6,neh_cp:safe_neh30,3759.0,243.867,160,20
136,safe_0504_first_neh,5,6,incremental_pw_cp:safe_pw005,3750.0,232.986,160,20
136,safe_0504_first_neh,6,6,incremental_pw_cp:safe_pw010,3748.0,228.378,160,20
136,safe_0504_first_neh,0,6,PROBE_WINNER,3759.0,1344.4202512390912,160,20
139,interleaved_pw_neh_basin,1,8,incremental_pw_cp:interleave_pw005_after_neh10,5586.0,10.198,200,15
139,interleaved_pw_neh_basin,2,8,neh_cp:safe_neh15,5586.0,323.93,200,15
139,interleaved_pw_neh_basin,3,8,incremental_pw_cp:interleave_pw006_after_neh15,5586.0,13.336,200,15
139,interleaved_pw_neh_basin,4,8,neh_cp:safe_neh20,5586.0,231.57,200,15
139,interleaved_pw_neh_basin,5,8,incremental_pw_cp:interleave_pw008_after_neh20,5586.0,50.519,200,15
139,interleaved_pw_neh_basin,6,8,neh_cp:safe_neh25,5586.0,306.251,200,15
139,interleaved_pw_neh_basin,7,8,neh_cp:safe_neh30,5586.0,267.293,200,15
139,interleaved_pw_neh_basin,8,8,incremental_pw_cp:safe_pw010,5586.0,71.561,200,15
139,interleaved_pw_neh_basin,0,8,PROBE_WINNER,5586.0,1322.7317438591272,200,15
140,safe_0504_first_neh,1,6,neh_cp:safe_neh15,4477.0,432.17,200,20
140,safe_0504_first_neh,2,6,neh_cp:safe_neh20,4476.0,309.184,200,20
140,safe_0504_first_neh,3,6,neh_cp:safe_neh25,4476.0,406.731,200,20
140,safe_0504_first_neh,4,6,neh_cp:safe_neh30,4476.0,358.367,200,20
140,safe_0504_first_neh,5,6,incremental_pw_cp:safe_pw005,4475.0,548.356,200,20
140,safe_0504_first_neh,6,6,incremental_pw_cp:safe_pw010,4475.0,136.095,200,20
140,safe_0504_first_neh,0,6,PROBE_WINNER,4477.0,1809.516084392555,200,20
142,delayed_profile_first_neh,1,6,neh_cp:safe_neh15,5898.0,295.924,240,10
142,delayed_profile_first_neh,2,6,neh_cp:safe_neh20,5898.0,222.156,240,10
142,delayed_profile_first_neh,3,6,neh_cp:safe_neh25,5898.0,305.589,240,10
142,delayed_profile_first_neh,4,6,neh_cp:safe_neh30,5898.0,244.846,240,10
142,delayed_profile_first_neh,5,6,incremental_pw_cp:safe_pw005,5898.0,77.727,240,10
142,delayed_profile_first_neh,6,6,incremental_pw_cp:safe_pw010,5898.0,93.329,240,10
142,delayed_profile_first_neh,0,6,PROBE_WINNER,5898.0,1137.9390892116353,240,10
144,cp_seeded_first_neh,1,6,neh_cp:safe_neh15,6217.0,593.393,240,20
144,cp_seeded_first_neh,2,6,neh_cp:safe_neh20,6217.0,444.837,240,20
144,cp_seeded_first_neh,3,6,neh_cp:safe_neh25,6217.0,610.282,240,20
144,cp_seeded_first_neh,4,6,neh_cp:safe_neh30,6217.0,489.805,240,20
144,cp_seeded_first_neh,5,6,incremental_pw_cp:safe_pw005,6212.0,333.266,240,20
144,cp_seeded_first_neh,6,6,incremental_pw_cp:safe_pw010,6212.0,0.004,240,20
144,cp_seeded_first_neh,0,6,PROBE_WINNER,6224.0,2302.9715912849642,240,20
145,retained_cp_sequence_first_neh,1,6,neh_cp:safe_neh15,782.0,4.633,40,5
145,retained_cp_sequence_first_neh,2,6,neh_cp:safe_neh20,782.0,3.115,40,5
145,retained_cp_sequence_first_neh,3,6,neh_cp:safe_neh25,782.0,5.108,40,5
145,retained_cp_sequence_first_neh,4,6,neh_cp:safe_neh30,782.0,5.089,40,5
145,retained_cp_sequence_first_neh,5,6,incremental_pw_cp:safe_pw005,780.0,20.489,40,5
145,retained_cp_sequence_first_neh,6,6,incremental_pw_cp:safe_pw010,780.0,7.554,40,5
145,retained_cp_sequence_first_neh,0,6,PROBE_WINNER,782.0,28.439984634052962,40,5
146,retained_cp_sequence_first_neh,1,6,neh_cp:safe_neh15,1146.0,7.838,40,10
146,retained_cp_sequence_first_neh,2,6,neh_cp:safe_neh20,1146.0,6.202,40,10
146,retained_cp_sequence_first_neh,3,6,neh_cp:safe_neh25,1142.0,10.225,40,10
146,retained_cp_sequence_first_neh,4,6,neh_cp:safe_neh30,1142.0,10.167,40,10
146,retained_cp_sequence_first_neh,5,6,incremental_pw_cp:safe_pw005,1142.0,10.034,40,10
146,retained_cp_sequence_first_neh,6,6,incremental_pw_cp:safe_pw010,1141.0,15.166,40,10
146,retained_cp_sequence_first_neh,0,6,PROBE_WINNER,1146.0,63.384922452270985,40,10
147,delayed_profile_first_neh,1,6,neh_cp:safe_neh15,1318.0,11.183,40,15
147,delayed_profile_first_neh,2,6,neh_cp:safe_neh20,1304.0,9.3,40,15
147,delayed_profile_first_neh,3,6,neh_cp:safe_neh25,1304.0,15.283,40,15
147,delayed_profile_first_neh,4,6,neh_cp:safe_neh30,1301.0,15.342,40,15
147,delayed_profile_first_neh,5,6,incremental_pw_cp:safe_pw005,1294.0,50.06,40,15
147,delayed_profile_first_neh,6,6,incremental_pw_cp:safe_pw010,1289.0,79.449,40,15
147,delayed_profile_first_neh,0,6,PROBE_WINNER,1318.0,87.16078286012635,40,15
148,cp_seeded_first_neh,1,6,neh_cp:safe_neh15,2815.0,18.445,40,20
148,cp_seeded_first_neh,2,6,neh_cp:safe_neh20,2815.0,12.333,40,20
148,cp_seeded_first_neh,3,6,neh_cp:safe_neh25,2815.0,20.389,40,20
148,cp_seeded_first_neh,4,6,neh_cp:safe_neh30,2777.0,20.497,40,20
148,cp_seeded_first_neh,5,6,incremental_pw_cp:safe_pw005,2777.0,5.712,40,20
148,cp_seeded_first_neh,6,6,incremental_pw_cp:safe_pw010,2763.0,24.478,40,20
148,cp_seeded_first_neh,0,6,PROBE_WINNER,2815.0,143.8942336863838,40,20
150,cp_seeded_first_neh,1,6,neh_cp:safe_neh15,1790.0,37.057,80,10
150,cp_seeded_first_neh,2,6,neh_cp:safe_neh20,1790.0,24.74,80,10
150,cp_seeded_first_neh,3,6,neh_cp:safe_neh25,1790.0,40.836,80,10
150,cp_seeded_first_neh,4,6,neh_cp:safe_neh30,1790.0,30.598,80,10
150,cp_seeded_first_neh,5,6,incremental_pw_cp:safe_pw005,1778.0,82.498,80,10
150,cp_seeded_first_neh,6,6,incremental_pw_cp:safe_pw010,1778.0,44.273,80,10
150,cp_seeded_first_neh,0,6,PROBE_WINNER,1790.0,258.19746077712625,80,10
151,safe_0504_first_neh,1,6,neh_cp:safe_neh15,2527.0,55.353,80,15
151,safe_0504_first_neh,2,6,neh_cp:safe_neh20,2522.0,36.933,80,15
151,safe_0504_first_neh,3,6,neh_cp:safe_neh25,2522.0,61.216,80,15
151,safe_0504_first_neh,4,6,neh_cp:safe_neh30,2522.0,46.009,80,15
151,safe_0504_first_neh,5,6,incremental_pw_cp:safe_pw005,2507.0,41.5,80,15
151,safe_0504_first_neh,6,6,incremental_pw_cp:safe_pw010,2505.0,56.275,80,15
151,safe_0504_first_neh,0,6,PROBE_WINNER,2527.0,387.0570678547956,80,15
152,delayed_profile_first_neh,1,6,neh_cp:safe_neh15,2452.0,74.117,80,20
152,delayed_profile_first_neh,2,6,neh_cp:safe_neh20,2446.0,49.31,80,20
152,delayed_profile_first_neh,3,6,neh_cp:safe_neh25,2433.0,81.727,80,20
152,delayed_profile_first_neh,4,6,neh_cp:safe_neh30,2433.0,61.321,80,20
152,delayed_profile_first_neh,5,6,incremental_pw_cp:safe_pw005,2423.0,45.918,80,20
152,delayed_profile_first_neh,6,6,incremental_pw_cp:safe_pw010,2422.0,33.274,80,20
152,delayed_profile_first_neh,0,6,PROBE_WINNER,2452.0,524.9597252709791,80,20
155,delayed_profile_first_neh,1,6,neh_cp:safe_neh15,3319.0,110.7,120,15
155,delayed_profile_first_neh,2,6,neh_cp:safe_neh20,3319.0,83.226,120,15
155,delayed_profile_first_neh,3,6,neh_cp:safe_neh25,3319.0,114.439,120,15
155,delayed_profile_first_neh,4,6,neh_cp:safe_neh30,3319.0,92.305,120,15
155,delayed_profile_first_neh,5,6,incremental_pw_cp:safe_pw005,3309.0,248.253,120,15
155,delayed_profile_first_neh,6,6,incremental_pw_cp:safe_pw010,3309.0,73.337,120,15
155,delayed_profile_first_neh,0,6,PROBE_WINNER,3319.0,702.2773566870019,120,15
156,retained_cp_sequence_first_neh,1,6,neh_cp:safe_neh15,3023.0,148.116,120,20
156,retained_cp_sequence_first_neh,2,6,neh_cp:safe_neh20,3023.0,111.211,120,20
156,retained_cp_sequence_first_neh,3,6,neh_cp:safe_neh25,3023.0,152.973,120,20
156,retained_cp_sequence_first_neh,4,6,neh_cp:safe_neh30,3023.0,122.416,120,20
156,retained_cp_sequence_first_neh,5,6,incremental_pw_cp:safe_pw005,3012.0,254.581,120,20
156,retained_cp_sequence_first_neh,6,6,incremental_pw_cp:safe_pw010,3012.0,85.727,120,20
156,retained_cp_sequence_first_neh,0,6,PROBE_WINNER,3023.0,931.5288425665349,120,20
159,delayed_profile_first_neh,1,6,neh_cp:safe_neh15,4254.0,204.68,160,15
159,delayed_profile_first_neh,2,6,neh_cp:safe_neh20,4254.0,148.802,160,15
159,delayed_profile_first_neh,3,6,neh_cp:safe_neh25,4254.0,213.971,160,15
159,delayed_profile_first_neh,4,6,neh_cp:safe_neh30,4254.0,183.286,160,15
159,delayed_profile_first_neh,5,6,incremental_pw_cp:safe_pw005,4250.0,174.962,160,15
159,delayed_profile_first_neh,6,6,incremental_pw_cp:safe_pw010,4250.0,87.434,160,15
159,delayed_profile_first_neh,0,6,PROBE_WINNER,4254.0,1012.8563917079009,160,15
160,cp_seeded_first_neh,1,6,neh_cp:safe_neh15,3781.0,271.312,160,20
160,cp_seeded_first_neh,2,6,neh_cp:safe_neh20,3781.0,197.185,160,20
160,cp_seeded_first_neh,3,6,neh_cp:safe_neh25,3781.0,284.64,160,20
160,cp_seeded_first_neh,4,6,neh_cp:safe_neh30,3781.0,244.662,160,20
160,cp_seeded_first_neh,5,6,incremental_pw_cp:safe_pw005,3777.0,111.0,160,20
160,cp_seeded_first_neh,6,6,incremental_pw_cp:safe_pw010,3777.0,107.613,160,20
160,cp_seeded_first_neh,0,6,PROBE_WINNER,3786.0,1345.1427065720782,160,20
164,retained_cp_sequence_first_neh,1,6,neh_cp:safe_neh15,4300.0,432.175,200,20
164,retained_cp_sequence_first_neh,2,6,neh_cp:safe_neh20,4300.0,308.508,200,20
164,retained_cp_sequence_first_neh,3,6,neh_cp:safe_neh25,4300.0,407.613,200,20
164,retained_cp_sequence_first_neh,4,6,neh_cp:safe_neh30,4300.0,356.916,200,20
164,retained_cp_sequence_first_neh,5,6,incremental_pw_cp:safe_pw005,4296.0,217.051,200,20
164,retained_cp_sequence_first_neh,6,6,incremental_pw_cp:safe_pw010,4296.0,145.969,200,20
164,retained_cp_sequence_first_neh,0,6,PROBE_WINNER,4300.0,1803.4749114857987,200,20
168,safe_0504_first_neh,1,6,neh_cp:safe_neh15,6254.0,592.706,240,20
168,safe_0504_first_neh,2,6,neh_cp:safe_neh20,6254.0,445.136,240,20
168,safe_0504_first_neh,3,6,neh_cp:safe_neh25,6254.0,612.337,240,20
168,safe_0504_first_neh,4,6,neh_cp:safe_neh30,6254.0,488.89,240,20
168,safe_0504_first_neh,5,6,incremental_pw_cp:safe_pw005,6247.0,191.218,240,20
168,safe_0504_first_neh,6,6,incremental_pw_cp:safe_pw010,6247.0,0.004,240,20
168,safe_0504_first_neh,0,6,PROBE_WINNER,6279.0,2301.302462490741,240,20
169,delayed_profile_first_neh,1,6,neh_cp:safe_neh15,1012.0,4.659,40,5
169,delayed_profile_first_neh,2,6,neh_cp:safe_neh20,1012.0,3.062,40,5
169,delayed_profile_first_neh,3,6,neh_cp:safe_neh25,1012.0,5.12,40,5
169,delayed_profile_first_neh,4,6,neh_cp:safe_neh30,1012.0,5.1,40,5
169,delayed_profile_first_neh,5,6,incremental_pw_cp:safe_pw005,1006.0,11.727,40,5
169,delayed_profile_first_neh,6,6,incremental_pw_cp:safe_pw010,1006.0,7.167,40,5
169,delayed_profile_first_neh,0,6,PROBE_WINNER,1012.0,29.630229271017015,40,5
170,delayed_profile_first_neh,1,6,neh_cp:safe_neh15,1134.0,9.267,40,10
170,delayed_profile_first_neh,2,6,neh_cp:safe_neh20,1126.0,6.212,40,10
170,delayed_profile_first_neh,3,6,neh_cp:safe_neh25,1126.0,10.216,40,10
170,delayed_profile_first_neh,4,6,neh_cp:safe_neh30,1126.0,10.24,40,10
170,delayed_profile_first_neh,5,6,incremental_pw_cp:safe_pw005,1124.0,5.726,40,10
170,delayed_profile_first_neh,6,6,incremental_pw_cp:safe_pw010,1123.0,4.955,40,10
170,delayed_profile_first_neh,0,6,PROBE_WINNER,1134.0,59.08318689186126,40,10
171,retained_cp_sequence_first_neh,1,6,neh_cp:safe_neh15,1411.0,13.839,40,15
171,retained_cp_sequence_first_neh,2,6,neh_cp:safe_neh20,1395.0,9.233,40,15
171,retained_cp_sequence_first_neh,3,6,neh_cp:safe_neh25,1395.0,15.235,40,15
171,retained_cp_sequence_first_neh,4,6,neh_cp:safe_neh30,1394.0,15.264,40,15
171,retained_cp_sequence_first_neh,5,6,incremental_pw_cp:safe_pw005,1391.0,10.396,40,15
171,retained_cp_sequence_first_neh,6,6,incremental_pw_cp:safe_pw010,1390.0,16.955,40,15
171,retained_cp_sequence_first_neh,0,6,PROBE_WINNER,1411.0,107.29015423217788,40,15
172,retained_cp_sequence_first_neh,1,6,neh_cp:safe_neh15,1684.0,18.435,40,20
172,retained_cp_sequence_first_neh,2,6,neh_cp:safe_neh20,1684.0,12.297,40,20
172,retained_cp_sequence_first_neh,3,6,neh_cp:safe_neh25,1684.0,20.302,40,20
172,retained_cp_sequence_first_neh,4,6,neh_cp:safe_neh30,1680.0,20.45,40,20
172,retained_cp_sequence_first_neh,5,6,incremental_pw_cp:safe_pw005,1677.0,51.959,40,20
172,retained_cp_sequence_first_neh,6,6,incremental_pw_cp:safe_pw010,1666.0,75.027,40,20
172,retained_cp_sequence_first_neh,0,6,PROBE_WINNER,1684.0,139.0918935937807,40,20
174,delayed_profile_first_neh,1,6,neh_cp:safe_neh15,1772.0,36.922,80,10
174,delayed_profile_first_neh,2,6,neh_cp:safe_neh20,1772.0,24.567,80,10
174,delayed_profile_first_neh,3,6,neh_cp:safe_neh25,1772.0,40.685,80,10
174,delayed_profile_first_neh,4,6,neh_cp:safe_neh30,1772.0,30.517,80,10
174,delayed_profile_first_neh,5,6,incremental_pw_cp:safe_pw005,1768.0,87.993,80,10
174,delayed_profile_first_neh,6,6,incremental_pw_cp:safe_pw010,1768.0,32.409,80,10
174,delayed_profile_first_neh,0,6,PROBE_WINNER,1772.0,252.12994439527392,80,10
175,safe_0504_first_neh,1,6,neh_cp:safe_neh15,2530.0,55.484,80,15
175,safe_0504_first_neh,2,6,neh_cp:safe_neh20,2530.0,37.025,80,15
175,safe_0504_first_neh,3,6,neh_cp:safe_neh25,2517.0,61.178,80,15
175,safe_0504_first_neh,4,6,neh_cp:safe_neh30,2517.0,45.912,80,15
175,safe_0504_first_neh,5,6,incremental_pw_cp:safe_pw005,2517.0,34.877,80,15
175,safe_0504_first_neh,6,6,incremental_pw_cp:safe_pw010,2517.0,29.04,80,15
175,safe_0504_first_neh,0,6,PROBE_WINNER,2530.0,422.57536554709077,80,15
176,retained_cp_sequence_first_neh,1,6,neh_cp:safe_neh15,2418.0,66.343,80,20
176,retained_cp_sequence_first_neh,2,6,neh_cp:safe_neh20,2418.0,45.067,80,20
176,retained_cp_sequence_first_neh,3,6,neh_cp:safe_neh25,2414.0,81.842,80,20
176,retained_cp_sequence_first_neh,4,6,neh_cp:safe_neh30,2414.0,61.321,80,20
176,retained_cp_sequence_first_neh,5,6,incremental_pw_cp:safe_pw005,2405.0,73.774,80,20
176,retained_cp_sequence_first_neh,6,6,incremental_pw_cp:safe_pw010,2405.0,57.322,80,20
176,retained_cp_sequence_first_neh,0,6,PROBE_WINNER,2418.0,517.3225262695923,80,20
179,retained_cp_sequence_first_neh,1,6,neh_cp:safe_neh15,3272.0,110.849,120,15
179,retained_cp_sequence_first_neh,2,6,neh_cp:safe_neh20,3272.0,83.312,120,15
179,retained_cp_sequence_first_neh,3,6,neh_cp:safe_neh25,3272.0,114.387,120,15
179,retained_cp_sequence_first_neh,4,6,neh_cp:safe_neh30,3272.0,91.654,120,15
179,retained_cp_sequence_first_neh,5,6,incremental_pw_cp:safe_pw005,3268.0,153.86,120,15
179,retained_cp_sequence_first_neh,6,6,incremental_pw_cp:safe_pw010,3267.0,74.383,120,15
179,retained_cp_sequence_first_neh,0,6,PROBE_WINNER,3272.0,698.3533913879655,120,15
180,delayed_profile_first_neh,1,6,neh_cp:safe_neh15,3717.0,148.053,120,20
180,delayed_profile_first_neh,2,6,neh_cp:safe_neh20,3717.0,110.777,120,20
180,delayed_profile_first_neh,3,6,neh_cp:safe_neh25,3717.0,152.705,120,20
180,delayed_profile_first_neh,4,6,neh_cp:safe_neh30,3717.0,122.108,120,20
180,delayed_profile_first_neh,5,6,incremental_pw_cp:safe_pw005,3703.0,189.446,120,20
180,delayed_profile_first_neh,6,6,incremental_pw_cp:safe_pw010,3690.0,259.238,120,20
180,delayed_profile_first_neh,0,6,PROBE_WINNER,3717.0,930.5704025481828,120,20
183,safe_0504_first_neh,1,6,neh_cp:safe_neh15,4152.0,203.474,160,15
183,safe_0504_first_neh,2,6,neh_cp:safe_neh20,4152.0,147.895,160,15
183,safe_0504_first_neh,3,6,neh_cp:safe_neh25,4149.0,214.302,160,15
183,safe_0504_first_neh,4,6,neh_cp:safe_neh30,4132.0,183.837,160,15
183,safe_0504_first_neh,5,6,incremental_pw_cp:safe_pw005,4120.0,241.786,160,15
183,safe_0504_first_neh,6,6,incremental_pw_cp:safe_pw010,4119.0,119.691,160,15
183,safe_0504_first_neh,0,6,PROBE_WINNER,4152.0,1005.0348655637354,160,15
184,safe_0504_first_neh,1,6,neh_cp:safe_neh15,4620.0,271.465,160,20
184,safe_0504_first_neh,2,6,neh_cp:safe_neh20,4620.0,198.134,160,20
184,safe_0504_first_neh,3,6,neh_cp:safe_neh25,4620.0,284.618,160,20
184,safe_0504_first_neh,4,6,neh_cp:safe_neh30,4620.0,244.485,160,20
184,safe_0504_first_neh,5,6,incremental_pw_cp:safe_pw005,4601.0,198.952,160,20
184,safe_0504_first_neh,6,6,incremental_pw_cp:safe_pw010,4601.0,116.616,160,20
184,safe_0504_first_neh,0,6,PROBE_WINNER,4620.0,1335.907795339357,160,20
187,delayed_profile_first_neh,1,6,neh_cp:safe_neh15,5433.0,323.827,200,15
187,delayed_profile_first_neh,2,6,neh_cp:safe_neh20,5433.0,230.975,200,15
187,delayed_profile_first_neh,3,6,neh_cp:safe_neh25,5433.0,305.754,200,15
187,delayed_profile_first_neh,4,6,neh_cp:safe_neh30,5433.0,266.988,200,15
187,delayed_profile_first_neh,5,6,incremental_pw_cp:safe_pw005,5432.0,36.86,200,15
187,delayed_profile_first_neh,6,6,incremental_pw_cp:safe_pw010,5432.0,90.633,200,15
187,delayed_profile_first_neh,0,6,PROBE_WINNER,5433.0,1344.3684712452814,200,15
188,delayed_profile_first_neh,1,6,neh_cp:safe_neh15,4435.0,434.261,200,20
188,delayed_profile_first_neh,2,6,neh_cp:safe_neh20,4435.0,308.516,200,20
188,delayed_profile_first_neh,3,6,neh_cp:safe_neh25,4435.0,407.153,200,20
188,delayed_profile_first_neh,4,6,neh_cp:safe_neh30,4435.0,357.011,200,20
188,delayed_profile_first_neh,5,6,incremental_pw_cp:safe_pw005,4414.0,485.9,200,20
188,delayed_profile_first_neh,6,6,incremental_pw_cp:safe_pw010,4414.0,144.475,200,20
188,delayed_profile_first_neh,0,6,PROBE_WINNER,4449.0,1825.7287824093364,200,20
192,cp_seeded_first_neh,1,6,neh_cp:safe_neh15,6248.0,594.425,240,20
192,cp_seeded_first_neh,2,6,neh_cp:safe_neh20,6248.0,445.223,240,20
192,cp_seeded_first_neh,3,6,neh_cp:safe_neh25,6248.0,610.36,240,20
192,cp_seeded_first_neh,4,6,neh_cp:safe_neh30,6248.0,489.629,240,20
192,cp_seeded_first_neh,5,6,incremental_pw_cp:safe_pw005,6236.0,105.592,240,20
192,cp_seeded_first_neh,6,6,incremental_pw_cp:safe_pw010,6236.0,0.004,240,20
192,cp_seeded_first_neh,0,6,PROBE_WINNER,6261.0,2315.5968959867023,240,20
193,safe_0504_first_neh,1,6,neh_cp:safe_neh15,943.0,4.627,40,5
193,safe_0504_first_neh,2,6,neh_cp:safe_neh20,943.0,3.115,40,5
193,safe_0504_first_neh,3,6,neh_cp:safe_neh25,943.0,5.102,40,5
193,safe_0504_first_neh,4,6,neh_cp:safe_neh30,943.0,5.125,40,5
193,safe_0504_first_neh,5,6,incremental_pw_cp:safe_pw005,943.0,21.402,40,5
193,safe_0504_first_neh,6,6,incremental_pw_cp:safe_pw010,943.0,18.129,40,5
193,safe_0504_first_neh,0,6,PROBE_WINNER,943.0,29.916533765383065,40,5
194,cp_seeded_first_neh,1,6,neh_cp:safe_neh15,1289.0,9.263,40,10
194,cp_seeded_first_neh,2,6,neh_cp:safe_neh20,1289.0,6.22,40,10
194,cp_seeded_first_neh,3,6,neh_cp:safe_neh25,1286.0,10.196,40,10
194,cp_seeded_first_neh,4,6,neh_cp:safe_neh30,1286.0,10.219,40,10
194,cp_seeded_first_neh,5,6,incremental_pw_cp:safe_pw005,1273.0,48.858,40,10
194,cp_seeded_first_neh,6,6,incremental_pw_cp:safe_pw010,1273.0,9.89,40,10
194,cp_seeded_first_neh,0,6,PROBE_WINNER,1289.0,64.3866529953666,40,10
195,cp_seeded_first_neh,1,6,neh_cp:safe_neh15,1728.0,13.911,40,15
195,cp_seeded_first_neh,2,6,neh_cp:safe_neh20,1728.0,9.241,40,15
195,cp_seeded_first_neh,3,6,neh_cp:safe_neh25,1728.0,15.335,40,15
195,cp_seeded_first_neh,4,6,neh_cp:safe_neh30,1728.0,15.334,40,15
195,cp_seeded_first_neh,5,6,incremental_pw_cp:safe_pw005,1721.0,48.204,40,15
195,cp_seeded_first_neh,6,6,incremental_pw_cp:safe_pw010,1715.0,51.471,40,15
195,cp_seeded_first_neh,0,6,PROBE_WINNER,1728.0,105.33996295044199,40,15
196,safe_0504_first_neh,1,6,neh_cp:safe_neh15,1736.0,18.584,40,20
196,safe_0504_first_neh,2,6,neh_cp:safe_neh20,1736.0,12.39,40,20
196,safe_0504_first_neh,3,6,neh_cp:safe_neh25,1736.0,20.317,40,20
196,safe_0504_first_neh,4,6,neh_cp:safe_neh30,1736.0,20.489,40,20
196,safe_0504_first_neh,5,6,incremental_pw_cp:safe_pw005,1723.0,53.48,40,20
196,safe_0504_first_neh,6,6,incremental_pw_cp:safe_pw010,1723.0,27.248,40,20
196,safe_0504_first_neh,0,6,PROBE_WINNER,1749.0,134.76406454155222,40,20
198,safe_0504_first_neh,1,6,neh_cp:safe_neh15,1667.0,36.99,80,10
198,safe_0504_first_neh,2,6,neh_cp:safe_neh20,1667.0,24.595,80,10
198,safe_0504_first_neh,3,6,neh_cp:safe_neh25,1667.0,40.794,80,10
198,safe_0504_first_neh,4,6,neh_cp:safe_neh30,1667.0,30.569,80,10
198,safe_0504_first_neh,5,6,incremental_pw_cp:safe_pw005,1654.0,136.42,80,10
198,safe_0504_first_neh,6,6,incremental_pw_cp:safe_pw010,1654.0,43.137,80,10
198,safe_0504_first_neh,0,6,PROBE_WINNER,1667.0,259.4366355002858,80,10
199,safe_0504_first_neh,1,6,neh_cp:safe_neh15,2267.0,55.424,80,15
199,safe_0504_first_neh,2,6,neh_cp:safe_neh20,2267.0,36.902,80,15
199,safe_0504_first_neh,3,6,neh_cp:safe_neh25,2267.0,61.113,80,15
199,safe_0504_first_neh,4,6,neh_cp:safe_neh30,2267.0,45.753,80,15
199,safe_0504_first_neh,5,6,incremental_pw_cp:safe_pw005,2264.0,37.267,80,15
199,safe_0504_first_neh,6,6,incremental_pw_cp:safe_pw010,2264.0,29.178,80,15
199,safe_0504_first_neh,0,6,PROBE_WINNER,2267.0,422.0421326328069,80,15
200,delayed_profile_first_neh,1,6,neh_cp:safe_neh15,2415.0,74.089,80,20
200,delayed_profile_first_neh,2,6,neh_cp:safe_neh20,2415.0,49.437,80,20
200,delayed_profile_first_neh,3,6,neh_cp:safe_neh25,2415.0,81.796,80,20
200,delayed_profile_first_neh,4,6,neh_cp:safe_neh30,2415.0,61.292,80,20
200,delayed_profile_first_neh,5,6,incremental_pw_cp:safe_pw005,2390.0,177.461,80,20
200,delayed_profile_first_neh,6,6,incremental_pw_cp:safe_pw010,2387.0,99.016,80,20
200,delayed_profile_first_neh,0,6,PROBE_WINNER,2415.0,553.5001780893654,80,20
202,cp_seeded_first_neh,1,6,neh_cp:safe_neh15,3432.0,70.922,120,10
202,cp_seeded_first_neh,2,6,neh_cp:safe_neh20,3432.0,55.286,120,10
202,cp_seeded_first_neh,3,6,neh_cp:safe_neh25,3432.0,69.545,120,10
202,cp_seeded_first_neh,4,6,neh_cp:safe_neh30,3432.0,53.713,120,10
202,cp_seeded_first_neh,5,6,incremental_pw_cp:safe_pw005,3432.0,43.81,120,10
202,cp_seeded_first_neh,6,6,incremental_pw_cp:safe_pw010,3432.0,43.657,120,10
202,cp_seeded_first_neh,0,6,PROBE_WINNER,3432.0,440.4799220850691,120,10
203,interleaved_pw_neh_basin,1,8,incremental_pw_cp:interleave_pw005_after_neh10,3296.0,84.971,120,15
203,interleaved_pw_neh_basin,2,8,neh_cp:safe_neh15,3296.0,111.044,120,15
203,interleaved_pw_neh_basin,3,8,incremental_pw_cp:interleave_pw006_after_neh15,3296.0,29.382,120,15
203,interleaved_pw_neh_basin,4,8,neh_cp:safe_neh20,3296.0,83.186,120,15
203,interleaved_pw_neh_basin,5,8,incremental_pw_cp:interleave_pw008_after_neh20,3296.0,56.589,120,15
203,interleaved_pw_neh_basin,6,8,neh_cp:safe_neh25,3296.0,114.86,120,15
203,interleaved_pw_neh_basin,7,8,neh_cp:safe_neh30,3296.0,91.449,120,15
203,interleaved_pw_neh_basin,8,8,incremental_pw_cp:safe_pw010,3296.0,125.85,120,15
203,interleaved_pw_neh_basin,0,8,PROBE_WINNER,3321.0,696.6463043070398,120,15
204,delayed_profile_first_neh,1,6,neh_cp:safe_neh15,3707.0,148.087,120,20
204,delayed_profile_first_neh,2,6,neh_cp:safe_neh20,3707.0,111.165,120,20
204,delayed_profile_first_neh,3,6,neh_cp:safe_neh25,3707.0,153.506,120,20
204,delayed_profile_first_neh,4,6,neh_cp:safe_neh30,3707.0,122.132,120,20
204,delayed_profile_first_neh,5,6,incremental_pw_cp:safe_pw005,3687.0,173.704,120,20
204,delayed_profile_first_neh,6,6,incremental_pw_cp:safe_pw010,3687.0,87.276,120,20
204,delayed_profile_first_neh,0,6,PROBE_WINNER,3715.0,933.9800972202793,120,20
207,safe_0504_first_neh,1,6,neh_cp:safe_neh15,4182.0,204.175,160,15
207,safe_0504_first_neh,2,6,neh_cp:safe_neh20,4182.0,148.425,160,15
207,safe_0504_first_neh,3,6,neh_cp:safe_neh25,4182.0,214.474,160,15
207,safe_0504_first_neh,4,6,neh_cp:safe_neh30,4182.0,183.246,160,15
207,safe_0504_first_neh,5,6,incremental_pw_cp:safe_pw005,4182.0,215.706,160,15
207,safe_0504_first_neh,6,6,incremental_pw_cp:safe_pw010,4182.0,124.434,160,15
207,safe_0504_first_neh,0,6,PROBE_WINNER,4187.0,1009.4764823471196,160,15
208,interleaved_pw_neh_basin,1,8,incremental_pw_cp:interleave_pw005_after_neh10,4520.0,60.131,160,20
208,interleaved_pw_neh_basin,2,8,neh_cp:safe_neh15,4520.0,271.221,160,20
208,interleaved_pw_neh_basin,3,8,incremental_pw_cp:interleave_pw006_after_neh15,4520.0,84.834,160,20
208,interleaved_pw_neh_basin,4,8,neh_cp:safe_neh20,4520.0,197.905,160,20
208,interleaved_pw_neh_basin,5,8,incremental_pw_cp:interleave_pw008_after_neh20,4520.0,56.626,160,20
208,interleaved_pw_neh_basin,6,8,neh_cp:safe_neh25,4520.0,284.985,160,20
208,interleaved_pw_neh_basin,7,8,neh_cp:safe_neh30,4520.0,243.937,160,20
208,interleaved_pw_neh_basin,8,8,incremental_pw_cp:safe_pw010,4520.0,96.391,160,20
208,interleaved_pw_neh_basin,0,8,PROBE_WINNER,4521.0,1338.9727404597215,160,20
210,interleaved_pw_neh_basin,1,8,incremental_pw_cp:interleave_pw005_after_neh10,4889.0,8.543,200,10
210,interleaved_pw_neh_basin,2,8,neh_cp:safe_neh15,4889.0,215.909,200,10
210,interleaved_pw_neh_basin,3,8,incremental_pw_cp:interleave_pw006_after_neh15,4889.0,6.814,200,10
210,interleaved_pw_neh_basin,4,8,neh_cp:safe_neh20,4889.0,153.935,200,10
210,interleaved_pw_neh_basin,5,8,incremental_pw_cp:interleave_pw008_after_neh20,4889.0,33.597,200,10
210,interleaved_pw_neh_basin,6,8,neh_cp:safe_neh25,4889.0,170.648,200,10
210,interleaved_pw_neh_basin,7,8,neh_cp:safe_neh30,4889.0,170.088,200,10
210,interleaved_pw_neh_basin,8,8,incremental_pw_cp:safe_pw010,4889.0,59.799,200,10
210,interleaved_pw_neh_basin,0,8,PROBE_WINNER,4889.0,874.5730993049219,200,10
212,safe_0504_first_neh,1,6,neh_cp:safe_neh15,5401.0,432.385,200,20
212,safe_0504_first_neh,2,6,neh_cp:safe_neh20,5401.0,308.927,200,20
212,safe_0504_first_neh,3,6,neh_cp:safe_neh25,5401.0,406.814,200,20
212,safe_0504_first_neh,4,6,neh_cp:safe_neh30,5401.0,356.613,200,20
212,safe_0504_first_neh,5,6,incremental_pw_cp:safe_pw005,5387.0,443.79,200,20
212,safe_0504_first_neh,6,6,incremental_pw_cp:safe_pw010,5384.0,223.356,200,20
212,safe_0504_first_neh,0,6,PROBE_WINNER,5401.0,1804.3706562081352,200,20
216,cp_seeded_first_neh,1,6,neh_cp:safe_neh15,6247.0,592.448,240,20
216,cp_seeded_first_neh,2,6,neh_cp:safe_neh20,6247.0,445.289,240,20
216,cp_seeded_first_neh,3,6,neh_cp:safe_neh25,6247.0,611.695,240,20
216,cp_seeded_first_neh,4,6,neh_cp:safe_neh30,6247.0,489.753,240,20
216,cp_seeded_first_neh,5,6,incremental_pw_cp:safe_pw005,6235.0,165.31,240,20
216,cp_seeded_first_neh,6,6,incremental_pw_cp:safe_pw010,6235.0,0.003,240,20
216,cp_seeded_first_neh,0,6,PROBE_WINNER,6247.0,2316.153995648492,240,20
217,safe_0504_first_neh,1,6,neh_cp:safe_neh15,1024.0,4.64,40,5
217,safe_0504_first_neh,2,6,neh_cp:safe_neh20,1019.0,3.095,40,5
217,safe_0504_first_neh,3,6,neh_cp:safe_neh25,1018.0,5.144,40,5
217,safe_0504_first_neh,4,6,neh_cp:safe_neh30,1016.0,5.098,40,5
217,safe_0504_first_neh,5,6,incremental_pw_cp:safe_pw005,1015.0,7.631,40,5
217,safe_0504_first_neh,6,6,incremental_pw_cp:safe_pw010,1015.0,7.069,40,5
217,safe_0504_first_neh,0,6,PROBE_WINNER,1024.0,29.547565104905516,40,5
218,safe_0504_first_neh,1,6,neh_cp:safe_neh15,1382.0,9.241,40,10
218,safe_0504_first_neh,2,6,neh_cp:safe_neh20,1378.0,6.183,40,10
218,safe_0504_first_neh,3,6,neh_cp:safe_neh25,1378.0,10.138,40,10
218,safe_0504_first_neh,4,6,neh_cp:safe_neh30,1378.0,10.218,40,10
218,safe_0504_first_neh,5,6,incremental_pw_cp:safe_pw005,1366.0,55.853,40,10
218,safe_0504_first_neh,6,6,incremental_pw_cp:safe_pw010,1366.0,14.223,40,10
218,safe_0504_first_neh,0,6,PROBE_WINNER,1389.0,61.23471616534516,40,10
219,delayed_profile_first_neh,1,6,neh_cp:safe_neh15,1661.0,11.584,40,15
219,delayed_profile_first_neh,2,6,neh_cp:safe_neh20,1658.0,9.317,40,15
219,delayed_profile_first_neh,3,6,neh_cp:safe_neh25,1654.0,15.285,40,15
219,delayed_profile_first_neh,4,6,neh_cp:safe_neh30,1646.0,15.278,40,15
219,delayed_profile_first_neh,5,6,incremental_pw_cp:safe_pw005,1630.0,25.659,40,15
219,delayed_profile_first_neh,6,6,incremental_pw_cp:safe_pw010,1625.0,19.025,40,15
219,delayed_profile_first_neh,0,6,PROBE_WINNER,1667.0,90.52962904702872,40,15
220,interleaved_pw_neh_basin,1,8,incremental_pw_cp:interleave_pw005_after_neh10,1565.0,22.68,40,20
220,interleaved_pw_neh_basin,2,8,neh_cp:safe_neh15,1565.0,18.485,40,20
220,interleaved_pw_neh_basin,3,8,incremental_pw_cp:interleave_pw006_after_neh15,1565.0,9.855,40,20
220,interleaved_pw_neh_basin,4,8,neh_cp:safe_neh20,1565.0,12.301,40,20
220,interleaved_pw_neh_basin,5,8,incremental_pw_cp:interleave_pw008_after_neh20,1564.0,43.743,40,20
220,interleaved_pw_neh_basin,6,8,neh_cp:safe_neh25,1564.0,20.322,40,20
220,interleaved_pw_neh_basin,7,8,neh_cp:safe_neh30,1564.0,20.35,40,20
220,interleaved_pw_neh_basin,8,8,incremental_pw_cp:safe_pw010,1558.0,39.779,40,20
220,interleaved_pw_neh_basin,0,8,PROBE_WINNER,1575.0,142.0082965590991,40,20
222,retained_cp_sequence_first_neh,1,6,neh_cp:safe_neh15,2179.0,37.163,80,10
222,retained_cp_sequence_first_neh,2,6,neh_cp:safe_neh20,2179.0,24.673,80,10
222,retained_cp_sequence_first_neh,3,6,neh_cp:safe_neh25,2179.0,40.777,80,10
222,retained_cp_sequence_first_neh,4,6,neh_cp:safe_neh30,2179.0,30.54,80,10
222,retained_cp_sequence_first_neh,5,6,incremental_pw_cp:safe_pw005,2168.0,13.836,80,10
222,retained_cp_sequence_first_neh,6,6,incremental_pw_cp:safe_pw010,2168.0,10.077,80,10
222,retained_cp_sequence_first_neh,0,6,PROBE_WINNER,2179.0,267.0312800835818,80,10
223,cp_seeded_first_neh,1,6,neh_cp:safe_neh15,2324.0,55.283,80,15
223,cp_seeded_first_neh,2,6,neh_cp:safe_neh20,2324.0,36.875,80,15
223,cp_seeded_first_neh,3,6,neh_cp:safe_neh25,2324.0,61.061,80,15
223,cp_seeded_first_neh,4,6,neh_cp:safe_neh30,2324.0,45.883,80,15
223,cp_seeded_first_neh,5,6,incremental_pw_cp:safe_pw005,2301.0,69.654,80,15
223,cp_seeded_first_neh,6,6,incremental_pw_cp:safe_pw010,2301.0,42.587,80,15
223,cp_seeded_first_neh,0,6,PROBE_WINNER,2324.0,396.4004566431977,80,15
224,delayed_profile_first_neh,1,6,neh_cp:safe_neh15,2590.0,73.931,80,20
224,delayed_profile_first_neh,2,6,neh_cp:safe_neh20,2590.0,49.211,80,20
224,delayed_profile_first_neh,3,6,neh_cp:safe_neh25,2590.0,81.502,80,20
224,delayed_profile_first_neh,4,6,neh_cp:safe_neh30,2590.0,61.128,80,20
224,delayed_profile_first_neh,5,6,incremental_pw_cp:safe_pw005,2584.0,66.354,80,20
224,delayed_profile_first_neh,6,6,incremental_pw_cp:safe_pw010,2584.0,13.577,80,20
224,delayed_profile_first_neh,0,6,PROBE_WINNER,2590.0,562.641122687608,80,20
226,cp_seeded_first_neh,1,6,neh_cp:safe_neh15,3081.0,68.219,120,10
226,cp_seeded_first_neh,2,6,neh_cp:safe_neh20,3081.0,55.513,120,10
226,cp_seeded_first_neh,3,6,neh_cp:safe_neh25,3081.0,76.427,120,10
226,cp_seeded_first_neh,4,6,neh_cp:safe_neh30,3081.0,61.037,120,10
226,cp_seeded_first_neh,5,6,incremental_pw_cp:safe_pw005,3061.0,173.518,120,10
226,cp_seeded_first_neh,6,6,incremental_pw_cp:safe_pw010,3061.0,50.915,120,10
226,cp_seeded_first_neh,0,6,PROBE_WINNER,3081.0,425.73548886040226,120,10
227,delayed_profile_first_neh,1,6,neh_cp:safe_neh15,3309.0,110.972,120,15
227,delayed_profile_first_neh,2,6,neh_cp:safe_neh20,3309.0,83.168,120,15
227,delayed_profile_first_neh,3,6,neh_cp:safe_neh25,3309.0,114.39,120,15
227,delayed_profile_first_neh,4,6,neh_cp:safe_neh30,3309.0,91.545,120,15
227,delayed_profile_first_neh,5,6,incremental_pw_cp:safe_pw005,3288.0,144.099,120,15
227,delayed_profile_first_neh,6,6,incremental_pw_cp:safe_pw010,3282.0,232.621,120,15
227,delayed_profile_first_neh,0,6,PROBE_WINNER,3309.0,699.0193023756146,120,15
228,delayed_profile_first_neh,1,6,neh_cp:safe_neh15,3735.0,147.998,120,20
228,delayed_profile_first_neh,2,6,neh_cp:safe_neh20,3735.0,110.93,120,20
228,delayed_profile_first_neh,3,6,neh_cp:safe_neh25,3735.0,152.466,120,20
228,delayed_profile_first_neh,4,6,neh_cp:safe_neh30,3735.0,122.0,120,20
228,delayed_profile_first_neh,5,6,incremental_pw_cp:safe_pw005,3722.0,209.775,120,20
228,delayed_profile_first_neh,6,6,incremental_pw_cp:safe_pw010,3722.0,85.913,120,20
228,delayed_profile_first_neh,0,6,PROBE_WINNER,3742.0,931.1869391310029,120,20
231,delayed_profile_first_neh,1,6,neh_cp:safe_neh15,4196.0,203.588,160,15
231,delayed_profile_first_neh,2,6,neh_cp:safe_neh20,4196.0,148.242,160,15
231,delayed_profile_first_neh,3,6,neh_cp:safe_neh25,4194.0,213.494,160,15
231,delayed_profile_first_neh,4,6,neh_cp:safe_neh30,4194.0,183.222,160,15
231,delayed_profile_first_neh,5,6,incremental_pw_cp:safe_pw005,4181.0,291.178,160,15
231,delayed_profile_first_neh,6,6,incremental_pw_cp:safe_pw010,4181.0,86.243,160,15
231,delayed_profile_first_neh,0,6,PROBE_WINNER,4196.0,1000.6450738683343,160,15
232,delayed_profile_first_neh,1,6,neh_cp:safe_neh15,4288.0,270.527,160,20
232,delayed_profile_first_neh,2,6,neh_cp:safe_neh20,4288.0,196.904,160,20
232,delayed_profile_first_neh,3,6,neh_cp:safe_neh25,4288.0,284.157,160,20
232,delayed_profile_first_neh,4,6,neh_cp:safe_neh30,4288.0,243.543,160,20
232,delayed_profile_first_neh,5,6,incremental_pw_cp:safe_pw005,4276.0,42.64,160,20
232,delayed_profile_first_neh,6,6,incremental_pw_cp:safe_pw010,4272.0,167.564,160,20
232,delayed_profile_first_neh,0,6,PROBE_WINNER,4311.0,1337.8703543348238,160,20
235,safe_0504_first_neh,1,6,neh_cp:safe_neh15,5055.0,324.071,200,15
235,safe_0504_first_neh,2,6,neh_cp:safe_neh20,5055.0,230.948,200,15
235,safe_0504_first_neh,3,6,neh_cp:safe_neh25,5055.0,305.096,200,15
235,safe_0504_first_neh,4,6,neh_cp:safe_neh30,5055.0,266.92,200,15
235,safe_0504_first_neh,5,6,incremental_pw_cp:safe_pw005,5034.0,478.543,200,15
235,safe_0504_first_neh,6,6,incremental_pw_cp:safe_pw010,5034.0,108.422,200,15
235,safe_0504_first_neh,0,6,PROBE_WINNER,5057.0,1346.54776211828,200,15
236,safe_0504_first_neh,1,6,neh_cp:safe_neh15,5417.0,431.378,200,20
236,safe_0504_first_neh,2,6,neh_cp:safe_neh20,5417.0,308.65,200,20
236,safe_0504_first_neh,3,6,neh_cp:safe_neh25,5417.0,407.614,200,20
236,safe_0504_first_neh,4,6,neh_cp:safe_neh30,5417.0,357.534,200,20
236,safe_0504_first_neh,5,6,incremental_pw_cp:safe_pw005,5389.0,266.659,200,20
236,safe_0504_first_neh,6,6,incremental_pw_cp:safe_pw010,5387.0,264.428,200,20
236,safe_0504_first_neh,0,6,PROBE_WINNER,5417.0,1801.132766874507,200,20
240,safe_0504_first_neh,1,6,neh_cp:safe_neh15,6090.0,592.435,240,20
240,safe_0504_first_neh,2,6,neh_cp:safe_neh20,6090.0,444.327,240,20
240,safe_0504_first_neh,3,6,neh_cp:safe_neh25,6090.0,609.584,240,20
240,safe_0504_first_neh,4,6,neh_cp:safe_neh30,6090.0,489.521,240,20
240,safe_0504_first_neh,5,6,incremental_pw_cp:safe_pw005,6077.0,362.063,240,20
240,safe_0504_first_neh,6,6,incremental_pw_cp:safe_pw010,6077.0,39.368,240,20
240,safe_0504_first_neh,0,6,PROBE_WINNER,6090.0,2306.84503766289,240,20
