Problem,SolverVendor,Formulation,Instance,n,m,LB,UB,Gap,ActualTime
Hybridflowshop,CPLEX,CP,1,10,5,1,410,0,2.593
Hybridflowshop,CPLEX,CP,2,10,10,1,806,0,1.024
Hybridflowshop,CPLEX,CP,3,10,15,1,959,0.01214,1200.033
Hybridflowshop,CPLEX,CP,4,10,20,1,1353,0.14808,1600.06
Hybridflowshop,CPLEX,CP,5,15,5,1,486,0,1.179
Hybridflowshop,CPLEX,CP,6,15,10,1,757,0.09736,1600.054
Hybridflowshop,CPLEX,CP,7,15,15,1,1029,0.00129,2400.095
Hybridflowshop,CPLEX,CP,8,15,20,1,1264,0.09696,3200.127
Hybridflowshop,CPLEX,CP,9,20,5,1,660,0,9.982
Hybridflowshop,CPLEX,CP,10,20,10,1,797,0.00289,2400.125
Hybridflowshop,CPLEX,CP,11,20,15,1,1067,0.10248,3600.184
Hybridflowshop,CPLEX,CP,12,20,20,1,1332,0.0113,4800.105
Hybridflowshop,CPLEX,CP,13,25,5,1,774,0,5.877
Hybridflowshop,CPLEX,CP,14,25,10,1,862,0.00117,3200.087
Hybridflowshop,CPLEX,CP,15,25,15,1,1205,0.09448,4800.127
Hybridflowshop,CPLEX,CP,16,25,20,1,1449,0.11875,6400.152
Hybridflowshop,CPLEX,CP,17,30,5,1,649,0,206.369
Hybridflowshop,CPLEX,CP,18,30,10,1,1057,0.00145,4000.093
Hybridflowshop,CPLEX,CP,19,30,15,1,1205,0.00349,6000.16
Hybridflowshop,CPLEX,CP,20,30,20,1,1488,0.01521,8000.215
Hybridflowshop,CPLEX,CP,21,35,5,1,1080,0,54.052
Hybridflowshop,CPLEX,CP,22,35,10,1,1085,0.00241,4800.143
Hybridflowshop,CPLEX,CP,23,35,15,1,1372,0,1844.666
Hybridflowshop,CPLEX,CP,24,35,20,1,1569,0.1231,9600.212
Hybridflowshop,CPLEX,CP,25,10,5,1,394,0,0.456
Hybridflowshop,CPLEX,CP,26,10,10,1,785,0,356.158
Hybridflowshop,CPLEX,CP,27,10,15,1,1290,0.03498,1200.052
Hybridflowshop,CPLEX,CP,28,10,20,1,1156,0.15102,1600.051
Hybridflowshop,CPLEX,CP,29,15,5,1,423,0,2.126
Hybridflowshop,CPLEX,CP,30,15,10,1,704,0.07917,1600.056
Hybridflowshop,CPLEX,CP,31,15,15,1,1059,0,1437.478
Hybridflowshop,CPLEX,CP,32,15,20,1,1564,0.02864,3200.141
Hybridflowshop,CPLEX,CP,33,20,5,1,587,0,3.742
Hybridflowshop,CPLEX,CP,34,20,10,1,844,0.0034,2400.113
Hybridflowshop,CPLEX,CP,35,20,15,1,1333,0.12561,3600.151
Hybridflowshop,CPLEX,CP,36,20,20,1,1325,0.12047,4800.131
Hybridflowshop,CPLEX,CP,37,25,5,1,696,0,29.226
Hybridflowshop,CPLEX,CP,38,25,10,1,974,0.00051,3200.064
Hybridflowshop,CPLEX,CP,39,25,15,1,1143,0.09686,4800.118
Hybridflowshop,CPLEX,CP,40,25,20,1,1353,0.10473,6400.156
Hybridflowshop,CPLEX,CP,41,30,5,1,789,0,66.794
Hybridflowshop,CPLEX,CP,42,30,10,1,930,0.00081,4000.085
Hybridflowshop,CPLEX,CP,43,30,15,1,1271,0.00324,6000.123
Hybridflowshop,CPLEX,CP,44,30,20,1,1598,0.10127,8000.218
Hybridflowshop,CPLEX,CP,45,35,5,1,1074,0,5.11
Hybridflowshop,CPLEX,CP,46,35,10,1,1247,0.00033,4800.128
Hybridflowshop,CPLEX,CP,47,35,15,1,1352,0,4559.543
Hybridflowshop,CPLEX,CP,48,35,20,1,1701,0.10246,9600.219
Hybridflowshop,CPLEX,CP,49,10,5,1,453,0.0139,400.05
Hybridflowshop,CPLEX,CP,50,10,10,1,755,0.0068,800.036
Hybridflowshop,CPLEX,CP,51,10,15,1,1091,0.11533,1200.045
Hybridflowshop,CPLEX,CP,52,10,20,1,1503,0.17822,1600.057
Hybridflowshop,CPLEX,CP,53,15,5,1,504,0,1.502
Hybridflowshop,CPLEX,CP,54,15,10,1,853,0.03903,1600.065
Hybridflowshop,CPLEX,CP,55,15,15,1,1151,0.07248,2400.098
Hybridflowshop,CPLEX,CP,56,15,20,1,1213,0.13303,3200.129
Hybridflowshop,CPLEX,CP,57,20,5,1,559,0,4.096
Hybridflowshop,CPLEX,CP,58,20,10,1,858,0,75.639
Hybridflowshop,CPLEX,CP,59,20,15,1,1295,0.10569,3600.172
Hybridflowshop,CPLEX,CP,60,20,20,1,1324,0.10695,4800.13
Hybridflowshop,CPLEX,CP,61,25,5,1,707,0,21.541
Hybridflowshop,CPLEX,CP,62,25,10,1,911,0,53.459
Hybridflowshop,CPLEX,CP,63,25,15,1,1222,0.10714,4800.11
Hybridflowshop,CPLEX,CP,64,25,20,1,1430,0.13966,6400.156
Hybridflowshop,CPLEX,CP,65,30,5,1,793,0,89.282
Hybridflowshop,CPLEX,CP,66,30,10,1,1126,0.0002,4000.093
Hybridflowshop,CPLEX,CP,67,30,15,1,1209,0.00746,6000.142
Hybridflowshop,CPLEX,CP,68,30,20,1,1572,0.07905,8000.226
Hybridflowshop,CPLEX,CP,69,35,5,1,888,0,37.804
Hybridflowshop,CPLEX,CP,70,35,10,1,1061,0.00046,4800.112
Hybridflowshop,CPLEX,CP,71,35,15,1,1599,0.001,7200.197
Hybridflowshop,CPLEX,CP,72,35,20,1,1572,0.10783,9600.274
Hybridflowshop,CPLEX,CP,73,10,5,1,452,0.0119,400.057
Hybridflowshop,CPLEX,CP,74,10,10,1,922,0.06678,800.039
Hybridflowshop,CPLEX,CP,75,10,15,1,875,0.11933,1200.057
Hybridflowshop,CPLEX,CP,76,10,20,1,1483,0.17357,1600.056
Hybridflowshop,CPLEX,CP,77,15,5,1,440,0,0.504
Hybridflowshop,CPLEX,CP,78,15,10,1,886,0.05799,1600.075
Hybridflowshop,CPLEX,CP,79,15,15,1,1173,0.07312,2400.099
Hybridflowshop,CPLEX,CP,80,15,20,1,1557,0.0958,3200.132
Hybridflowshop,CPLEX,CP,81,20,5,1,552,0,50.068
Hybridflowshop,CPLEX,CP,82,20,10,1,1015,0,1733.102
Hybridflowshop,CPLEX,CP,83,20,15,1,1031,0.13813,3600.154
Hybridflowshop,CPLEX,CP,84,20,20,1,1580,0.17103,4800.113
Hybridflowshop,CPLEX,CP,85,25,5,1,790,0,2.555
Hybridflowshop,CPLEX,CP,86,25,10,1,994,0.00217,3200.068
Hybridflowshop,CPLEX,CP,87,25,15,1,1354,0.05374,4800.128
Hybridflowshop,CPLEX,CP,88,25,20,1,1410,0.12342,6400.167
Hybridflowshop,CPLEX,CP,89,30,5,1,680,0,101.855
Hybridflowshop,CPLEX,CP,90,30,10,1,1095,0.00019,4000.107
Hybridflowshop,CPLEX,CP,91,30,15,1,1530,0.00267,6000.172
Hybridflowshop,CPLEX,CP,92,30,20,1,1544,0.1107,8000.243
Hybridflowshop,CPLEX,CP,93,35,5,1,863,0,24.924
Hybridflowshop,CPLEX,CP,94,35,10,1,1092,0.00016,4800.125
Hybridflowshop,CPLEX,CP,95,35,15,1,1539,0.00015,7200.169
Hybridflowshop,CPLEX,CP,96,35,20,1,1912,0.1018,9600.281
Hybridflowshop,CPLEX,CP,97,10,5,1,389,0,1.715
Hybridflowshop,CPLEX,CP,98,10,10,1,969,0.03648,800.033
Hybridflowshop,CPLEX,CP,99,10,15,1,883,0.12805,1200.041
Hybridflowshop,CPLEX,CP,100,10,20,1,1505,0.15358,1600.06
Hybridflowshop,CPLEX,CP,101,15,5,1,420,0,3.485
Hybridflowshop,CPLEX,CP,102,15,10,1,1087,0.06773,1600.056
Hybridflowshop,CPLEX,CP,103,15,15,1,1190,0.11152,2400.096
Hybridflowshop,CPLEX,CP,104,15,20,1,1558,0.1055,3200.127
Hybridflowshop,CPLEX,CP,105,20,5,1,526,0,19.14
Hybridflowshop,CPLEX,CP,106,20,10,1,973,0.00031,2400.119
Hybridflowshop,CPLEX,CP,107,20,15,1,1015,0.11255,3600.2
Hybridflowshop,CPLEX,CP,108,20,20,1,1320,0.15932,4800.15
Hybridflowshop,CPLEX,CP,109,25,5,1,603,0,11.707
Hybridflowshop,CPLEX,CP,110,25,10,1,942,0.0024,3200.083
Hybridflowshop,CPLEX,CP,111,25,15,1,1350,0.07801,4800.11
Hybridflowshop,CPLEX,CP,112,25,20,1,1407,0.12856,6400.176
Hybridflowshop,CPLEX,CP,113,30,5,1,698,0,7.705
Hybridflowshop,CPLEX,CP,114,30,10,1,944,0.00037,4000.096
Hybridflowshop,CPLEX,CP,115,30,15,1,1138,0.00077,6000.15
Hybridflowshop,CPLEX,CP,116,30,20,1,1626,0.11313,8000.226
Hybridflowshop,CPLEX,CP,117,35,5,1,887,0,9.605
Hybridflowshop,CPLEX,CP,118,35,10,1,1268,0.00065,4800.125
Hybridflowshop,CPLEX,CP,119,35,15,1,1247,0.00671,7200.18
Hybridflowshop,CPLEX,CP,120,35,20,1,1856,0.11369,9600.241
Hybridflowshop,CPLEX,CP,121,10,5,1,360,0.00681,400.049
Hybridflowshop,CPLEX,CP,122,10,10,1,1001,0.02754,800.029
Hybridflowshop,CPLEX,CP,123,10,15,1,843,0.11241,1200.034
Hybridflowshop,CPLEX,CP,124,10,20,1,1309,0.09735,1600.045
Hybridflowshop,CPLEX,CP,125,15,5,1,414,0,1.058
Hybridflowshop,CPLEX,CP,126,15,10,1,1042,0.06516,1600.068
Hybridflowshop,CPLEX,CP,127,15,15,1,1168,0.06017,2400.096
Hybridflowshop,CPLEX,CP,128,15,20,1,1692,0.13885,3200.095
Hybridflowshop,CPLEX,CP,129,20,5,1,513,0,13.92
Hybridflowshop,CPLEX,CP,130,20,10,1,796,0,91.385
Hybridflowshop,CPLEX,CP,131,20,15,1,1277,0.1119,3600.212
Hybridflowshop,CPLEX,CP,132,20,20,1,1284,0.17888,4800.116
Hybridflowshop,CPLEX,CP,133,25,5,1,704,0,47.887
Hybridflowshop,CPLEX,CP,134,25,10,1,995,0.00093,3200.064
Hybridflowshop,CPLEX,CP,135,25,15,1,1153,0.09557,4800.092
Hybridflowshop,CPLEX,CP,136,25,20,1,1371,0.13364,6400.151
Hybridflowshop,CPLEX,CP,137,30,5,1,661,0.0002,2000.062
Hybridflowshop,CPLEX,CP,138,30,10,1,972,0,13.027
Hybridflowshop,CPLEX,CP,139,30,15,1,1436,0.00681,6000.163
Hybridflowshop,CPLEX,CP,140,30,20,1,1499,0.12742,8000.207
Hybridflowshop,CPLEX,CP,141,35,5,1,895,0,2.985
Hybridflowshop,CPLEX,CP,142,35,10,1,1165,0.00221,4800.094
Hybridflowshop,CPLEX,CP,143,35,15,1,1337,0,343.114
Hybridflowshop,CPLEX,CP,144,35,20,1,1415,0.14647,9600.214
Hybridflowshop,CPLEX,CP,145,10,5,1,443,0.013,400.042
Hybridflowshop,CPLEX,CP,146,10,10,1,947,0.13529,800.037
Hybridflowshop,CPLEX,CP,147,10,15,1,912,0.08631,1200.044
Hybridflowshop,CPLEX,CP,148,10,20,1,1420,0.05083,1600.072
Hybridflowshop,CPLEX,CP,149,15,5,1,484,0,66.154
Hybridflowshop,CPLEX,CP,150,15,10,1,1020,0.04482,1600.08
Hybridflowshop,CPLEX,CP,151,15,15,1,1570,0.07197,2400.109
Hybridflowshop,CPLEX,CP,152,15,20,1,1731,0.13121,3200.153
Hybridflowshop,CPLEX,CP,153,20,5,1,678,0,9.627
Hybridflowshop,CPLEX,CP,154,20,10,1,771,0.00415,2400.129
Hybridflowshop,CPLEX,CP,155,20,15,1,1274,0.10093,3600.171
Hybridflowshop,CPLEX,CP,156,20,20,1,1632,0.14431,4800.137
Hybridflowshop,CPLEX,CP,157,25,5,1,692,0,3.041
Hybridflowshop,CPLEX,CP,158,25,10,1,879,0.00045,3200.083
Hybridflowshop,CPLEX,CP,159,25,15,1,1059,0.07643,4800.123
Hybridflowshop,CPLEX,CP,160,25,20,1,1680,0.10855,6400.189
Hybridflowshop,CPLEX,CP,161,30,5,1,575,0,2.402
Hybridflowshop,CPLEX,CP,162,30,10,1,977,0.00097,4000.105
Hybridflowshop,CPLEX,CP,163,30,15,1,1455,0.001,6000.148
Hybridflowshop,CPLEX,CP,164,30,20,1,1531,0.11011,8000.175
Hybridflowshop,CPLEX,CP,165,35,5,1,669,0,5.457
Hybridflowshop,CPLEX,CP,166,35,10,1,1015,0.00265,4800.119
Hybridflowshop,CPLEX,CP,167,35,15,1,1532,0.00065,7200.173
Hybridflowshop,CPLEX,CP,168,35,20,1,1592,0.13562,9600.223
Hybridflowshop,CPLEX,CP,169,10,5,1,436,0.0141,400.042
Hybridflowshop,CPLEX,CP,170,10,10,1,545,0.09643,800.036
Hybridflowshop,CPLEX,CP,171,10,15,1,770,0.10567,1200.047
Hybridflowshop,CPLEX,CP,172,10,20,1,1522,0.12844,1600.052
Hybridflowshop,CPLEX,CP,173,15,5,1,525,0,31.956
Hybridflowshop,CPLEX,CP,174,15,10,1,1011,0.06492,1600.06
Hybridflowshop,CPLEX,CP,175,15,15,1,943,0.09645,2400.094
Hybridflowshop,CPLEX,CP,176,15,20,1,1712,0.10831,3200.13
Hybridflowshop,CPLEX,CP,177,20,5,1,517,0,62.155
Hybridflowshop,CPLEX,CP,178,20,10,1,950,0.00097,2400.13
Hybridflowshop,CPLEX,CP,179,20,15,1,1261,0.08039,3600.171
Hybridflowshop,CPLEX,CP,180,20,20,1,1847,0.16842,4800.1
Hybridflowshop,CPLEX,CP,181,25,5,1,694,0,12.916
Hybridflowshop,CPLEX,CP,182,25,10,1,836,0,74.442
Hybridflowshop,CPLEX,CP,183,25,15,1,1110,0.1184,4800.136
Hybridflowshop,CPLEX,CP,184,25,20,1,1310,0.08763,6400.124
Hybridflowshop,CPLEX,CP,185,30,5,1,805,0,96.201
Hybridflowshop,CPLEX,CP,186,30,10,1,1010,0.00057,4000.106
Hybridflowshop,CPLEX,CP,187,30,15,1,1438,0.00332,6000.154
Hybridflowshop,CPLEX,CP,188,30,20,1,1823,0.12239,8000.189
Hybridflowshop,CPLEX,CP,189,35,5,1,716,0.00032,2400.07
Hybridflowshop,CPLEX,CP,190,35,10,1,991,0.00101,4800.102
Hybridflowshop,CPLEX,CP,191,35,15,1,1494,0,6497.308
Hybridflowshop,CPLEX,CP,192,35,20,1,1938,0.1038,9600.258
Hybridflowshop,CPLEX,CP,193,10,5,1,409,0.03169,400.049
Hybridflowshop,CPLEX,CP,194,10,10,1,516,0.11715,800.032
Hybridflowshop,CPLEX,CP,195,10,15,1,764,0.0969,1200.046
Hybridflowshop,CPLEX,CP,196,10,20,1,902,0.18696,1600.082
Hybridflowshop,CPLEX,CP,197,15,5,1,557,0,23.823
Hybridflowshop,CPLEX,CP,198,15,10,1,659,0.06016,1600.06
Hybridflowshop,CPLEX,CP,199,15,15,1,909,0.07632,2400.098
Hybridflowshop,CPLEX,CP,200,15,20,1,1003,0.12925,3200.102
Hybridflowshop,CPLEX,CP,201,20,5,1,681,0,7.607
Hybridflowshop,CPLEX,CP,202,20,10,1,953,0.00117,2400.12
Hybridflowshop,CPLEX,CP,203,20,15,1,1748,0.09262,3600.195
Hybridflowshop,CPLEX,CP,204,20,20,1,1302,0.08039,4800.103
Hybridflowshop,CPLEX,CP,205,25,5,1,668,0,0.854
Hybridflowshop,CPLEX,CP,206,25,10,1,1061,0.00022,3200.081
Hybridflowshop,CPLEX,CP,207,25,15,1,1148,0.10072,4800.107
Hybridflowshop,CPLEX,CP,208,25,20,1,1338,0.12985,6400.142
Hybridflowshop,CPLEX,CP,209,30,5,1,821,0,9.388
Hybridflowshop,CPLEX,CP,210,30,10,1,909,0.00082,4000.087
Hybridflowshop,CPLEX,CP,211,30,15,1,2019,0.01035,6000.154
Hybridflowshop,CPLEX,CP,212,30,20,1,2362,0.12158,8000.18
Hybridflowshop,CPLEX,CP,213,35,5,1,845,0,5.464
Hybridflowshop,CPLEX,CP,214,35,10,1,1143,0.00063,4800.13
Hybridflowshop,CPLEX,CP,215,35,15,1,2236,0,6535.112
Hybridflowshop,CPLEX,CP,216,35,20,1,1981,0.10635,9600.23
Hybridflowshop,CPLEX,CP,217,10,5,1,373,0.01399,400.036
Hybridflowshop,CPLEX,CP,218,10,10,1,684,0.08366,800.029
Hybridflowshop,CPLEX,CP,219,10,15,1,866,0.0664,1200.043
Hybridflowshop,CPLEX,CP,220,10,20,1,1099,0.19155,1600.066
Hybridflowshop,CPLEX,CP,221,15,5,1,443,0,69.368
Hybridflowshop,CPLEX,CP,222,15,10,1,736,0.03648,1600.064
Hybridflowshop,CPLEX,CP,223,15,15,1,876,0.06673,2400.119
Hybridflowshop,CPLEX,CP,224,15,20,1,1098,0.14187,3200.157
Hybridflowshop,CPLEX,CP,225,20,5,1,525,0,7.642
Hybridflowshop,CPLEX,CP,226,20,10,1,866,0.07591,2400.103
Hybridflowshop,CPLEX,CP,227,20,15,1,967,0.14732,3600.151
Hybridflowshop,CPLEX,CP,228,20,20,1,1202,0.12871,4800.148
Hybridflowshop,CPLEX,CP,229,25,5,1,646,0,3.724
Hybridflowshop,CPLEX,CP,230,25,10,1,919,0.00117,3200.087
Hybridflowshop,CPLEX,CP,231,25,15,1,1165,0.10706,4800.145
Hybridflowshop,CPLEX,CP,232,25,20,1,1228,0.1202,6400.162
Hybridflowshop,CPLEX,CP,233,30,5,1,762,0,20.376
Hybridflowshop,CPLEX,CP,234,30,10,1,1098,0,118.691
Hybridflowshop,CPLEX,CP,235,30,15,1,1258,0.08451,6000.146
Hybridflowshop,CPLEX,CP,236,30,20,1,2391,0.08847,8000.214
Hybridflowshop,CPLEX,CP,237,35,5,1,948,0.00031,2400.056
Hybridflowshop,CPLEX,CP,238,35,10,1,2115,0,3.788
Hybridflowshop,CPLEX,CP,239,35,15,1,1312,0.00235,7200.241
Hybridflowshop,CPLEX,CP,240,35,20,1,1834,0.12979,9600.283
